shipment_id,order_date,planned_delivery_date,actual_delivery_date,customer_id,material_id,carrier_id,route_id,quantity,weight_kg,status,delay_reason
SHP-000001,2026-07-01,2026-07-02,2026-07-07,CUS-033,MAT-028,CAR-006,RTE-004,1249,811.85,Delayed,Wetter
SHP-000002,2026-01-09,2026-01-10,2026-01-10,CUS-031,MAT-057,CAR-002,RTE-014,412,1977.60,Delivered,
SHP-000003,2026-06-06,2026-06-08,2026-06-08,CUS-008,MAT-011,CAR-001,RTE-013,75,540.00,Delivered,
SHP-000004,2026-06-14,2026-06-15,2026-06-18,CUS-050,MAT-076,CAR-005,RTE-021,30,1140.00,Delayed,Wetter
SHP-000005,2025-08-29,2025-09-01,2025-09-01,CUS-050,MAT-062,CAR-005,RTE-015,12,1020.00,Delivered,
SHP-000006,2025-09-06,2025-09-08,2025-09-08,CUS-033,MAT-064,CAR-009,RTE-026,47,178.60,Delivered,
SHP-000007,2025-07-29,2025-07-31,2025-07-31,CUS-001,MAT-009,CAR-007,RTE-019,135,256.50,Delivered,
SHP-000008,2025-09-18,2025-09-19,2025-09-18,CUS-015,MAT-029,CAR-015,RTE-040,323,58.14,Delivered,
SHP-000009,2026-08-28,2026-08-31,2026-08-30,CUS-006,MAT-014,CAR-003,RTE-013,72,892.80,Delivered,
SHP-000010,2025-07-16,2025-08-11,,CUS-036,MAT-076,CAR-012,RTE-036,64,2432.00,Cancelled,
SHP-000011,2026-06-19,2026-06-24,2026-06-28,CUS-036,MAT-075,CAR-013,RTE-035,87,27.84,Delayed,Zoll
SHP-000012,2025-01-17,2025-01-22,2025-01-22,CUS-027,MAT-053,CAR-011,RTE-035,473,245.96,Delivered,
SHP-000013,2026-08-18,2026-08-19,2026-08-19,CUS-013,MAT-023,CAR-007,RTE-016,297,44.55,Delivered,
SHP-000014,2025-09-18,2025-09-22,2025-09-22,CUS-015,MAT-034,CAR-015,RTE-038,1370,27.40,Delivered,
SHP-000015,2026-03-18,2026-03-20,2026-03-25,CUS-013,MAT-019,CAR-009,RTE-026,66,18.48,Delayed,Wetter
SHP-000016,2025-06-15,2025-06-17,2025-06-22,CUS-013,MAT-027,CAR-005,RTE-019,873,192.06,Delayed,Zoll
SHP-000017,2025-09-20,2025-09-22,2025-09-22,CUS-022,MAT-038,CAR-001,RTE-021,433,268.46,Delivered,
SHP-000018,2026-06-14,2026-06-16,2026-06-16,CUS-022,MAT-045,CAR-004,RTE-003,74,8.88,Delivered,
SHP-000019,2026-06-15,2026-06-16,2026-06-16,CUS-050,MAT-066,CAR-004,RTE-016,27,175.50,Delivered,
SHP-000020,2025-12-20,2026-01-24,2026-01-25,CUS-040,MAT-072,CAR-013,RTE-036,68,30.60,Delivered,Sonstiges
SHP-000021,2025-11-22,2025-11-25,2025-11-25,CUS-038,MAT-052,CAR-009,RTE-025,59,94.40,Delivered,
SHP-000022,2025-09-30,2025-10-02,2025-10-02,CUS-006,MAT-008,CAR-005,RTE-002,152,547.20,Delivered,
SHP-000023,2025-07-30,2025-07-31,2025-07-31,CUS-036,MAT-071,CAR-003,RTE-021,7,175.00,Delivered,
SHP-000024,2026-06-24,2026-06-25,2026-06-25,CUS-004,MAT-009,CAR-007,RTE-012,80,152.00,Delivered,
SHP-000025,2025-07-20,2025-07-21,2025-07-22,CUS-031,MAT-057,CAR-007,RTE-022,77,369.60,Delivered,Wetter
SHP-000026,2026-02-04,2026-02-07,2026-02-07,CUS-038,MAT-068,CAR-009,RTE-028,70,1064.00,Delivered,
SHP-000027,2026-02-05,2026-02-07,2026-02-07,CUS-005,MAT-009,CAR-006,RTE-011,49,93.10,Delivered,
SHP-000028,2025-04-15,2025-04-16,2025-04-16,CUS-001,MAT-063,CAR-005,RTE-012,11,1.32,Delivered,
SHP-000029,2026-04-29,2026-06-06,2026-06-06,CUS-043,MAT-065,CAR-011,RTE-036,58,1624.00,Delivered,
SHP-000030,2026-07-19,2026-07-21,2026-07-21,CUS-013,MAT-026,CAR-014,RTE-037,1411,56.44,Delivered,
SHP-000031,2026-07-16,2026-08-14,2026-08-14,CUS-041,MAT-060,CAR-011,RTE-032,45,828.00,Delivered,
SHP-000032,2025-11-23,2025-12-27,2025-12-30,CUS-034,MAT-067,CAR-012,RTE-033,18,990.00,Delayed,Kapazität
SHP-000033,2026-03-30,2026-03-31,2026-03-31,CUS-009,MAT-009,CAR-004,RTE-020,119,226.10,Delivered,
SHP-000034,2026-07-28,2026-07-30,2026-07-30,CUS-029,MAT-050,CAR-006,RTE-018,367,102.76,Delivered,
SHP-000035,2025-11-22,2025-12-26,2025-12-26,CUS-047,MAT-080,CAR-013,RTE-036,58,730.80,Delivered,
SHP-000036,2025-07-21,2025-07-24,2025-07-24,CUS-010,MAT-013,CAR-010,RTE-025,85,433.50,Delivered,
SHP-000037,2026-08-08,2026-08-10,2026-08-10,CUS-034,MAT-073,CAR-010,RTE-030,3,285.00,Delivered,
SHP-000038,2025-04-15,2025-04-17,2025-04-17,CUS-005,MAT-008,CAR-010,RTE-026,70,252.00,Delivered,
SHP-000039,2025-06-15,2025-06-17,,CUS-023,MAT-055,CAR-004,RTE-013,376,3496.80,Cancelled,
SHP-000040,2026-08-07,2026-09-08,2026-09-08,CUS-038,MAT-062,CAR-011,RTE-032,15,1275.00,Delivered,
SHP-000041,2026-08-03,2026-08-05,2026-08-05,CUS-023,MAT-058,CAR-005,RTE-018,337,185.35,Delivered,
SHP-000042,2026-04-12,2026-05-04,2026-05-04,CUS-046,MAT-064,CAR-012,RTE-034,41,155.80,Delivered,
SHP-000043,2025-03-01,2025-03-03,2025-03-07,CUS-015,MAT-044,CAR-008,RTE-011,142,11.36,Delayed,Wetter
SHP-000044,2026-04-23,2026-04-25,2026-04-25,CUS-021,MAT-050,CAR-003,RTE-014,34,9.52,Delivered,
SHP-000045,2026-04-03,2026-04-24,2026-04-24,CUS-001,MAT-013,CAR-012,RTE-034,237,1208.70,Delivered,
SHP-000046,2026-08-20,2026-08-22,2026-08-21,CUS-001,MAT-013,CAR-010,RTE-030,240,1224.00,Delivered,
SHP-000047,2025-05-26,2025-05-28,2025-05-28,CUS-033,MAT-073,CAR-003,RTE-009,11,1045.00,Delivered,
SHP-000048,2026-08-04,2026-08-05,2026-08-05,CUS-043,MAT-061,CAR-001,RTE-018,3,126.00,Delivered,
SHP-000049,2026-02-24,2026-02-26,2026-02-26,CUS-049,MAT-059,CAR-009,RTE-026,4,5000.00,Delivered,
SHP-000050,2025-03-20,2025-03-21,2025-03-21,CUS-031,MAT-040,CAR-008,RTE-006,499,573.85,Delivered,
SHP-000051,2026-03-12,2026-03-13,2026-03-13,CUS-021,MAT-039,CAR-002,RTE-021,459,358.02,Delivered,
SHP-000052,2025-08-14,2025-08-16,2025-08-16,CUS-029,MAT-072,CAR-004,RTE-003,68,30.60,Delivered,
SHP-000053,2025-07-02,2025-07-03,2025-07-03,CUS-043,MAT-072,CAR-008,RTE-017,67,30.15,Delivered,
SHP-000054,2025-10-27,2025-10-29,2025-10-31,CUS-016,MAT-023,CAR-002,RTE-015,1408,211.20,Delivered,Kapazität
SHP-000055,2025-07-05,2025-07-07,2025-07-11,CUS-025,MAT-045,CAR-006,RTE-020,288,34.56,Delayed,Kapazität
SHP-000056,2025-01-15,2025-01-16,2025-01-16,CUS-028,MAT-052,CAR-004,RTE-016,137,219.20,Delivered,
SHP-000057,2026-03-15,2026-03-17,2026-03-18,CUS-019,MAT-032,CAR-003,RTE-018,667,33.35,Delivered,Wetter
SHP-000058,2026-01-09,2026-01-10,2026-01-12,CUS-038,MAT-064,CAR-002,RTE-016,82,311.60,Delivered,Wetter
SHP-000059,2026-03-12,2026-03-13,2026-03-13,CUS-019,MAT-025,CAR-004,RTE-002,1346,1413.30,Delivered,
SHP-000060,2026-06-14,2026-06-15,2026-06-15,CUS-029,MAT-051,CAR-002,RTE-002,444,1376.40,Delivered,
SHP-000061,2025-03-27,2025-04-02,2025-04-02,CUS-036,MAT-077,CAR-013,RTE-031,83,39.84,Delivered,
SHP-000062,2026-01-27,2026-01-30,2026-01-30,CUS-020,MAT-030,CAR-014,RTE-040,1555,139.95,Delivered,
SHP-000063,2025-10-19,2025-10-23,2025-10-23,CUS-014,MAT-006,CAR-009,RTE-025,82,98.40,Delivered,
SHP-000064,2026-05-12,2026-06-08,2026-06-08,CUS-043,MAT-009,CAR-012,RTE-036,116,220.40,Delivered,
SHP-000065,2026-05-24,2026-05-26,2026-05-26,CUS-015,MAT-022,CAR-005,RTE-010,939,65.73,Delivered,
SHP-000066,2025-10-08,2025-10-09,2025-10-09,CUS-049,MAT-074,CAR-001,RTE-020,83,70.55,Delivered,
SHP-000067,2026-04-19,2026-04-20,2026-04-20,CUS-043,MAT-059,CAR-015,RTE-039,4,5000.00,Delivered,
SHP-000068,2025-08-09,2025-08-12,2025-08-12,CUS-050,MAT-074,CAR-014,RTE-040,19,16.15,Delivered,
SHP-000069,2025-03-25,2025-03-27,2025-03-31,CUS-015,MAT-022,CAR-002,RTE-011,1093,76.51,Delayed,Kapazität
SHP-000070,2026-04-17,2026-04-18,2026-04-18,CUS-022,MAT-048,CAR-005,RTE-016,160,288.00,Delivered,
SHP-000071,2025-07-27,2025-07-29,2025-07-29,CUS-036,MAT-079,CAR-010,RTE-026,5,1050.00,Delivered,
SHP-000072,2025-07-04,2025-07-07,2025-07-07,CUS-006,MAT-005,CAR-004,RTE-010,128,691.20,Delivered,
SHP-000073,2026-06-10,2026-07-09,2026-07-16,CUS-047,MAT-063,CAR-013,RTE-033,70,8.40,Delayed,Kapazität
SHP-000074,2025-08-17,2025-08-20,2025-08-20,CUS-029,MAT-052,CAR-010,RTE-030,257,411.20,Delivered,
SHP-000075,2026-05-16,2026-05-18,2026-05-18,CUS-013,MAT-034,CAR-006,RTE-016,1399,27.98,Delivered,
SHP-000076,2025-10-13,2025-10-15,,CUS-050,MAT-077,CAR-007,RTE-004,64,30.72,Cancelled,
SHP-000077,2026-03-10,2026-03-12,2026-03-12,CUS-008,MAT-005,CAR-003,RTE-009,28,151.20,Delivered,
SHP-000078,2025-06-10,2025-06-13,2025-06-13,CUS-020,MAT-036,CAR-015,RTE-037,628,238.64,Delivered,
SHP-000079,2025-02-05,2025-02-06,2025-02-06,CUS-005,MAT-004,CAR-008,RTE-010,83,257.30,Delivered,
SHP-000080,2025-09-08,2025-09-10,2025-09-10,CUS-022,MAT-042,CAR-005,RTE-003,147,617.40,Delivered,
SHP-000081,2026-03-01,2026-03-02,2026-03-02,CUS-033,MAT-080,CAR-008,RTE-015,15,189.00,Delivered,
SHP-000082,2025-09-10,2025-09-12,2025-09-12,CUS-033,MAT-067,CAR-002,RTE-010,4,220.00,Delivered,
SHP-000083,2026-03-06,2026-03-07,2026-03-07,CUS-050,MAT-080,CAR-005,RTE-001,12,151.20,Delivered,
SHP-000084,2025-05-12,2025-05-15,2025-05-16,CUS-046,MAT-066,CAR-009,RTE-028,90,585.00,Delivered,Wetter
SHP-000085,2025-08-05,2025-08-07,2025-08-07,CUS-016,MAT-032,CAR-015,RTE-037,399,19.95,Delivered,
SHP-000086,2026-07-30,2026-08-01,2026-08-01,CUS-019,MAT-029,CAR-015,RTE-039,1568,282.24,Delivered,
SHP-000087,2025-09-17,2025-10-24,2025-10-30,CUS-004,MAT-008,CAR-013,RTE-036,213,766.80,Delayed,Zoll
SHP-000088,2026-05-23,2026-05-25,2026-05-25,CUS-027,MAT-058,CAR-005,RTE-009,79,43.45,Delivered,
SHP-000089,2025-10-27,2025-10-29,2025-10-30,CUS-049,MAT-078,CAR-005,RTE-003,10,1850.00,Delivered,Wetter
SHP-000090,2025-10-21,2025-10-23,2025-10-23,CUS-015,MAT-024,CAR-001,RTE-018,1561,187.32,Delivered,
SHP-000091,2026-07-27,2026-07-28,2026-07-28,CUS-037,MAT-079,CAR-005,RTE-016,1,210.00,Delivered,
SHP-000092,2025-09-18,2025-09-19,2025-09-18,CUS-013,MAT-032,CAR-003,RTE-021,290,14.50,Delivered,
SHP-000093,2025-04-01,2025-04-03,2025-04-03,CUS-011,MAT-001,CAR-002,RTE-011,60,510.00,Delivered,
SHP-000094,2026-08-22,2026-08-25,2026-08-25,CUS-011,MAT-011,CAR-009,RTE-023,146,1051.20,Delivered,
SHP-000095,2026-04-07,2026-04-09,2026-04-09,CUS-001,MAT-031,CAR-001,RTE-009,272,57.12,Delivered,
SHP-000096,2026-04-30,2026-05-01,2026-04-30,CUS-026,MAT-053,CAR-001,RTE-020,290,150.80,Delivered,
SHP-000097,2025-10-15,2025-10-28,2025-11-07,CUS-050,MAT-072,CAR-013,RTE-034,47,21.15,Delayed,Zoll
SHP-000098,2025-10-07,2025-10-09,2025-10-09,CUS-036,MAT-078,CAR-009,RTE-030,18,3330.00,Delivered,
SHP-000099,2025-07-28,2025-07-30,2025-07-30,CUS-012,MAT-015,CAR-003,RTE-004,103,1215.40,Delivered,
SHP-000100,2025-12-20,2025-12-23,2025-12-23,CUS-005,MAT-040,CAR-010,RTE-028,367,422.05,Delivered,
SHP-000101,2026-01-02,2026-01-03,2026-01-02,CUS-038,MAT-060,CAR-014,RTE-039,25,460.00,Delivered,
SHP-000102,2026-08-16,2026-08-18,2026-08-18,CUS-043,MAT-067,CAR-010,RTE-029,9,495.00,Delivered,
SHP-000103,2025-02-22,2025-02-25,2025-03-03,CUS-047,MAT-064,CAR-012,RTE-035,17,64.60,Delayed,Wetter
SHP-000104,2025-04-20,2025-04-23,2025-04-23,CUS-008,MAT-011,CAR-010,RTE-024,180,1296.00,Delivered,
SHP-000105,2025-03-22,2025-03-24,2025-03-24,CUS-031,MAT-043,CAR-003,RTE-004,371,315.35,Delivered,
SHP-000106,2026-04-21,2026-04-23,2026-04-25,CUS-011,MAT-002,CAR-008,RTE-010,82,508.40,Delivered,Kapazität
SHP-000107,2025-02-23,2025-02-24,2025-02-23,CUS-006,MAT-008,CAR-007,RTE-022,18,64.80,Delivered,
SHP-000108,2025-09-22,2025-09-24,2025-09-24,CUS-016,MAT-033,CAR-014,RTE-040,391,11.73,Delivered,
SHP-000109,2025-09-16,2025-09-18,2025-09-18,CUS-047,MAT-008,CAR-004,RTE-013,198,712.80,Delivered,
SHP-000110,2026-08-07,2026-08-08,2026-08-10,CUS-026,MAT-053,CAR-003,RTE-012,441,229.32,Delivered,Wetter
SHP-000111,2026-04-14,2026-04-15,2026-04-15,CUS-031,MAT-057,CAR-004,RTE-021,253,1214.40,Delivered,
SHP-000112,2025-10-14,2025-10-16,2025-10-15,CUS-050,MAT-079,CAR-001,RTE-015,3,630.00,Delivered,
SHP-000113,2025-11-21,2025-11-24,2025-11-24,CUS-023,MAT-030,CAR-005,RTE-003,1228,110.52,Delivered,
SHP-000114,2025-04-17,2025-04-18,2025-04-18,CUS-022,MAT-057,CAR-004,RTE-020,254,1219.20,Delivered,
SHP-000115,2025-12-01,2025-12-03,2025-12-03,CUS-036,MAT-064,CAR-008,RTE-015,26,98.80,Delivered,
SHP-000116,2025-08-07,2025-09-08,2025-09-08,CUS-040,MAT-060,CAR-012,RTE-036,55,1012.00,Delivered,
SHP-000117,2025-08-19,2025-08-20,2025-08-20,CUS-046,MAT-069,CAR-001,RTE-022,90,1980.00,Delivered,
SHP-000118,2025-10-03,2025-10-06,2025-10-06,CUS-016,MAT-031,CAR-015,RTE-037,77,16.17,Delivered,
SHP-000119,2026-06-04,2026-06-05,2026-06-05,CUS-049,MAT-066,CAR-014,RTE-038,70,455.00,Delivered,
SHP-000120,2025-05-06,2025-05-08,2025-05-08,CUS-001,MAT-020,CAR-001,RTE-013,205,1824.50,Delivered,
SHP-000121,2026-05-01,2026-05-02,2026-05-02,CUS-002,MAT-008,CAR-015,RTE-039,144,518.40,Delivered,
SHP-000122,2025-07-09,2025-07-28,2025-07-28,CUS-046,MAT-080,CAR-012,RTE-034,70,882.00,Delivered,
SHP-000123,2025-12-19,2025-12-20,2025-12-20,CUS-041,MAT-067,CAR-007,RTE-016,17,935.00,Delivered,
SHP-000124,2025-06-02,2025-06-04,2025-06-04,CUS-015,MAT-025,CAR-015,RTE-037,755,792.75,Delivered,
SHP-000125,2025-03-14,2025-03-15,2025-03-14,CUS-020,MAT-023,CAR-003,RTE-001,1371,205.65,Delivered,
SHP-000126,2025-01-05,2025-01-18,2025-01-18,CUS-047,MAT-063,CAR-012,RTE-034,8,0.96,Delivered,
SHP-000127,2025-02-06,2025-03-08,2025-03-08,CUS-037,MAT-062,CAR-011,RTE-032,15,1275.00,Delivered,
SHP-000128,2025-01-02,2025-01-04,2025-01-04,CUS-027,MAT-055,CAR-002,RTE-005,147,1367.10,Delivered,
SHP-000129,2025-09-13,2025-09-15,2025-09-15,CUS-026,MAT-053,CAR-004,RTE-017,46,23.92,Delivered,
SHP-000130,2026-04-24,2026-04-25,2026-04-28,CUS-001,MAT-012,CAR-005,RTE-022,201,1366.80,Delayed,Zoll
SHP-000131,2026-04-26,2026-04-30,2026-05-01,CUS-043,MAT-074,CAR-009,RTE-025,10,8.50,Delivered,Wetter
SHP-000132,2026-04-13,2026-04-14,2026-04-14,CUS-016,MAT-033,CAR-014,RTE-040,625,18.75,Delivered,
SHP-000133,2026-07-02,2026-07-04,2026-07-04,CUS-016,MAT-032,CAR-006,RTE-013,734,36.70,Delivered,
SHP-000134,2026-08-28,2026-09-01,2026-09-07,CUS-047,MAT-061,CAR-012,RTE-031,18,756.00,Delayed,Zoll
SHP-000135,2025-02-03,2025-02-05,2025-02-05,CUS-015,MAT-034,CAR-003,RTE-015,1299,25.98,Delivered,
SHP-000136,2025-01-25,2025-01-27,2025-01-30,CUS-049,MAT-049,CAR-002,RTE-022,371,166.95,Delayed,Wetter
SHP-000137,2025-09-02,2025-09-04,2025-09-04,CUS-019,MAT-022,CAR-010,RTE-030,1215,85.05,Delivered,
SHP-000138,2026-07-13,2026-07-14,2026-07-14,CUS-015,MAT-021,CAR-014,RTE-040,576,46.08,Delivered,
SHP-000139,2025-10-20,2025-10-22,2025-10-22,CUS-031,MAT-052,CAR-007,RTE-005,251,401.60,Delivered,
SHP-000140,2026-06-08,2026-06-10,2026-06-12,CUS-050,MAT-061,CAR-010,RTE-027,12,504.00,Delivered,Wetter
SHP-000141,2026-08-21,2026-08-24,2026-08-29,CUS-013,MAT-032,CAR-009,RTE-028,1293,64.65,Delayed,Zoll
SHP-000142,2025-10-19,2025-10-21,2025-10-21,CUS-027,MAT-055,CAR-005,RTE-011,288,2678.40,Delivered,
SHP-000143,2025-11-28,2025-12-01,2025-12-01,CUS-033,MAT-063,CAR-007,RTE-002,27,3.24,Delivered,
SHP-000144,2026-08-06,2026-09-03,2026-09-02,CUS-049,MAT-068,CAR-011,RTE-033,22,334.40,Delivered,
SHP-000145,2026-07-07,2026-07-08,2026-07-07,CUS-033,MAT-077,CAR-005,RTE-022,78,37.44,Delivered,
SHP-000146,2025-01-25,2025-01-28,2025-01-28,CUS-049,MAT-067,CAR-010,RTE-029,10,550.00,Delivered,
SHP-000147,2025-08-14,2025-08-15,2025-08-15,CUS-015,MAT-006,CAR-004,RTE-016,88,105.60,Delivered,
SHP-000148,2025-10-28,2025-10-30,2025-10-30,CUS-017,MAT-032,CAR-003,RTE-004,960,48.00,Delivered,
SHP-000149,2026-07-24,2026-07-27,2026-07-27,CUS-021,MAT-044,CAR-015,RTE-038,184,14.72,Delivered,
SHP-000150,2026-08-12,2026-08-13,2026-08-18,CUS-023,MAT-052,CAR-004,RTE-013,322,515.20,Delayed,Zoll
SHP-000151,2026-04-19,2026-04-21,2026-04-21,CUS-015,MAT-014,CAR-006,RTE-009,19,235.60,Delivered,
SHP-000152,2026-01-28,2026-01-30,2026-02-02,CUS-028,MAT-073,CAR-007,RTE-009,4,380.00,Delayed,Wetter
SHP-000153,2025-02-01,2025-02-03,2025-02-03,CUS-029,MAT-041,CAR-003,RTE-017,94,89.30,Delivered,
SHP-000154,2025-09-15,2025-09-16,2025-09-16,CUS-008,MAT-005,CAR-003,RTE-020,197,1063.80,Delivered,
SHP-000155,2026-02-27,2026-02-28,2026-02-28,CUS-026,MAT-055,CAR-003,RTE-001,322,2994.60,Delivered,
SHP-000156,2026-01-05,2026-01-06,2026-01-06,CUS-032,MAT-045,CAR-015,RTE-038,292,35.04,Delivered,
SHP-000157,2025-10-13,2025-10-15,2025-10-15,CUS-008,MAT-002,CAR-002,RTE-004,46,285.20,Delivered,
SHP-000158,2025-08-04,2025-08-05,2025-08-05,CUS-031,MAT-038,CAR-002,RTE-017,268,166.16,Delivered,
SHP-000159,2025-05-14,2025-05-16,2025-05-16,CUS-046,MAT-070,CAR-010,RTE-027,41,688.80,Delivered,
SHP-000160,2025-08-19,2025-09-04,2025-09-04,CUS-015,MAT-027,CAR-011,RTE-034,629,138.38,Delivered,
SHP-000161,2025-02-28,2025-03-03,2025-03-03,CUS-050,MAT-063,CAR-008,RTE-010,89,10.68,Delivered,
SHP-000162,2025-06-12,2025-06-13,2025-06-13,CUS-027,MAT-045,CAR-006,RTE-020,366,43.92,Delivered,
SHP-000163,2025-12-17,2025-12-18,2025-12-18,CUS-005,MAT-016,CAR-001,RTE-005,112,1064.00,Delivered,
SHP-000164,2026-04-22,2026-04-23,2026-04-23,CUS-033,MAT-068,CAR-001,RTE-021,79,1200.80,Delivered,
SHP-000165,2025-01-29,2025-03-07,2025-03-14,CUS-001,MAT-014,CAR-013,RTE-032,109,1351.60,Delayed,Kapazität
SHP-000166,2026-08-21,2026-08-22,2026-08-22,CUS-047,MAT-059,CAR-001,RTE-020,4,5000.00,Delivered,
SHP-000167,2026-04-01,2026-04-03,2026-04-07,CUS-048,MAT-073,CAR-003,RTE-004,9,855.00,Delayed,Zoll
SHP-000168,2026-05-25,2026-05-26,2026-05-26,CUS-029,MAT-042,CAR-008,RTE-021,191,802.20,Delivered,
SHP-000169,2026-04-13,2026-04-15,2026-04-15,CUS-007,MAT-008,CAR-002,RTE-013,85,306.00,Delivered,
SHP-000170,2025-11-19,2025-11-21,2025-11-21,CUS-019,MAT-024,CAR-003,RTE-006,676,81.12,Delivered,
SHP-000171,2026-01-18,2026-01-20,2026-01-20,CUS-019,MAT-025,CAR-006,RTE-015,1477,1550.85,Delivered,
SHP-000172,2025-03-02,2025-03-08,2025-03-10,CUS-034,MAT-066,CAR-013,RTE-035,73,474.50,Delivered,Zoll
SHP-000173,2026-06-10,2026-06-15,2026-06-15,CUS-043,MAT-065,CAR-009,RTE-025,20,560.00,Delivered,
SHP-000174,2025-12-25,2025-12-26,2025-12-25,CUS-046,MAT-060,CAR-003,RTE-017,65,1196.00,Delivered,
SHP-000175,2025-02-18,2025-02-19,2025-02-18,CUS-014,MAT-019,CAR-003,RTE-014,236,66.08,Delivered,
SHP-000176,2026-07-01,2026-07-03,2026-07-02,CUS-021,MAT-057,CAR-014,RTE-040,469,2251.20,Delivered,
SHP-000177,2026-08-27,2026-08-31,2026-08-31,CUS-050,MAT-063,CAR-009,RTE-028,73,8.76,Delivered,
SHP-000178,2026-05-23,2026-05-25,2026-05-25,CUS-039,MAT-073,CAR-010,RTE-029,15,1425.00,Delivered,
SHP-000179,2025-02-20,2025-02-21,2025-02-21,CUS-037,MAT-080,CAR-002,RTE-001,10,126.00,Delivered,
SHP-000180,2026-08-27,2026-08-28,2026-08-28,CUS-013,MAT-044,CAR-001,RTE-002,441,35.28,Delivered,
SHP-000181,2025-11-30,2025-12-02,2025-12-02,CUS-040,MAT-066,CAR-008,RTE-005,44,286.00,Delivered,
SHP-000182,2025-08-16,2025-08-18,2025-08-18,CUS-037,MAT-080,CAR-001,RTE-016,54,680.40,Delivered,
SHP-000183,2026-03-18,2026-03-19,2026-03-19,CUS-008,MAT-018,CAR-003,RTE-008,22,9.24,Delivered,
SHP-000184,2026-06-06,2026-06-08,2026-06-13,CUS-007,MAT-007,CAR-008,RTE-003,145,406.00,Delayed,Wetter
SHP-000185,2026-06-18,2026-06-22,2026-06-23,CUS-031,MAT-043,CAR-009,RTE-026,179,152.15,Delivered,Sonstiges
SHP-000186,2026-07-14,2026-08-15,2026-08-15,CUS-038,MAT-066,CAR-011,RTE-036,47,305.50,Delivered,
SHP-000187,2025-08-01,2025-08-02,2025-08-04,CUS-019,MAT-036,CAR-006,RTE-016,799,303.62,Delivered,Sonstiges
SHP-000188,2025-05-16,2025-05-17,2025-05-17,CUS-001,MAT-019,CAR-002,RTE-014,105,29.40,Delivered,
SHP-000189,2026-04-01,2026-04-03,2026-04-03,CUS-049,MAT-074,CAR-014,RTE-040,27,22.95,Delivered,
SHP-000190,2026-02-23,2026-02-26,2026-02-25,CUS-045,MAT-060,CAR-010,RTE-024,58,1067.20,Delivered,
SHP-000191,2026-07-24,2026-07-25,2026-07-27,CUS-008,MAT-015,CAR-005,RTE-020,176,2076.80,Delivered,Zoll
SHP-000192,2026-03-12,2026-03-14,2026-03-14,CUS-001,MAT-018,CAR-014,RTE-037,214,89.88,Delivered,
SHP-000193,2025-09-17,2025-09-18,2025-09-18,CUS-026,MAT-056,CAR-002,RTE-012,515,7467.50,Delivered,
SHP-000194,2025-09-06,2025-09-10,2025-09-09,CUS-012,MAT-003,CAR-009,RTE-023,22,105.60,Delivered,
SHP-000195,2026-07-16,2026-07-20,2026-07-20,CUS-043,MAT-069,CAR-010,RTE-024,33,726.00,Delivered,
SHP-000196,2026-06-07,2026-06-08,2026-06-08,CUS-015,MAT-029,CAR-014,RTE-037,464,83.52,Delivered,
SHP-000197,2025-12-11,2025-12-13,2025-12-13,CUS-021,MAT-019,CAR-006,RTE-013,201,56.28,Delivered,
SHP-000198,2025-02-26,2025-02-28,2025-02-28,CUS-004,MAT-012,CAR-002,RTE-014,204,1387.20,Delivered,
SHP-000199,2025-09-04,2025-09-05,2025-09-05,CUS-016,MAT-035,CAR-004,RTE-012,1432,787.60,Delivered,
SHP-000200,2026-05-01,2026-05-02,2026-05-01,CUS-015,MAT-023,CAR-003,RTE-005,1554,233.10,Delivered,
SHP-000201,2025-10-18,2025-10-20,2025-10-22,CUS-049,MAT-067,CAR-002,RTE-003,17,935.00,Delivered,Zoll
SHP-000202,2025-03-04,2025-03-06,2025-03-06,CUS-030,MAT-049,CAR-003,RTE-014,487,219.15,Delivered,
SHP-000203,2025-04-28,2025-04-29,2025-04-29,CUS-036,MAT-067,CAR-001,RTE-016,14,770.00,Delivered,
SHP-000204,2025-04-07,2025-04-09,2025-04-09,CUS-049,MAT-074,CAR-009,RTE-026,56,47.60,Delivered,
SHP-000205,2025-05-19,2025-05-20,2025-05-20,CUS-016,MAT-025,CAR-008,RTE-020,403,423.15,Delivered,
SHP-000206,2026-05-19,2026-06-18,2026-06-18,CUS-036,MAT-077,CAR-012,RTE-033,52,24.96,Delivered,
SHP-000207,2025-05-25,2025-05-27,2025-05-27,CUS-028,MAT-054,CAR-008,RTE-015,449,44.90,Delivered,
SHP-000208,2026-03-22,2026-03-24,2026-03-24,CUS-021,MAT-057,CAR-005,RTE-009,61,292.80,Delivered,
SHP-000209,2026-05-17,2026-05-18,2026-05-21,CUS-027,MAT-050,CAR-006,RTE-012,350,98.00,Delayed,Wetter
SHP-000210,2025-08-08,2025-08-11,,CUS-008,MAT-019,CAR-015,RTE-040,35,9.80,Cancelled,
SHP-000211,2026-03-02,2026-03-04,2026-03-04,CUS-014,MAT-028,CAR-004,RTE-013,1064,691.60,Delivered,
SHP-000212,2025-08-15,2025-08-16,2025-08-16,CUS-015,MAT-023,CAR-003,RTE-005,1107,166.05,Delivered,
SHP-000213,2025-08-15,2025-08-16,2025-08-16,CUS-036,MAT-068,CAR-001,RTE-004,27,410.40,Delivered,
SHP-000214,2026-02-01,2026-02-27,2026-02-27,CUS-028,MAT-050,CAR-013,RTE-032,351,98.28,Delivered,
SHP-000215,2026-04-13,2026-04-15,2026-04-15,CUS-045,MAT-072,CAR-002,RTE-007,79,35.55,Delivered,
SHP-000216,2026-02-07,2026-02-28,2026-02-28,CUS-016,MAT-029,CAR-012,RTE-034,835,150.30,Delivered,
SHP-000217,2026-01-09,2026-02-12,2026-02-18,CUS-043,MAT-080,CAR-013,RTE-033,23,289.80,Delayed,Wetter
SHP-000218,2025-11-09,2025-11-11,2025-11-11,CUS-036,MAT-072,CAR-009,RTE-029,77,34.65,Delivered,
SHP-000219,2026-05-18,2026-06-08,2026-06-08,CUS-043,MAT-070,CAR-011,RTE-034,70,1176.00,Delivered,
SHP-000220,2025-06-01,2025-06-02,2025-06-02,CUS-036,MAT-064,CAR-007,RTE-001,41,155.80,Delivered,
SHP-000221,2025-06-30,2025-07-02,2025-07-02,CUS-029,MAT-052,CAR-005,RTE-004,445,712.00,Delivered,
SHP-000222,2026-02-15,2026-02-16,2026-02-17,CUS-039,MAT-065,CAR-015,RTE-037,44,1232.00,Delivered,Wetter
SHP-000223,2026-06-13,2026-06-15,2026-06-15,CUS-022,MAT-044,CAR-006,RTE-019,347,27.76,Delivered,
SHP-000224,2025-04-28,2025-04-30,2025-04-30,CUS-042,MAT-077,CAR-005,RTE-009,43,20.64,Delivered,
SHP-000225,2026-08-26,2026-08-28,2026-08-31,CUS-050,MAT-062,CAR-008,RTE-014,5,425.00,Delayed,Wetter
SHP-000226,2025-07-01,2025-07-03,2025-07-03,CUS-043,MAT-080,CAR-005,RTE-005,54,680.40,Delivered,
SHP-000227,2025-11-10,2025-11-12,2025-11-12,CUS-005,MAT-009,CAR-009,RTE-028,230,437.00,Delivered,
SHP-000228,2025-10-07,2025-10-09,2025-10-09,CUS-023,MAT-048,CAR-009,RTE-029,277,498.60,Delivered,
SHP-000229,2026-01-30,2026-02-03,2026-02-03,CUS-029,MAT-052,CAR-009,RTE-023,32,51.20,Delivered,
SHP-000230,2025-07-21,2025-07-23,2025-07-23,CUS-001,MAT-007,CAR-015,RTE-038,31,86.80,Delivered,
SHP-000231,2025-03-09,2025-03-11,2025-03-16,CUS-046,MAT-071,CAR-009,RTE-026,6,150.00,Delayed,Kapazität
SHP-000232,2025-11-04,2025-11-19,2025-11-18,CUS-035,MAT-047,CAR-013,RTE-034,220,297.00,Delivered,
SHP-000233,2026-03-01,2026-03-02,2026-03-02,CUS-019,MAT-033,CAR-015,RTE-038,1126,33.78,Delivered,
SHP-000234,2025-03-05,2025-03-06,2025-03-06,CUS-018,MAT-025,CAR-015,RTE-040,326,342.30,Delivered,
SHP-000235,2025-12-19,2025-12-20,2025-12-19,CUS-050,MAT-063,CAR-001,RTE-021,83,9.96,Delivered,
SHP-000236,2025-07-17,2025-07-19,2025-07-25,CUS-043,MAT-065,CAR-010,RTE-026,36,1008.00,Delayed,Zoll
SHP-000237,2026-06-13,2026-06-16,2026-06-16,CUS-003,MAT-001,CAR-014,RTE-039,115,977.50,Delivered,
SHP-000238,2025-02-01,2025-02-04,2025-02-04,CUS-049,MAT-059,CAR-009,RTE-023,4,5000.00,Delivered,
SHP-000239,2025-07-06,2025-07-08,2025-07-08,CUS-022,MAT-039,CAR-005,RTE-018,64,49.92,Delivered,
SHP-000240,2025-02-19,2025-02-20,2025-02-19,CUS-027,MAT-057,CAR-006,RTE-021,247,1185.60,Delivered,
SHP-000241,2026-04-07,2026-04-09,2026-04-09,CUS-004,MAT-015,CAR-003,RTE-002,52,613.60,Delivered,
SHP-000242,2025-04-01,2025-04-03,2025-04-02,CUS-008,MAT-017,CAR-002,RTE-009,195,68.25,Delivered,
SHP-000243,2025-11-15,2025-11-17,2025-11-17,CUS-041,MAT-061,CAR-005,RTE-019,12,504.00,Delivered,
SHP-000244,2025-11-23,2025-11-26,2025-11-26,CUS-008,MAT-019,CAR-009,RTE-024,227,63.56,Delivered,
SHP-000245,2025-06-18,2025-06-21,2025-06-20,CUS-020,MAT-022,CAR-009,RTE-029,595,41.65,Delivered,
SHP-000246,2025-10-28,2025-10-30,2025-10-30,CUS-035,MAT-017,CAR-014,RTE-040,206,72.10,Delivered,
SHP-000247,2026-01-10,2026-01-13,2026-01-13,CUS-001,MAT-019,CAR-009,RTE-026,205,57.40,Delivered,
SHP-000248,2026-06-01,2026-06-02,,CUS-041,MAT-072,CAR-003,RTE-018,48,21.60,Cancelled,
SHP-000249,2025-10-01,2025-10-02,2025-10-06,CUS-034,MAT-068,CAR-008,RTE-017,24,364.80,Delayed,Sonstiges
SHP-000250,2025-09-15,2025-09-18,2025-09-22,CUS-036,MAT-061,CAR-010,RTE-025,14,588.00,Delayed,Zoll
SHP-000251,2026-07-30,2026-07-31,2026-08-04,CUS-047,MAT-069,CAR-002,RTE-009,80,1760.00,Delayed,Zoll
SHP-000252,2025-03-28,2025-03-29,2025-03-29,CUS-021,MAT-043,CAR-002,RTE-015,437,371.45,Delivered,
SHP-000253,2025-09-17,2025-09-18,2025-09-18,CUS-001,MAT-011,CAR-008,RTE-008,181,1303.20,Delivered,
SHP-000254,2025-03-16,2025-04-21,2025-04-23,CUS-049,MAT-076,CAR-011,RTE-032,23,874.00,Delivered,Kapazität
SHP-000255,2025-06-25,2025-06-28,2025-06-28,CUS-007,MAT-012,CAR-010,RTE-024,13,88.40,Delivered,
SHP-000256,2026-07-19,2026-07-21,2026-07-23,CUS-041,MAT-024,CAR-001,RTE-015,1523,182.76,Delivered,Kapazität
SHP-000257,2026-01-26,2026-01-27,2026-01-27,CUS-018,MAT-029,CAR-001,RTE-005,1365,245.70,Delivered,
SHP-000258,2025-12-03,2025-12-04,2025-12-07,CUS-003,MAT-005,CAR-007,RTE-021,213,1150.20,Delayed,Wetter
SHP-000259,2025-07-02,2025-07-05,2025-07-08,CUS-024,MAT-048,CAR-011,RTE-035,187,336.60,Delayed,Kapazität
SHP-000260,2026-08-16,2026-08-17,2026-08-23,CUS-003,MAT-017,CAR-008,RTE-019,71,24.85,Delayed,Kapazität
SHP-000261,2026-06-01,2026-06-02,2026-06-02,CUS-002,MAT-008,CAR-003,RTE-013,53,190.80,Delivered,
SHP-000262,2025-05-11,2025-05-13,2025-05-12,CUS-018,MAT-032,CAR-015,RTE-038,1150,57.50,Delivered,
SHP-000263,2025-05-20,2025-05-21,2025-05-21,CUS-012,MAT-017,CAR-008,RTE-011,95,33.25,Delivered,
SHP-000264,2025-09-03,2025-09-06,2025-09-06,CUS-016,MAT-063,CAR-015,RTE-039,56,6.72,Delivered,
SHP-000265,2025-05-02,2025-05-22,2025-05-22,CUS-050,MAT-072,CAR-012,RTE-034,84,37.80,Delivered,
SHP-000266,2026-08-02,2026-08-03,2026-08-02,CUS-008,MAT-010,CAR-008,RTE-001,225,4162.50,Delivered,
SHP-000267,2025-11-15,2025-11-17,2025-11-17,CUS-031,MAT-056,CAR-001,RTE-019,405,5872.50,Delivered,
SHP-000268,2025-06-29,2025-07-01,2025-07-01,CUS-033,MAT-080,CAR-009,RTE-028,14,176.40,Delivered,
SHP-000269,2025-09-06,2025-09-09,2025-09-09,CUS-002,MAT-014,CAR-014,RTE-040,104,1289.60,Delivered,
SHP-000270,2025-07-31,2025-08-01,2025-08-01,CUS-034,MAT-064,CAR-002,RTE-002,15,57.00,Delivered,
SHP-000271,2026-03-16,2026-03-17,2026-03-17,CUS-004,MAT-003,CAR-008,RTE-020,175,840.00,Delivered,
SHP-000272,2026-03-31,2026-04-02,2026-04-01,CUS-005,MAT-007,CAR-006,RTE-018,177,495.60,Delivered,
SHP-000273,2025-07-17,2025-07-18,2025-07-17,CUS-029,MAT-041,CAR-003,RTE-001,344,326.80,Delivered,
SHP-000274,2025-09-17,2025-09-19,2025-09-21,CUS-008,MAT-003,CAR-003,RTE-004,237,1137.60,Delivered,Kapazität
SHP-000275,2025-06-27,2025-06-30,2025-06-30,CUS-020,MAT-026,CAR-004,RTE-009,1195,47.80,Delivered,
SHP-000276,2025-02-16,2025-02-18,2025-02-18,CUS-004,MAT-018,CAR-002,RTE-019,217,91.14,Delivered,
SHP-000277,2026-06-09,2026-06-10,2026-06-10,CUS-048,MAT-066,CAR-003,RTE-003,70,455.00,Delivered,
SHP-000278,2026-05-15,2026-05-16,2026-05-16,CUS-050,MAT-073,CAR-008,RTE-006,2,190.00,Delivered,
SHP-000279,2025-12-20,2025-12-22,2025-12-22,CUS-050,MAT-078,CAR-001,RTE-003,11,2035.00,Delivered,
SHP-000280,2025-04-16,2025-04-18,2025-04-17,CUS-001,MAT-019,CAR-001,RTE-014,158,44.24,Delivered,
SHP-000281,2025-06-28,2025-08-01,2025-08-01,CUS-006,MAT-010,CAR-013,RTE-033,132,2442.00,Delivered,
SHP-000282,2026-06-24,2026-06-26,2026-06-26,CUS-021,MAT-058,CAR-003,RTE-002,145,79.75,Delivered,
SHP-000283,2026-03-05,2026-03-06,2026-03-06,CUS-020,MAT-030,CAR-007,RTE-016,315,28.35,Delivered,
SHP-000284,2025-09-23,2025-09-26,2025-09-25,CUS-016,MAT-023,CAR-008,RTE-007,1595,239.25,Delivered,
SHP-000285,2025-01-24,2025-01-25,2025-01-25,CUS-041,MAT-053,CAR-007,RTE-017,472,245.44,Delivered,
SHP-000286,2026-02-04,2026-02-05,2026-02-05,CUS-023,MAT-043,CAR-004,RTE-015,372,316.20,Delivered,
SHP-000287,2026-07-02,2026-07-03,2026-07-03,CUS-009,MAT-019,CAR-002,RTE-012,220,61.60,Delivered,
SHP-000288,2025-05-23,2025-06-26,2025-06-26,CUS-008,MAT-007,CAR-011,RTE-036,112,313.60,Delivered,
SHP-000289,2026-01-20,2026-01-24,2026-01-24,CUS-036,MAT-063,CAR-009,RTE-023,88,10.56,Delivered,
SHP-000290,2025-03-16,2025-03-17,2025-03-17,CUS-023,MAT-046,CAR-003,RTE-020,363,2323.20,Delivered,
SHP-000291,2025-07-06,2025-07-08,2025-07-08,CUS-030,MAT-058,CAR-003,RTE-003,465,255.75,Delivered,
SHP-000292,2026-05-11,2026-05-18,2026-05-18,CUS-034,MAT-075,CAR-013,RTE-031,57,18.24,Delivered,
SHP-000293,2025-01-29,2025-02-19,2025-02-19,CUS-034,MAT-067,CAR-012,RTE-034,7,385.00,Delivered,
SHP-000294,2026-06-02,2026-06-04,2026-06-04,CUS-033,MAT-080,CAR-007,RTE-010,29,365.40,Delivered,
SHP-000295,2025-06-02,2025-06-30,2025-06-30,CUS-037,MAT-064,CAR-012,RTE-033,45,171.00,Delivered,
SHP-000296,2026-07-30,2026-07-31,2026-07-31,CUS-029,MAT-040,CAR-005,RTE-021,265,304.75,Delivered,
SHP-000297,2025-05-19,2025-05-21,2025-05-21,CUS-020,MAT-022,CAR-014,RTE-038,1206,84.42,Delivered,
SHP-000298,2025-07-28,2025-07-29,2025-08-03,CUS-043,MAT-061,CAR-008,RTE-021,1,42.00,Delayed,Kapazität
SHP-000299,2025-09-21,2025-09-23,,CUS-039,MAT-061,CAR-005,RTE-014,13,546.00,Cancelled,
SHP-000300,2026-02-28,2026-03-04,2026-03-04,CUS-027,MAT-037,CAR-011,RTE-035,139,25.02,Delivered,
SHP-000301,2025-07-14,2025-07-16,2025-07-16,CUS-021,MAT-042,CAR-003,RTE-002,290,1218.00,Delivered,
SHP-000302,2026-07-09,2026-07-13,2026-07-13,CUS-050,MAT-074,CAR-002,RTE-007,8,6.80,Delivered,
SHP-000303,2025-09-04,2025-09-05,2025-09-05,CUS-037,MAT-064,CAR-007,RTE-021,38,144.40,Delivered,
SHP-000304,2025-09-07,2025-09-09,2025-09-09,CUS-002,MAT-001,CAR-003,RTE-004,72,612.00,Delivered,
SHP-000305,2026-01-18,2026-01-19,2026-01-20,CUS-032,MAT-058,CAR-002,RTE-017,238,130.90,Delivered,Kapazität
SHP-000306,2026-05-28,2026-05-30,2026-05-29,CUS-015,MAT-036,CAR-007,RTE-007,773,293.74,Delivered,
SHP-000307,2025-03-07,2025-03-08,2025-03-08,CUS-025,MAT-052,CAR-001,RTE-001,451,721.60,Delivered,
SHP-000308,2026-08-24,2026-09-21,,CUS-040,MAT-040,CAR-011,RTE-036,159,182.85,Delayed,Wetter
SHP-000309,2026-04-16,2026-04-17,2026-04-17,CUS-043,MAT-080,CAR-001,RTE-004,7,88.20,Delivered,
SHP-000310,2025-08-15,2025-08-16,2025-08-16,CUS-018,MAT-029,CAR-014,RTE-037,860,154.80,Delivered,
SHP-000311,2026-03-11,2026-03-14,2026-03-14,CUS-036,MAT-072,CAR-009,RTE-025,26,11.70,Delivered,
SHP-000312,2026-06-14,2026-06-15,2026-06-14,CUS-029,MAT-056,CAR-005,RTE-012,480,6960.00,Delivered,
SHP-000313,2026-04-08,2026-04-09,2026-04-09,CUS-022,MAT-031,CAR-004,RTE-022,1197,251.37,Delivered,
SHP-000314,2025-11-07,2025-11-08,2025-11-13,CUS-026,MAT-056,CAR-006,RTE-022,370,5365.00,Delayed,Kapazität
SHP-000315,2026-06-18,2026-06-19,2026-06-19,CUS-002,MAT-006,CAR-007,RTE-016,200,240.00,Delivered,
SHP-000316,2025-10-15,2025-10-16,2025-10-16,CUS-002,MAT-013,CAR-001,RTE-008,122,622.20,Delivered,
SHP-000317,2025-12-16,2025-12-17,2025-12-17,CUS-050,MAT-059,CAR-001,RTE-014,5,6250.00,Delivered,
SHP-000318,2026-05-19,2026-06-25,2026-06-25,CUS-029,MAT-051,CAR-013,RTE-033,256,793.60,Delivered,
SHP-000319,2025-08-14,2025-08-15,2025-08-14,CUS-036,MAT-073,CAR-002,RTE-022,10,950.00,Delivered,
SHP-000320,2025-03-28,2025-03-29,2025-03-29,CUS-046,MAT-072,CAR-002,RTE-020,33,14.85,Delivered,
SHP-000321,2026-01-09,2026-01-12,2026-01-17,CUS-006,MAT-019,CAR-004,RTE-015,42,11.76,Delayed,Kapazität
SHP-000322,2025-05-02,2025-06-09,2025-06-09,CUS-048,MAT-074,CAR-013,RTE-032,22,18.70,Delivered,
SHP-000323,2026-08-10,2026-08-12,2026-08-12,CUS-016,MAT-034,CAR-014,RTE-038,967,19.34,Delivered,
SHP-000324,2025-12-19,2026-01-15,2026-01-15,CUS-045,MAT-076,CAR-013,RTE-036,31,1178.00,Delivered,
SHP-000325,2026-03-10,2026-03-12,2026-03-12,CUS-047,MAT-079,CAR-014,RTE-038,6,1260.00,Delivered,
SHP-000326,2026-06-06,2026-06-08,2026-06-07,CUS-029,MAT-050,CAR-002,RTE-018,291,81.48,Delivered,
SHP-000327,2025-02-17,2025-02-19,2025-02-20,CUS-002,MAT-006,CAR-014,RTE-039,60,72.00,Delivered,Kapazität
SHP-000328,2026-05-01,2026-05-04,2026-05-04,CUS-031,MAT-054,CAR-009,RTE-029,378,37.80,Delivered,
SHP-000329,2025-06-20,2025-06-23,2025-06-23,CUS-049,MAT-069,CAR-014,RTE-037,62,1364.00,Delivered,
SHP-000330,2026-08-11,2026-09-08,2026-09-08,CUS-033,MAT-076,CAR-013,RTE-032,63,2394.00,Delivered,
SHP-000331,2025-04-03,2025-04-05,2025-04-05,CUS-008,MAT-013,CAR-005,RTE-009,224,1142.40,Delivered,
SHP-000332,2026-02-20,2026-02-21,2026-02-21,CUS-008,MAT-011,CAR-005,RTE-021,210,1512.00,Delivered,
SHP-000333,2025-12-13,2025-12-15,2025-12-15,CUS-016,MAT-026,CAR-002,RTE-017,228,9.12,Delivered,
SHP-000334,2025-08-17,2025-08-18,2025-08-18,CUS-016,MAT-036,CAR-014,RTE-037,1355,514.90,Delivered,
SHP-000335,2025-01-21,2025-01-23,2025-01-23,CUS-036,MAT-062,CAR-006,RTE-018,12,1020.00,Delivered,
SHP-000336,2026-08-06,2026-08-08,,CUS-015,MAT-031,CAR-002,RTE-004,1132,237.72,Cancelled,
SHP-000337,2025-05-22,2025-06-09,2025-06-10,CUS-003,MAT-007,CAR-013,RTE-034,173,484.40,Delivered,Kapazität
SHP-000338,2025-12-21,2025-12-23,2025-12-23,CUS-023,MAT-039,CAR-007,RTE-006,444,346.32,Delivered,
SHP-000339,2026-02-08,2026-02-10,2026-02-10,CUS-032,MAT-037,CAR-004,RTE-004,56,10.08,Delivered,
SHP-000340,2025-03-05,2025-03-06,2025-03-06,CUS-003,MAT-004,CAR-003,RTE-022,105,325.50,Delivered,
SHP-000341,2025-04-13,2025-04-16,2025-04-16,CUS-027,MAT-049,CAR-010,RTE-027,514,231.30,Delivered,
SHP-000342,2026-04-10,2026-04-13,2026-04-13,CUS-006,MAT-071,CAR-003,RTE-003,50,1250.00,Delivered,
SHP-000343,2026-02-25,2026-02-27,2026-02-27,CUS-008,MAT-020,CAR-009,RTE-026,225,2002.50,Delivered,
SHP-000344,2025-11-10,2025-11-13,2025-11-12,CUS-033,MAT-039,CAR-006,RTE-007,206,160.68,Delivered,
SHP-000345,2025-07-23,2025-07-25,2025-07-25,CUS-031,MAT-047,CAR-005,RTE-011,102,137.70,Delivered,
SHP-000346,2026-06-02,2026-06-03,2026-06-03,CUS-022,MAT-008,CAR-004,RTE-021,181,651.60,Delivered,
SHP-000347,2025-07-08,2025-07-09,2025-07-09,CUS-018,MAT-024,CAR-001,RTE-020,1143,137.16,Delivered,
SHP-000348,2025-05-27,2025-05-29,2025-05-29,CUS-037,MAT-075,CAR-010,RTE-029,76,24.32,Delivered,
SHP-000349,2025-07-14,2025-07-16,2025-07-16,CUS-034,MAT-071,CAR-006,RTE-019,70,1750.00,Delivered,
SHP-000350,2025-04-22,2025-04-29,2025-04-29,CUS-034,MAT-078,CAR-011,RTE-035,5,925.00,Delivered,
SHP-000351,2025-05-23,2025-05-24,2025-05-23,CUS-011,MAT-003,CAR-001,RTE-008,107,513.60,Delivered,
SHP-000352,2025-06-27,2025-06-30,2025-06-30,CUS-050,MAT-075,CAR-010,RTE-027,54,17.28,Delivered,
SHP-000353,2025-08-21,2025-08-23,2025-08-22,CUS-043,MAT-071,CAR-014,RTE-038,68,1700.00,Delivered,
SHP-000354,2025-04-17,2025-04-18,2025-04-18,CUS-045,MAT-066,CAR-002,RTE-021,52,338.00,Delivered,
SHP-000355,2026-01-10,2026-01-12,2026-01-12,CUS-022,MAT-040,CAR-004,RTE-016,450,517.50,Delivered,
SHP-000356,2025-04-27,2025-04-28,2025-04-28,CUS-030,MAT-053,CAR-001,RTE-019,288,149.76,Delivered,
SHP-000357,2026-08-26,2026-08-28,2026-08-28,CUS-001,MAT-010,CAR-014,RTE-038,51,943.50,Delivered,
SHP-000358,2026-03-05,2026-03-07,2026-03-07,CUS-029,MAT-056,CAR-002,RTE-009,329,4770.50,Delivered,
SHP-000359,2025-05-04,2025-05-07,2025-05-06,CUS-006,MAT-017,CAR-010,RTE-025,232,81.20,Delivered,
SHP-000360,2026-04-26,2026-04-27,2026-04-26,CUS-024,MAT-056,CAR-008,RTE-001,244,3538.00,Delivered,
SHP-000361,2026-05-12,2026-05-14,2026-05-14,CUS-027,MAT-052,CAR-009,RTE-029,241,385.60,Delivered,
SHP-000362,2026-04-08,2026-04-10,2026-04-10,CUS-043,MAT-076,CAR-001,RTE-007,79,3002.00,Delivered,
SHP-000363,2026-01-06,2026-01-08,2026-01-08,CUS-011,MAT-014,CAR-003,RTE-005,226,2802.40,Delivered,
SHP-000364,2025-09-01,2025-09-03,2025-09-03,CUS-050,MAT-065,CAR-004,RTE-018,67,1876.00,Delivered,
SHP-000365,2026-03-13,2026-03-14,2026-03-14,CUS-036,MAT-080,CAR-004,RTE-008,18,226.80,Delivered,
SHP-000366,2025-03-08,2025-03-10,2025-03-09,CUS-028,MAT-038,CAR-001,RTE-021,265,164.30,Delivered,
SHP-000367,2025-11-30,2025-12-22,2025-12-22,CUS-011,MAT-033,CAR-012,RTE-034,157,4.71,Delivered,
SHP-000368,2025-01-27,2025-02-03,2025-02-04,CUS-022,MAT-058,CAR-011,RTE-035,285,156.75,Delivered,Wetter
SHP-000369,2025-08-21,2025-08-23,2025-08-23,CUS-019,MAT-026,CAR-007,RTE-009,870,34.80,Delivered,
SHP-000370,2026-05-19,2026-06-15,2026-06-15,CUS-003,MAT-054,CAR-012,RTE-033,334,33.40,Delivered,
SHP-000371,2025-08-13,2025-08-14,2025-08-14,CUS-001,MAT-017,CAR-004,RTE-003,213,74.55,Delivered,
SHP-000372,2026-04-16,2026-04-18,2026-04-18,CUS-041,MAT-073,CAR-015,RTE-040,15,1425.00,Delivered,
SHP-000373,2025-09-26,2025-10-25,2025-10-25,CUS-014,MAT-028,CAR-013,RTE-032,1097,713.05,Delivered,
SHP-000374,2025-08-22,2025-08-25,2025-08-25,CUS-015,MAT-031,CAR-004,RTE-006,591,124.11,Delivered,
SHP-000375,2025-05-20,2025-05-22,2025-05-21,CUS-010,MAT-008,CAR-009,RTE-027,222,799.20,Delivered,
SHP-000376,2025-12-12,2025-12-13,2025-12-13,CUS-047,MAT-080,CAR-006,RTE-001,67,844.20,Delivered,
SHP-000377,2025-06-02,2025-06-03,2025-06-03,CUS-044,MAT-067,CAR-002,RTE-017,5,275.00,Delivered,
SHP-000378,2025-03-28,2025-04-01,2025-04-06,CUS-028,MAT-049,CAR-009,RTE-025,185,83.25,Delayed,Wetter
SHP-000379,2025-10-31,2025-11-03,2025-11-03,CUS-005,MAT-009,CAR-002,RTE-009,95,180.50,Delivered,
SHP-000380,2026-08-19,2026-08-21,2026-08-21,CUS-036,MAT-071,CAR-005,RTE-006,35,875.00,Delivered,
SHP-000381,2025-01-09,2025-01-11,2025-01-11,CUS-028,MAT-043,CAR-004,RTE-005,279,237.15,Delivered,
SHP-000382,2025-02-06,2025-02-07,2025-02-08,CUS-027,MAT-052,CAR-007,RTE-018,377,603.20,Delivered,Wetter
SHP-000383,2025-06-24,2025-06-25,2025-06-25,CUS-022,MAT-048,CAR-008,RTE-018,234,421.20,Delivered,
SHP-000384,2026-02-26,2026-02-28,2026-02-28,CUS-010,MAT-018,CAR-003,RTE-010,206,86.52,Delivered,
SHP-000385,2026-01-22,2026-01-24,2026-01-24,CUS-015,MAT-025,CAR-014,RTE-039,186,195.30,Delivered,
SHP-000386,2026-04-29,2026-05-02,2026-05-02,CUS-034,MAT-078,CAR-010,RTE-027,17,3145.00,Delivered,
SHP-000387,2025-09-17,2025-09-18,2025-09-17,CUS-001,MAT-009,CAR-014,RTE-037,24,45.60,Delivered,
SHP-000388,2026-02-16,2026-02-17,2026-02-17,CUS-040,MAT-061,CAR-001,RTE-020,10,420.00,Delivered,
SHP-000389,2026-07-14,2026-07-15,2026-07-15,CUS-006,MAT-006,CAR-003,RTE-022,127,152.40,Delivered,
SHP-000390,2026-04-11,2026-04-13,2026-04-13,CUS-022,MAT-054,CAR-004,RTE-020,246,24.60,Delivered,
SHP-000391,2025-04-20,2025-04-21,2025-04-21,CUS-018,MAT-023,CAR-003,RTE-012,40,6.00,Delivered,
SHP-000392,2026-04-20,2026-04-22,2026-04-27,CUS-015,MAT-036,CAR-014,RTE-040,1262,479.56,Delayed,Zoll
SHP-000393,2025-09-06,2025-09-08,2025-09-08,CUS-045,MAT-066,CAR-003,RTE-021,16,104.00,Delivered,
SHP-000394,2026-05-15,2026-05-16,2026-05-21,CUS-046,MAT-080,CAR-006,RTE-021,30,378.00,Delayed,Zoll
SHP-000395,2025-02-08,2025-02-10,2025-02-14,CUS-031,MAT-056,CAR-001,RTE-011,35,507.50,Delayed,Wetter
SHP-000396,2025-07-27,2025-07-30,2025-07-30,CUS-037,MAT-063,CAR-003,RTE-007,53,6.36,Delivered,
SHP-000397,2025-10-31,2025-11-01,2025-11-01,CUS-043,MAT-060,CAR-001,RTE-013,38,699.20,Delivered,
SHP-000398,2026-04-03,2026-04-04,2026-04-04,CUS-039,MAT-073,CAR-002,RTE-002,17,1615.00,Delivered,
SHP-000399,2025-12-16,2025-12-19,2025-12-19,CUS-050,MAT-064,CAR-010,RTE-023,38,144.40,Delivered,
SHP-000400,2025-04-28,2025-04-30,2025-04-29,CUS-002,MAT-004,CAR-003,RTE-014,157,486.70,Delivered,
SHP-000401,2025-03-07,2025-03-10,2025-03-10,CUS-001,MAT-016,CAR-009,RTE-025,135,1282.50,Delivered,
SHP-000402,2026-05-05,2026-05-06,2026-05-06,CUS-050,MAT-060,CAR-006,RTE-005,68,1251.20,Delivered,
SHP-000403,2025-08-25,2025-08-29,2025-08-29,CUS-039,MAT-073,CAR-013,RTE-031,9,855.00,Delivered,
SHP-000404,2025-10-30,2025-11-01,2025-11-01,CUS-015,MAT-027,CAR-009,RTE-028,181,39.82,Delivered,
SHP-000405,2026-01-26,2026-01-28,2026-01-27,CUS-028,MAT-057,CAR-007,RTE-006,421,2020.80,Delivered,
SHP-000406,2025-04-19,2025-04-22,2025-04-21,CUS-050,MAT-065,CAR-010,RTE-030,47,1316.00,Delivered,
SHP-000407,2025-05-13,2025-06-06,2025-06-06,CUS-034,MAT-006,CAR-011,RTE-032,154,184.80,Delivered,
SHP-000408,2025-01-12,2025-01-13,2025-01-12,CUS-032,MAT-038,CAR-006,RTE-020,359,222.58,Delivered,
SHP-000409,2026-01-25,2026-02-26,2026-02-25,CUS-041,MAT-050,CAR-011,RTE-036,44,12.32,Delivered,
SHP-000410,2025-12-03,2025-12-05,2025-12-09,CUS-011,MAT-004,CAR-009,RTE-029,153,474.30,Delayed,Kapazität
SHP-000411,2025-10-05,2025-10-06,2025-10-06,CUS-038,MAT-077,CAR-006,RTE-015,27,12.96,Delivered,
SHP-000412,2025-12-17,2025-12-18,2025-12-18,CUS-034,MAT-078,CAR-008,RTE-012,12,2220.00,Delivered,
SHP-000413,2025-06-22,2025-06-24,2025-06-27,CUS-016,MAT-027,CAR-008,RTE-018,956,210.32,Delayed,Wetter
SHP-000414,2025-07-29,2025-07-30,2025-07-30,CUS-030,MAT-046,CAR-002,RTE-008,445,2848.00,Delivered,
SHP-000415,2025-08-30,2025-09-01,2025-08-31,CUS-047,MAT-060,CAR-001,RTE-005,37,680.80,Delivered,
SHP-000416,2026-05-24,2026-05-25,2026-05-25,CUS-021,MAT-039,CAR-002,RTE-016,383,298.74,Delivered,
SHP-000417,2025-08-10,2025-08-12,2025-08-18,CUS-015,MAT-033,CAR-008,RTE-002,893,26.79,Delayed,Kapazität
SHP-000418,2025-12-02,2025-12-05,2025-12-05,CUS-034,MAT-059,CAR-009,RTE-029,5,6250.00,Delivered,
SHP-000419,2025-07-14,2025-07-16,2025-07-16,CUS-008,MAT-013,CAR-014,RTE-037,45,229.50,Delivered,
SHP-000420,2025-04-04,2025-04-05,2025-04-05,CUS-002,MAT-003,CAR-006,RTE-014,131,628.80,Delivered,
SHP-000421,2025-10-07,2025-10-09,2025-10-09,CUS-010,MAT-017,CAR-002,RTE-003,155,54.25,Delivered,
SHP-000422,2026-01-24,2026-01-26,2026-01-28,CUS-018,MAT-021,CAR-015,RTE-038,1316,105.28,Delivered,Kapazität
SHP-000423,2026-01-27,2026-01-28,,CUS-036,MAT-061,CAR-002,RTE-002,10,420.00,Cancelled,
SHP-000424,2025-12-10,2025-12-11,2025-12-11,CUS-036,MAT-073,CAR-002,RTE-011,18,1710.00,Delivered,
SHP-000425,2025-12-03,2025-12-05,2025-12-08,CUS-037,MAT-080,CAR-008,RTE-019,27,340.20,Delayed,Kapazität
SHP-000426,2026-06-08,2026-06-09,2026-06-13,CUS-002,MAT-001,CAR-002,RTE-022,100,850.00,Delayed,Sonstiges
SHP-000427,2025-12-06,2025-12-20,2025-12-20,CUS-012,MAT-004,CAR-013,RTE-034,58,179.80,Delivered,
SHP-000428,2025-04-21,2025-04-22,2025-04-22,CUS-001,MAT-017,CAR-003,RTE-016,183,64.05,Delivered,
SHP-000429,2026-05-18,2026-05-20,2026-05-20,CUS-050,MAT-060,CAR-010,RTE-029,77,1416.80,Delivered,
SHP-000430,2026-01-30,2026-01-31,2026-02-03,CUS-021,MAT-049,CAR-005,RTE-022,237,106.65,Delayed,Sonstiges
SHP-000431,2025-05-20,2025-05-21,2025-05-21,CUS-022,MAT-057,CAR-006,RTE-018,182,873.60,Delivered,
SHP-000432,2025-07-31,2025-08-02,2025-08-05,CUS-022,MAT-041,CAR-008,RTE-019,296,281.20,Delayed,Zoll
SHP-000433,2026-07-24,2026-07-27,2026-07-27,CUS-037,MAT-072,CAR-014,RTE-039,41,18.45,Delivered,
SHP-000434,2026-01-13,2026-01-14,,CUS-001,MAT-020,CAR-005,RTE-019,183,1628.70,Cancelled,
SHP-000435,2026-02-13,2026-02-14,2026-02-14,CUS-004,MAT-005,CAR-004,RTE-020,226,1220.40,Delivered,
SHP-000436,2026-02-25,2026-03-12,2026-03-16,CUS-012,MAT-001,CAR-011,RTE-034,201,1708.50,Delayed,Sonstiges
SHP-000437,2026-04-26,2026-05-29,2026-05-29,CUS-043,MAT-069,CAR-012,RTE-032,54,1188.00,Delivered,
SHP-000438,2025-10-20,2025-10-23,2025-10-23,CUS-029,MAT-057,CAR-010,RTE-023,473,2270.40,Delivered,
SHP-000439,2025-10-12,2025-10-17,2025-10-17,CUS-037,MAT-075,CAR-011,RTE-031,42,13.44,Delivered,
SHP-000440,2026-03-27,2026-03-28,2026-03-28,CUS-002,MAT-005,CAR-004,RTE-021,54,291.60,Delivered,
SHP-000441,2026-03-21,2026-03-23,2026-03-23,CUS-007,MAT-015,CAR-005,RTE-015,233,2749.40,Delivered,
SHP-000442,2025-03-05,2025-03-07,2025-03-07,CUS-046,MAT-062,CAR-005,RTE-015,13,1105.00,Delivered,
SHP-000443,2026-02-18,2026-02-20,2026-02-24,CUS-008,MAT-002,CAR-010,RTE-028,49,303.80,Delayed,Kapazität
SHP-000444,2025-04-04,2025-04-05,2025-04-05,CUS-016,MAT-035,CAR-001,RTE-006,47,25.85,Delivered,
SHP-000445,2026-01-08,2026-01-12,2026-01-15,CUS-043,MAT-059,CAR-009,RTE-030,4,5000.00,Delayed,Zoll
SHP-000446,2025-04-15,2025-04-18,2025-04-23,CUS-045,MAT-079,CAR-009,RTE-026,1,210.00,Delayed,Kapazität
SHP-000447,2025-07-10,2025-07-12,2025-07-12,CUS-015,MAT-022,CAR-002,RTE-006,1456,101.92,Delivered,
SHP-000448,2025-08-03,2025-08-09,2025-08-08,CUS-050,MAT-070,CAR-013,RTE-031,14,235.20,Delivered,
SHP-000449,2026-03-11,2026-03-13,2026-03-13,CUS-024,MAT-045,CAR-004,RTE-014,53,6.36,Delivered,
SHP-000450,2026-01-20,2026-02-18,2026-02-18,CUS-050,MAT-078,CAR-011,RTE-036,9,1665.00,Delivered,
SHP-000451,2025-05-06,2025-05-08,2025-05-07,CUS-006,MAT-017,CAR-009,RTE-030,189,66.15,Delivered,
SHP-000452,2025-08-10,2025-08-12,2025-08-12,CUS-023,MAT-043,CAR-009,RTE-029,29,24.65,Delivered,
SHP-000453,2025-08-09,2025-08-11,2025-08-11,CUS-003,MAT-018,CAR-001,RTE-001,193,81.06,Delivered,
SHP-000454,2025-11-06,2025-11-12,2025-11-12,CUS-010,MAT-016,CAR-012,RTE-031,236,2242.00,Delivered,
SHP-000455,2026-03-01,2026-04-02,,CUS-042,MAT-060,CAR-012,RTE-033,74,1361.60,Cancelled,
SHP-000456,2025-01-25,2025-01-27,2025-01-27,CUS-029,MAT-048,CAR-002,RTE-005,344,619.20,Delivered,
SHP-000457,2025-07-02,2025-07-04,2025-07-04,CUS-009,MAT-010,CAR-010,RTE-028,135,2497.50,Delivered,
SHP-000458,2026-07-13,2026-07-15,,CUS-015,MAT-026,CAR-007,RTE-002,1076,43.04,Cancelled,
SHP-000459,2025-12-01,2025-12-02,2025-12-04,CUS-024,MAT-043,CAR-006,RTE-016,97,82.45,Delivered,Sonstiges
SHP-000460,2026-03-06,2026-03-09,2026-03-08,CUS-011,MAT-053,CAR-008,RTE-010,470,244.40,Delivered,
SHP-000461,2025-05-25,2025-05-26,2025-05-26,CUS-026,MAT-046,CAR-005,RTE-010,122,780.80,Delivered,
SHP-000462,2025-12-22,2025-12-23,2025-12-23,CUS-035,MAT-064,CAR-008,RTE-001,32,121.60,Delivered,
SHP-000463,2026-07-01,2026-07-03,2026-07-04,CUS-049,MAT-077,CAR-003,RTE-003,62,29.76,Delivered,Sonstiges
SHP-000464,2026-02-01,2026-02-02,2026-02-02,CUS-006,MAT-049,CAR-008,RTE-020,382,171.90,Delivered,
SHP-000465,2025-03-10,2025-03-12,2025-03-12,CUS-010,MAT-018,CAR-005,RTE-015,127,53.34,Delivered,
SHP-000466,2025-08-28,2025-08-29,2025-08-29,CUS-039,MAT-066,CAR-002,RTE-020,48,312.00,Delivered,
SHP-000467,2025-08-19,2025-08-21,2025-08-21,CUS-001,MAT-012,CAR-002,RTE-006,40,272.00,Delivered,
SHP-000468,2025-09-27,2025-09-29,2025-09-28,CUS-006,MAT-003,CAR-009,RTE-030,148,710.40,Delivered,
SHP-000469,2025-08-15,2025-08-18,2025-08-22,CUS-011,MAT-014,CAR-010,RTE-029,52,644.80,Delayed,Sonstiges
SHP-000470,2026-08-06,2026-08-07,2026-08-07,CUS-006,MAT-011,CAR-002,RTE-015,161,1159.20,Delivered,
SHP-000471,2026-07-07,2026-07-09,2026-07-09,CUS-020,MAT-022,CAR-007,RTE-005,40,2.80,Delivered,
SHP-000472,2025-07-20,2025-07-21,2025-07-21,CUS-015,MAT-035,CAR-007,RTE-022,663,364.65,Delivered,
SHP-000473,2025-04-02,2025-04-03,2025-04-02,CUS-046,MAT-077,CAR-003,RTE-017,13,6.24,Delivered,
SHP-000474,2025-06-10,2025-06-12,2025-06-12,CUS-036,MAT-070,CAR-007,RTE-010,81,1360.80,Delivered,
SHP-000475,2026-06-03,2026-06-06,2026-06-06,CUS-020,MAT-026,CAR-004,RTE-007,894,35.76,Delivered,
SHP-000476,2026-08-17,2026-08-19,2026-08-19,CUS-007,MAT-025,CAR-010,RTE-030,213,223.65,Delivered,
SHP-000477,2025-12-18,2025-12-22,2025-12-27,CUS-046,MAT-072,CAR-009,RTE-030,55,24.75,Delayed,Kapazität
SHP-000478,2025-01-27,2025-01-28,2025-01-28,CUS-025,MAT-053,CAR-005,RTE-018,314,163.28,Delivered,
SHP-000479,2025-02-28,2025-03-03,2025-03-03,CUS-050,MAT-053,CAR-014,RTE-039,69,35.88,Delivered,
SHP-000480,2026-07-07,2026-08-08,2026-08-08,CUS-035,MAT-076,CAR-012,RTE-033,7,266.00,Delivered,
SHP-000481,2026-01-14,2026-01-16,2026-01-16,CUS-037,MAT-068,CAR-006,RTE-002,78,1185.60,Delivered,
SHP-000482,2025-03-03,2025-03-06,2025-03-06,CUS-029,MAT-046,CAR-009,RTE-023,459,2937.60,Delivered,
SHP-000483,2025-09-01,2025-09-04,2025-09-04,CUS-015,MAT-024,CAR-010,RTE-025,575,69.00,Delivered,
SHP-000484,2026-04-13,2026-04-15,2026-04-15,CUS-027,MAT-005,CAR-007,RTE-005,205,1107.00,Delivered,
SHP-000485,2025-03-25,2025-03-26,2025-03-26,CUS-008,MAT-012,CAR-006,RTE-009,126,856.80,Delivered,
SHP-000486,2025-04-13,2025-05-01,2025-05-01,CUS-038,MAT-071,CAR-012,RTE-034,7,175.00,Delivered,
SHP-000487,2026-08-06,2026-08-08,2026-08-08,CUS-016,MAT-022,CAR-005,RTE-018,1290,90.30,Delivered,
SHP-000488,2026-04-02,2026-04-03,2026-04-03,CUS-015,MAT-077,CAR-006,RTE-022,30,14.40,Delivered,
SHP-000489,2026-03-05,2026-03-07,2026-03-06,CUS-016,MAT-003,CAR-004,RTE-004,64,307.20,Delivered,
SHP-000490,2026-02-06,2026-03-13,2026-03-13,CUS-031,MAT-080,CAR-013,RTE-032,21,264.60,Delivered,
SHP-000491,2025-07-17,2025-08-20,2025-08-20,CUS-039,MAT-064,CAR-011,RTE-036,15,57.00,Delivered,
SHP-000492,2025-02-17,2025-02-19,2025-02-19,CUS-022,MAT-047,CAR-002,RTE-003,194,261.90,Delivered,
SHP-000493,2025-12-11,2025-12-12,2025-12-16,CUS-009,MAT-033,CAR-001,RTE-016,487,14.61,Delayed,Zoll
SHP-000494,2025-04-16,2025-04-19,2025-04-19,CUS-006,MAT-067,CAR-010,RTE-023,2,110.00,Delivered,
SHP-000495,2025-09-21,2025-10-04,2025-10-04,CUS-046,MAT-075,CAR-012,RTE-034,75,24.00,Delivered,
SHP-000496,2025-07-22,2025-08-15,2025-08-15,CUS-040,MAT-076,CAR-012,RTE-033,86,3268.00,Delivered,
SHP-000497,2025-05-04,2025-05-28,2025-05-28,CUS-043,MAT-073,CAR-012,RTE-033,13,1235.00,Delivered,
SHP-000498,2025-05-12,2025-05-13,,CUS-006,MAT-016,CAR-004,RTE-021,57,541.50,Cancelled,
SHP-000499,2025-11-17,2025-11-19,2025-11-20,CUS-050,MAT-071,CAR-005,RTE-018,8,200.00,Delivered,Kapazität
SHP-000500,2026-06-19,2026-06-22,2026-06-24,CUS-021,MAT-057,CAR-008,RTE-015,100,480.00,Delivered,Wetter
SHP-000501,2025-05-01,2025-05-02,2025-05-02,CUS-025,MAT-060,CAR-001,RTE-021,45,828.00,Delivered,
SHP-000502,2026-05-12,2026-05-13,2026-05-13,CUS-043,MAT-004,CAR-002,RTE-020,94,291.40,Delivered,
SHP-000503,2026-01-11,2026-01-14,2026-01-17,CUS-016,MAT-025,CAR-006,RTE-007,169,177.45,Delayed,Wetter
SHP-000504,2026-02-03,2026-02-05,2026-02-04,CUS-028,MAT-055,CAR-007,RTE-004,422,3924.60,Delivered,
SHP-000505,2026-05-05,2026-05-25,2026-06-03,CUS-001,MAT-019,CAR-013,RTE-034,185,51.80,Delayed,Zoll
SHP-000506,2025-11-17,2025-11-18,2025-11-18,CUS-022,MAT-056,CAR-002,RTE-020,345,5002.50,Delivered,
SHP-000507,2026-08-23,2026-08-26,2026-08-26,CUS-029,MAT-053,CAR-015,RTE-039,136,70.72,Delivered,
SHP-000508,2025-04-23,2025-04-25,2025-04-25,CUS-002,MAT-005,CAR-009,RTE-030,21,113.40,Delivered,
SHP-000509,2025-05-03,2025-05-05,2025-05-09,CUS-016,MAT-035,CAR-008,RTE-002,1033,568.15,Delayed,Wetter
SHP-000510,2025-03-21,2025-03-22,2025-03-22,CUS-030,MAT-043,CAR-002,RTE-011,74,62.90,Delivered,
SHP-000511,2026-07-21,2026-07-23,2026-07-23,CUS-045,MAT-052,CAR-001,RTE-014,115,184.00,Delivered,
SHP-000512,2025-02-15,2025-02-17,2025-02-17,CUS-032,MAT-043,CAR-006,RTE-002,80,68.00,Delivered,
SHP-000513,2025-12-18,2025-12-19,2025-12-19,CUS-017,MAT-026,CAR-015,RTE-038,217,8.68,Delivered,
SHP-000514,2025-06-17,2025-06-19,2025-06-19,CUS-011,MAT-015,CAR-006,RTE-014,119,1404.20,Delivered,
SHP-000515,2025-10-31,2025-11-03,2025-11-03,CUS-008,MAT-001,CAR-001,RTE-002,16,136.00,Delivered,
SHP-000516,2025-09-23,2025-09-24,2025-09-24,CUS-036,MAT-028,CAR-006,RTE-001,311,202.15,Delivered,
SHP-000517,2025-10-27,2025-10-30,2025-10-30,CUS-001,MAT-006,CAR-010,RTE-023,231,277.20,Delivered,
SHP-000518,2026-03-08,2026-03-11,2026-03-11,CUS-032,MAT-037,CAR-009,RTE-024,175,31.50,Delivered,
SHP-000519,2025-02-11,2025-02-13,2025-02-18,CUS-028,MAT-058,CAR-006,RTE-011,210,115.50,Delayed,Wetter
SHP-000520,2025-08-10,2025-08-12,2025-08-12,CUS-001,MAT-018,CAR-009,RTE-026,174,73.08,Delivered,
SHP-000521,2025-10-03,2025-10-04,2025-10-04,CUS-050,MAT-066,CAR-004,RTE-009,14,91.00,Delivered,
SHP-000522,2025-08-31,2025-09-02,2025-09-01,CUS-043,MAT-076,CAR-009,RTE-027,30,1140.00,Delivered,
SHP-000523,2025-04-15,2025-04-16,2025-04-16,CUS-046,MAT-061,CAR-001,RTE-009,7,294.00,Delivered,
SHP-000524,2026-02-10,2026-02-12,2026-02-12,CUS-050,MAT-063,CAR-004,RTE-014,30,3.60,Delivered,
SHP-000525,2026-02-22,2026-02-25,2026-02-27,CUS-049,MAT-072,CAR-009,RTE-028,64,28.80,Delivered,Kapazität
SHP-000526,2025-07-10,2025-07-11,2025-07-11,CUS-041,MAT-070,CAR-014,RTE-037,85,1428.00,Delivered,
SHP-000527,2025-02-02,2025-03-03,2025-03-03,CUS-050,MAT-080,CAR-011,RTE-032,79,995.40,Delivered,
SHP-000528,2025-04-25,2025-04-28,2025-04-28,CUS-029,MAT-032,CAR-004,RTE-015,288,14.40,Delivered,
SHP-000529,2025-08-08,2025-08-11,2025-08-11,CUS-008,MAT-011,CAR-008,RTE-018,83,597.60,Delivered,
SHP-000530,2025-10-14,2025-11-18,2025-11-18,CUS-050,MAT-063,CAR-013,RTE-036,20,2.40,Delivered,
SHP-000531,2025-03-09,2025-03-10,2025-03-10,CUS-028,MAT-049,CAR-004,RTE-008,335,150.75,Delivered,
SHP-000532,2026-08-07,2026-08-10,2026-08-10,CUS-048,MAT-059,CAR-006,RTE-015,4,5000.00,Delivered,
SHP-000533,2025-09-02,2025-09-04,2025-09-04,CUS-049,MAT-070,CAR-003,RTE-014,50,840.00,Delivered,
SHP-000534,2025-07-13,2025-07-16,2025-07-17,CUS-004,MAT-015,CAR-010,RTE-029,194,2289.20,Delivered,Kapazität
SHP-000535,2026-01-09,2026-01-12,,CUS-008,MAT-017,CAR-015,RTE-037,30,10.50,Cancelled,
SHP-000536,2026-05-28,2026-06-01,2026-06-01,CUS-033,MAT-064,CAR-009,RTE-025,76,288.80,Delivered,
SHP-000537,2025-07-20,2025-07-21,2025-07-21,CUS-029,MAT-051,CAR-001,RTE-001,451,1398.10,Delivered,
SHP-000538,2026-08-14,2026-08-17,2026-08-17,CUS-015,MAT-028,CAR-004,RTE-009,1566,1017.90,Delivered,
SHP-000539,2025-06-25,2025-06-27,2025-06-27,CUS-014,MAT-024,CAR-001,RTE-019,159,19.08,Delivered,
SHP-000540,2025-07-15,2025-08-18,2025-08-25,CUS-018,MAT-050,CAR-011,RTE-033,503,140.84,Delayed,Kapazität
SHP-000541,2026-03-05,2026-03-07,2026-03-06,CUS-005,MAT-018,CAR-007,RTE-011,77,32.34,Delivered,
SHP-000542,2025-11-08,2025-11-10,2025-11-12,CUS-029,MAT-037,CAR-003,RTE-010,495,89.10,Delivered,Wetter
SHP-000543,2026-07-14,2026-07-17,2026-07-17,CUS-043,MAT-076,CAR-009,RTE-024,22,836.00,Delivered,
SHP-000544,2026-05-18,2026-05-19,2026-05-19,CUS-019,MAT-031,CAR-001,RTE-010,303,63.63,Delivered,
SHP-000545,2026-04-25,2026-04-27,2026-05-02,CUS-006,MAT-003,CAR-001,RTE-004,18,86.40,Delayed,Kapazität
SHP-000546,2026-04-14,2026-04-15,2026-04-15,CUS-003,MAT-009,CAR-006,RTE-010,162,307.80,Delivered,
SHP-000547,2026-06-10,2026-06-13,2026-06-13,CUS-018,MAT-067,CAR-014,RTE-039,8,440.00,Delivered,
SHP-000548,2025-12-09,2025-12-12,2025-12-12,CUS-039,MAT-065,CAR-015,RTE-038,18,504.00,Delivered,
SHP-000549,2025-08-22,2025-08-25,2025-08-24,CUS-024,MAT-042,CAR-002,RTE-004,241,1012.20,Delivered,
SHP-000550,2026-03-16,2026-03-18,2026-03-23,CUS-050,MAT-062,CAR-010,RTE-030,3,255.00,Delayed,Wetter
SHP-000551,2026-06-10,2026-06-11,2026-06-11,CUS-037,MAT-073,CAR-002,RTE-014,3,285.00,Delivered,
SHP-000552,2026-02-18,2026-03-03,2026-03-03,CUS-019,MAT-074,CAR-012,RTE-034,21,17.85,Delivered,
SHP-000553,2026-01-12,2026-01-15,2026-01-15,CUS-005,MAT-006,CAR-003,RTE-007,39,46.80,Delivered,
SHP-000554,2025-08-23,2025-08-25,2025-08-25,CUS-039,MAT-077,CAR-008,RTE-021,83,39.84,Delivered,
SHP-000555,2026-07-29,2026-07-30,2026-07-30,CUS-008,MAT-004,CAR-002,RTE-016,33,102.30,Delivered,
SHP-000556,2026-01-28,2026-01-31,2026-01-31,CUS-001,MAT-020,CAR-009,RTE-025,177,1575.30,Delivered,
SHP-000557,2026-06-13,2026-06-15,2026-06-17,CUS-011,MAT-016,CAR-003,RTE-018,12,114.00,Delivered,Zoll
SHP-000558,2025-12-21,2025-12-23,2025-12-23,CUS-021,MAT-049,CAR-001,RTE-002,476,214.20,Delivered,
SHP-000559,2026-03-05,2026-03-09,2026-03-12,CUS-036,MAT-062,CAR-010,RTE-030,16,1360.00,Delayed,Wetter
SHP-000560,2025-01-23,2025-01-24,2025-01-24,CUS-025,MAT-056,CAR-003,RTE-010,89,1290.50,Delivered,
SHP-000561,2025-08-24,2025-08-26,2025-08-26,CUS-001,MAT-011,CAR-003,RTE-014,22,158.40,Delivered,
SHP-000562,2025-01-17,2025-01-21,2025-01-21,CUS-030,MAT-039,CAR-009,RTE-024,43,33.54,Delivered,
SHP-000563,2025-09-13,2025-09-15,2025-09-15,CUS-046,MAT-074,CAR-009,RTE-028,68,57.80,Delivered,
SHP-000564,2025-10-10,2025-10-13,2025-10-13,CUS-026,MAT-047,CAR-003,RTE-010,349,471.15,Delivered,
SHP-000565,2025-06-04,2025-06-06,2025-06-05,CUS-027,MAT-038,CAR-003,RTE-019,514,318.68,Delivered,
SHP-000566,2026-02-14,2026-02-16,2026-02-16,CUS-017,MAT-074,CAR-007,RTE-012,70,59.50,Delivered,
SHP-000567,2025-05-06,2025-05-07,2025-05-07,CUS-010,MAT-020,CAR-006,RTE-022,168,1495.20,Delivered,
SHP-000568,2026-01-23,2026-01-24,2026-01-28,CUS-011,MAT-015,CAR-004,RTE-021,152,1793.60,Delayed,Wetter
SHP-000569,2026-05-27,2026-06-09,2026-06-09,CUS-008,MAT-010,CAR-011,RTE-034,170,3145.00,Delivered,
SHP-000570,2025-05-13,2025-05-14,2025-05-14,CUS-033,MAT-078,CAR-001,RTE-008,10,1850.00,Delivered,
SHP-000571,2025-07-06,2025-07-08,2025-07-15,CUS-033,MAT-009,CAR-007,RTE-009,53,100.70,Delayed,Kapazität
SHP-000572,2026-07-06,2026-07-08,2026-07-07,CUS-001,MAT-003,CAR-007,RTE-010,237,1137.60,Delivered,
SHP-000573,2026-07-24,2026-07-27,2026-07-27,CUS-049,MAT-063,CAR-006,RTE-019,80,9.60,Delivered,
SHP-000574,2026-01-06,2026-02-05,2026-02-09,CUS-045,MAT-062,CAR-011,RTE-033,8,680.00,Delayed,Wetter
SHP-000575,2025-09-04,2025-09-08,2025-09-08,CUS-050,MAT-067,CAR-012,RTE-031,11,605.00,Delivered,
SHP-000576,2025-01-18,2025-01-20,2025-01-20,CUS-015,MAT-025,CAR-007,RTE-012,111,116.55,Delivered,
SHP-000577,2026-08-07,2026-08-10,2026-08-10,CUS-036,MAT-066,CAR-003,RTE-013,21,136.50,Delivered,
SHP-000578,2026-06-13,2026-06-15,2026-06-15,CUS-001,MAT-009,CAR-003,RTE-008,120,228.00,Delivered,
SHP-000579,2025-08-09,2025-08-11,2025-08-14,CUS-021,MAT-016,CAR-008,RTE-014,232,2204.00,Delayed,Wetter
SHP-000580,2025-10-21,2025-10-22,2025-10-22,CUS-026,MAT-056,CAR-006,RTE-018,414,6003.00,Delivered,
SHP-000581,2025-03-02,2025-03-03,2025-03-03,CUS-041,MAT-071,CAR-003,RTE-010,37,925.00,Delivered,
SHP-000582,2026-06-20,2026-06-22,2026-06-22,CUS-039,MAT-080,CAR-004,RTE-011,39,491.40,Delivered,
SHP-000583,2026-06-27,2026-06-29,2026-06-29,CUS-015,MAT-042,CAR-008,RTE-013,34,142.80,Delivered,
SHP-000584,2026-01-25,2026-01-27,2026-01-27,CUS-032,MAT-051,CAR-001,RTE-006,157,486.70,Delivered,
SHP-000585,2025-11-14,2025-11-15,2025-11-15,CUS-029,MAT-072,CAR-007,RTE-015,32,14.40,Delivered,
SHP-000586,2026-08-28,2026-08-31,2026-08-31,CUS-015,MAT-025,CAR-005,RTE-007,1528,1604.40,Delivered,
SHP-000587,2025-08-31,2025-09-02,2025-09-05,CUS-008,MAT-009,CAR-008,RTE-015,173,328.70,Delayed,Wetter
SHP-000588,2026-01-13,2026-02-07,2026-02-11,CUS-050,MAT-065,CAR-012,RTE-036,18,504.00,Delayed,Sonstiges
SHP-000589,2025-11-20,2025-11-22,2025-11-22,CUS-046,MAT-080,CAR-014,RTE-037,44,554.40,Delivered,
SHP-000590,2026-06-23,2026-06-24,2026-06-24,CUS-045,MAT-009,CAR-008,RTE-016,30,57.00,Delivered,
SHP-000591,2026-07-20,2026-08-17,2026-08-17,CUS-006,MAT-036,CAR-013,RTE-033,579,220.02,Delivered,
SHP-000592,2025-04-17,2025-04-21,2025-04-23,CUS-016,MAT-031,CAR-015,RTE-040,1343,282.03,Delivered,Wetter
SHP-000593,2026-07-03,2026-07-06,2026-07-06,CUS-009,MAT-006,CAR-009,RTE-029,18,21.60,Delivered,
SHP-000594,2025-07-10,2025-07-11,2025-07-11,CUS-023,MAT-041,CAR-002,RTE-003,407,386.65,Delivered,
SHP-000595,2026-07-17,2026-07-18,2026-07-22,CUS-029,MAT-037,CAR-002,RTE-019,417,75.06,Delayed,Zoll
SHP-000596,2025-04-19,2025-04-21,2025-04-21,CUS-036,MAT-071,CAR-007,RTE-004,64,1600.00,Delivered,
SHP-000597,2026-08-03,2026-08-05,2026-08-05,CUS-049,MAT-059,CAR-005,RTE-002,6,7500.00,Delivered,
SHP-000598,2025-12-15,2025-12-17,2025-12-17,CUS-006,MAT-010,CAR-006,RTE-002,105,1942.50,Delivered,
SHP-000599,2025-09-20,2025-10-24,2025-10-24,CUS-040,MAT-059,CAR-012,RTE-032,6,7500.00,Delivered,
SHP-000600,2026-05-28,2026-05-30,2026-05-30,CUS-037,MAT-080,CAR-010,RTE-028,68,856.80,Delivered,
SHP-000601,2025-03-10,2025-03-12,2025-03-12,CUS-030,MAT-032,CAR-005,RTE-014,739,36.95,Delivered,
SHP-000602,2025-10-11,2025-10-15,2025-10-17,CUS-036,MAT-075,CAR-009,RTE-024,44,14.08,Delivered,Sonstiges
SHP-000603,2025-11-24,2025-11-26,2025-11-26,CUS-026,MAT-038,CAR-004,RTE-002,72,44.64,Delivered,
SHP-000604,2026-05-02,2026-05-04,2026-05-04,CUS-018,MAT-021,CAR-004,RTE-022,132,10.56,Delivered,
SHP-000605,2026-07-16,2026-07-17,2026-07-17,CUS-029,MAT-058,CAR-003,RTE-009,132,72.60,Delivered,
SHP-000606,2025-05-01,2025-05-03,2025-05-03,CUS-044,MAT-076,CAR-001,RTE-013,64,2432.00,Delivered,
SHP-000607,2026-08-10,2026-08-13,2026-08-14,CUS-031,MAT-056,CAR-010,RTE-028,435,6307.50,Delivered,Wetter
SHP-000608,2025-04-13,2025-05-10,2025-05-10,CUS-042,MAT-065,CAR-012,RTE-032,61,1708.00,Delivered,
SHP-000609,2026-07-07,2026-07-08,2026-07-07,CUS-004,MAT-005,CAR-001,RTE-001,187,1009.80,Delivered,
SHP-000610,2025-01-08,2025-01-10,2025-01-10,CUS-022,MAT-046,CAR-001,RTE-013,457,2924.80,Delivered,
SHP-000611,2025-11-09,2025-11-12,2025-11-12,CUS-037,MAT-076,CAR-014,RTE-037,84,3192.00,Delivered,
SHP-000612,2026-07-01,2026-07-03,2026-07-03,CUS-012,MAT-034,CAR-001,RTE-018,1009,20.18,Delivered,
SHP-000613,2025-10-12,2025-10-15,2025-10-15,CUS-022,MAT-042,CAR-004,RTE-007,136,571.20,Delivered,
SHP-000614,2025-09-13,2025-09-15,2025-09-15,CUS-043,MAT-073,CAR-006,RTE-010,12,1140.00,Delivered,
SHP-000615,2025-04-21,2025-04-23,2025-04-23,CUS-031,MAT-039,CAR-002,RTE-005,75,58.50,Delivered,
SHP-000616,2025-04-22,2025-04-24,2025-04-23,CUS-013,MAT-021,CAR-003,RTE-009,105,8.40,Delivered,
SHP-000617,2026-04-22,2026-04-24,2026-04-24,CUS-012,MAT-016,CAR-007,RTE-011,76,722.00,Delivered,
SHP-000618,2026-08-10,2026-08-24,2026-08-24,CUS-031,MAT-038,CAR-013,RTE-034,78,48.36,Delivered,
SHP-000619,2025-05-22,2025-05-23,2025-05-23,CUS-005,MAT-017,CAR-001,RTE-021,48,16.80,Delivered,
SHP-000620,2025-03-30,2025-03-31,2025-03-30,CUS-026,MAT-041,CAR-007,RTE-011,248,235.60,Delivered,
SHP-000621,2026-03-22,2026-03-26,2026-03-26,CUS-043,MAT-068,CAR-009,RTE-024,52,790.40,Delivered,
SHP-000622,2026-07-04,2026-07-07,2026-07-12,CUS-027,MAT-041,CAR-010,RTE-029,507,481.65,Delayed,Wetter
SHP-000623,2025-09-15,2025-09-16,2025-09-16,CUS-049,MAT-033,CAR-014,RTE-038,1392,41.76,Delivered,
SHP-000624,2026-06-27,2026-08-01,2026-08-01,CUS-050,MAT-080,CAR-012,RTE-033,76,957.60,Delivered,
SHP-000625,2026-06-28,2026-07-01,2026-07-01,CUS-017,MAT-025,CAR-015,RTE-040,1306,1371.30,Delivered,
SHP-000626,2025-08-10,2025-08-14,2025-08-13,CUS-040,MAT-065,CAR-011,RTE-031,72,2016.00,Delivered,
SHP-000627,2025-12-11,2025-12-12,2025-12-12,CUS-028,MAT-057,CAR-008,RTE-001,147,705.60,Delivered,
SHP-000628,2025-02-06,2025-02-07,2025-02-07,CUS-026,MAT-048,CAR-003,RTE-017,505,909.00,Delivered,
SHP-000629,2026-06-04,2026-06-05,2026-06-05,CUS-023,MAT-055,CAR-005,RTE-021,203,1887.90,Delivered,
SHP-000630,2025-11-27,2025-11-28,2025-11-28,CUS-029,MAT-049,CAR-001,RTE-008,445,200.25,Delivered,
SHP-000631,2025-10-16,2025-10-18,2025-10-18,CUS-022,MAT-039,CAR-004,RTE-005,370,288.60,Delivered,
SHP-000632,2026-08-01,2026-08-03,2026-08-07,CUS-021,MAT-052,CAR-006,RTE-015,237,379.20,Delayed,Wetter
SHP-000633,2025-01-27,2025-01-29,2025-01-29,CUS-006,MAT-017,CAR-004,RTE-007,151,52.85,Delivered,
SHP-000634,2025-09-02,2025-09-03,2025-09-08,CUS-021,MAT-055,CAR-001,RTE-017,179,1664.70,Delayed,Wetter
SHP-000635,2026-04-05,2026-04-29,2026-05-07,CUS-022,MAT-046,CAR-011,RTE-032,86,550.40,Delayed,Wetter
SHP-000636,2026-05-29,2026-06-01,2026-06-01,CUS-029,MAT-047,CAR-010,RTE-030,414,558.90,Delivered,
SHP-000637,2025-09-25,2025-09-26,2025-09-30,CUS-035,MAT-069,CAR-005,RTE-020,56,1232.00,Delayed,Kapazität
SHP-000638,2026-04-24,2026-04-29,2026-04-28,CUS-037,MAT-064,CAR-012,RTE-035,77,292.60,Delivered,
SHP-000639,2025-11-03,2025-11-06,2025-11-06,CUS-049,MAT-060,CAR-011,RTE-035,21,386.40,Delivered,
SHP-000640,2025-09-20,2025-09-22,2025-09-27,CUS-015,MAT-035,CAR-005,RTE-018,1046,575.30,Delayed,Zoll
SHP-000641,2025-12-12,2025-12-15,2025-12-15,CUS-001,MAT-013,CAR-008,RTE-004,44,224.40,Delivered,
SHP-000642,2026-03-21,2026-03-24,2026-03-27,CUS-049,MAT-060,CAR-009,RTE-028,55,1012.00,Delayed,Kapazität
SHP-000643,2026-01-07,2026-01-08,2026-01-07,CUS-020,MAT-024,CAR-006,RTE-008,1081,129.72,Delivered,
SHP-000644,2025-06-09,2025-06-10,2025-06-09,CUS-003,MAT-014,CAR-003,RTE-001,76,942.40,Delivered,
SHP-000645,2026-06-05,2026-06-08,2026-06-08,CUS-039,MAT-063,CAR-004,RTE-014,32,3.84,Delivered,
SHP-000646,2026-05-17,2026-05-20,2026-05-19,CUS-008,MAT-014,CAR-014,RTE-040,82,1016.80,Delivered,
SHP-000647,2026-06-03,2026-06-18,2026-06-21,CUS-047,MAT-067,CAR-013,RTE-034,17,935.00,Delayed,Zoll
SHP-000648,2025-05-25,2025-05-28,2025-05-28,CUS-015,MAT-024,CAR-015,RTE-039,691,82.92,Delivered,
SHP-000649,2025-10-24,2025-10-27,,CUS-050,MAT-067,CAR-003,RTE-011,11,605.00,Cancelled,
SHP-000650,2026-02-26,2026-03-02,2026-03-02,CUS-036,MAT-059,CAR-010,RTE-023,5,6250.00,Delivered,
SHP-000651,2026-05-28,2026-05-30,2026-05-30,CUS-027,MAT-057,CAR-001,RTE-018,251,1204.80,Delivered,
SHP-000652,2025-03-31,2025-04-29,2025-05-04,CUS-043,MAT-064,CAR-013,RTE-036,30,114.00,Delayed,Wetter
SHP-000653,2026-05-15,2026-05-16,2026-05-15,CUS-035,MAT-065,CAR-005,RTE-020,35,980.00,Delivered,
SHP-000654,2026-02-06,2026-02-09,2026-02-09,CUS-025,MAT-056,CAR-008,RTE-007,469,6800.50,Delivered,
SHP-000655,2026-04-09,2026-04-10,2026-04-10,CUS-010,MAT-020,CAR-005,RTE-003,74,658.60,Delivered,
SHP-000656,2025-06-21,2025-06-23,,CUS-037,MAT-080,CAR-004,RTE-022,64,806.40,Cancelled,
SHP-000657,2026-08-28,2026-08-31,2026-08-31,CUS-022,MAT-057,CAR-004,RTE-011,86,412.80,Delivered,
SHP-000658,2025-07-30,2025-08-01,2025-08-01,CUS-039,MAT-066,CAR-004,RTE-014,30,195.00,Delivered,
SHP-000659,2025-08-07,2025-09-01,2025-09-03,CUS-050,MAT-072,CAR-011,RTE-032,86,38.70,Delivered,Zoll
SHP-000660,2025-06-12,2025-06-16,2025-06-16,CUS-030,MAT-047,CAR-009,RTE-026,450,607.50,Delivered,
SHP-000661,2026-01-03,2026-01-05,2026-01-05,CUS-049,MAT-078,CAR-005,RTE-004,2,370.00,Delivered,
SHP-000662,2026-01-21,2026-02-09,2026-02-16,CUS-036,MAT-060,CAR-011,RTE-034,14,257.60,Delayed,Wetter
SHP-000663,2026-01-29,2026-01-30,2026-01-30,CUS-021,MAT-050,CAR-007,RTE-020,220,61.60,Delivered,
SHP-000664,2025-03-20,2025-03-21,2025-03-21,CUS-005,MAT-001,CAR-005,RTE-011,160,1360.00,Delivered,
SHP-000665,2026-01-27,2026-01-28,2026-02-02,CUS-046,MAT-075,CAR-004,RTE-014,37,11.84,Delayed,Wetter
SHP-000666,2025-04-15,2025-04-17,2025-04-16,CUS-022,MAT-048,CAR-006,RTE-018,332,597.60,Delivered,
SHP-000667,2025-10-02,2025-10-03,2025-10-05,CUS-029,MAT-038,CAR-007,RTE-018,126,78.12,Delivered,Wetter
SHP-000668,2025-12-26,2025-12-29,2025-12-31,CUS-035,MAT-073,CAR-010,RTE-028,10,950.00,Delivered,Zoll
SHP-000669,2025-05-27,2025-05-28,2025-05-28,CUS-025,MAT-057,CAR-004,RTE-008,400,1920.00,Delivered,
SHP-000670,2025-12-19,2025-12-20,2025-12-20,CUS-020,MAT-021,CAR-003,RTE-003,635,50.80,Delivered,
SHP-000671,2025-06-27,2025-06-28,2025-06-28,CUS-019,MAT-027,CAR-002,RTE-006,735,161.70,Delivered,
SHP-000672,2026-02-16,2026-02-17,2026-02-17,CUS-008,MAT-004,CAR-001,RTE-022,94,291.40,Delivered,
SHP-000673,2025-02-19,2025-02-20,2025-02-20,CUS-041,MAT-075,CAR-015,RTE-040,22,7.04,Delivered,
SHP-000674,2025-07-16,2025-07-17,2025-07-17,CUS-020,MAT-028,CAR-015,RTE-038,711,462.15,Delivered,
SHP-000675,2026-05-01,2026-06-06,2026-06-16,CUS-006,MAT-019,CAR-013,RTE-032,177,49.56,Delayed,Zoll
SHP-000676,2025-11-07,2025-11-08,2025-11-08,CUS-020,MAT-026,CAR-004,RTE-012,1010,40.40,Delivered,
SHP-000677,2025-07-24,2025-07-25,2025-07-25,CUS-029,MAT-007,CAR-003,RTE-008,154,431.20,Delivered,
SHP-000678,2025-02-02,2025-02-03,2025-02-03,CUS-004,MAT-010,CAR-002,RTE-012,167,3089.50,Delivered,
SHP-000679,2025-06-29,2025-06-30,2025-06-30,CUS-019,MAT-029,CAR-004,RTE-006,775,139.50,Delivered,
SHP-000680,2025-12-14,2025-12-16,2025-12-16,CUS-028,MAT-028,CAR-003,RTE-003,442,287.30,Delivered,
SHP-000681,2026-04-13,2026-05-18,2026-05-25,CUS-039,MAT-065,CAR-013,RTE-032,75,2100.00,Delayed,Zoll
SHP-000682,2026-02-15,2026-03-23,2026-03-25,CUS-040,MAT-071,CAR-011,RTE-036,25,625.00,Delivered,Kapazität
SHP-000683,2025-03-05,2025-03-06,2025-03-06,CUS-024,MAT-054,CAR-003,RTE-015,243,24.30,Delivered,
SHP-000684,2026-04-04,2026-04-06,2026-04-06,CUS-022,MAT-048,CAR-003,RTE-005,438,788.40,Delivered,
SHP-000685,2026-05-02,2026-05-04,2026-05-04,CUS-022,MAT-054,CAR-001,RTE-019,102,10.20,Delivered,
SHP-000686,2025-09-13,2025-10-03,2025-10-07,CUS-041,MAT-077,CAR-011,RTE-034,55,26.40,Delayed,Kapazität
SHP-000687,2026-05-25,2026-05-27,,CUS-033,MAT-064,CAR-002,RTE-018,68,258.40,Cancelled,
SHP-000688,2025-12-02,2025-12-03,2025-12-07,CUS-010,MAT-013,CAR-002,RTE-008,22,112.20,Delayed,Wetter
SHP-000689,2025-09-12,2025-09-13,2025-09-13,CUS-021,MAT-041,CAR-006,RTE-016,90,85.50,Delivered,
SHP-000690,2026-03-23,2026-03-30,2026-03-30,CUS-034,MAT-077,CAR-011,RTE-035,41,19.68,Delivered,
SHP-000691,2026-01-01,2026-01-03,2026-01-03,CUS-042,MAT-066,CAR-009,RTE-030,42,273.00,Delivered,
SHP-000692,2025-05-06,2025-05-10,2025-05-10,CUS-043,MAT-071,CAR-009,RTE-025,64,1600.00,Delivered,
SHP-000693,2026-01-31,2026-02-02,2026-02-02,CUS-005,MAT-002,CAR-002,RTE-006,178,1103.60,Delivered,
SHP-000694,2025-03-18,2025-03-19,2025-03-19,CUS-011,MAT-018,CAR-001,RTE-012,112,47.04,Delivered,
SHP-000695,2025-09-18,2025-09-19,2025-09-19,CUS-023,MAT-080,CAR-003,RTE-013,56,705.60,Delivered,
SHP-000696,2026-02-17,2026-02-19,2026-02-19,CUS-007,MAT-015,CAR-001,RTE-003,120,1416.00,Delivered,
SHP-000697,2025-04-28,2025-04-30,2025-05-03,CUS-008,MAT-026,CAR-006,RTE-018,62,2.48,Delayed,Zoll
SHP-000698,2026-05-16,2026-05-18,2026-05-18,CUS-036,MAT-076,CAR-007,RTE-002,90,3420.00,Delivered,
SHP-000699,2025-09-03,2025-09-04,2025-09-04,CUS-016,MAT-002,CAR-015,RTE-038,59,365.80,Delivered,
SHP-000700,2026-05-27,2026-05-28,2026-05-27,CUS-017,MAT-023,CAR-007,RTE-004,1522,228.30,Delivered,
SHP-000701,2025-03-28,2025-03-31,2025-04-03,CUS-016,MAT-027,CAR-010,RTE-029,256,56.32,Delayed,Wetter
SHP-000702,2025-08-31,2025-09-01,2025-09-01,CUS-001,MAT-008,CAR-005,RTE-009,234,842.40,Delivered,
SHP-000703,2026-08-08,2026-08-15,2026-08-15,CUS-050,MAT-076,CAR-011,RTE-035,47,1786.00,Delivered,
SHP-000704,2026-02-22,2026-02-23,,CUS-050,MAT-069,CAR-008,RTE-011,48,1056.00,Cancelled,
SHP-000705,2026-03-16,2026-03-18,,CUS-046,MAT-075,CAR-009,RTE-026,35,11.20,Cancelled,
SHP-000706,2025-02-15,2025-03-17,2025-03-18,CUS-039,MAT-066,CAR-012,RTE-032,69,448.50,Delivered,Wetter
SHP-000707,2025-07-31,2025-08-01,2025-08-01,CUS-013,MAT-035,CAR-014,RTE-039,1106,608.30,Delivered,
SHP-000708,2026-07-09,2026-07-13,2026-07-13,CUS-038,MAT-069,CAR-004,RTE-007,37,814.00,Delivered,
SHP-000709,2025-11-12,2025-11-13,2025-11-13,CUS-044,MAT-064,CAR-001,RTE-001,12,45.60,Delivered,
SHP-000710,2025-10-29,2025-10-30,2025-10-30,CUS-005,MAT-007,CAR-003,RTE-003,192,537.60,Delivered,
SHP-000711,2026-08-15,2026-08-17,2026-08-17,CUS-015,MAT-027,CAR-001,RTE-016,813,178.86,Delivered,
SHP-000712,2025-03-03,2025-03-05,2025-03-05,CUS-037,MAT-074,CAR-003,RTE-013,82,69.70,Delivered,
SHP-000713,2025-08-09,2025-08-11,2025-08-10,CUS-020,MAT-030,CAR-004,RTE-020,1001,90.09,Delivered,
SHP-000714,2026-08-14,2026-08-17,2026-08-17,CUS-043,MAT-070,CAR-008,RTE-014,55,924.00,Delivered,
SHP-000715,2025-10-11,2025-11-08,2025-11-08,CUS-021,MAT-013,CAR-011,RTE-032,205,1045.50,Delivered,
SHP-000716,2025-06-14,2025-06-16,2025-06-16,CUS-025,MAT-038,CAR-006,RTE-014,495,306.90,Delivered,
SHP-000717,2026-01-16,2026-01-19,2026-01-23,CUS-036,MAT-067,CAR-009,RTE-025,1,55.00,Delayed,Kapazität
SHP-000718,2025-04-27,2025-04-30,2025-04-30,CUS-021,MAT-039,CAR-007,RTE-007,153,119.34,Delivered,
SHP-000719,2025-03-21,2025-04-23,2025-04-30,CUS-045,MAT-072,CAR-013,RTE-036,50,22.50,Delayed,Wetter
SHP-000720,2025-09-29,2025-10-01,2025-10-01,CUS-036,MAT-016,CAR-006,RTE-003,175,1662.50,Delivered,
SHP-000721,2026-05-18,2026-05-19,2026-05-19,CUS-009,MAT-016,CAR-004,RTE-004,59,560.50,Delivered,
SHP-000722,2026-02-05,2026-02-06,2026-02-05,CUS-014,MAT-034,CAR-001,RTE-020,640,12.80,Delivered,
SHP-000723,2025-06-29,2025-07-02,2025-07-01,CUS-001,MAT-016,CAR-009,RTE-024,178,1691.00,Delivered,
SHP-000724,2025-11-01,2025-11-03,2025-11-03,CUS-026,MAT-075,CAR-015,RTE-039,83,26.56,Delivered,
SHP-000725,2026-08-17,2026-08-20,,CUS-050,MAT-070,CAR-010,RTE-029,18,302.40,Cancelled,
SHP-000726,2025-07-07,2025-07-09,2025-07-09,CUS-044,MAT-063,CAR-007,RTE-004,37,4.44,Delivered,
SHP-000727,2026-05-17,2026-05-18,2026-05-21,CUS-024,MAT-043,CAR-008,RTE-021,348,295.80,Delayed,Kapazität
SHP-000728,2025-08-19,2025-08-20,2025-08-20,CUS-035,MAT-074,CAR-007,RTE-020,90,76.50,Delivered,
SHP-000729,2026-05-08,2026-05-11,2026-05-11,CUS-015,MAT-025,CAR-014,RTE-037,1418,1488.90,Delivered,
SHP-000730,2025-04-30,2025-05-02,2025-05-02,CUS-046,MAT-074,CAR-009,RTE-026,19,16.15,Delivered,
SHP-000731,2026-08-03,2026-08-05,2026-08-05,CUS-048,MAT-067,CAR-005,RTE-009,4,220.00,Delivered,
SHP-000732,2025-09-05,2025-09-09,2025-09-09,CUS-025,MAT-047,CAR-010,RTE-024,358,483.30,Delivered,
SHP-000733,2026-04-06,2026-04-07,2026-04-07,CUS-041,MAT-062,CAR-001,RTE-004,4,340.00,Delivered,
SHP-000734,2025-09-12,2025-09-15,2025-09-15,CUS-020,MAT-030,CAR-002,RTE-018,694,62.46,Delivered,
SHP-000735,2026-06-09,2026-06-11,2026-06-11,CUS-006,MAT-019,CAR-001,RTE-013,45,12.60,Delivered,
SHP-000736,2026-05-26,2026-05-27,2026-05-27,CUS-035,MAT-068,CAR-007,RTE-022,82,1246.40,Delivered,
SHP-000737,2026-03-16,2026-04-15,2026-04-15,CUS-015,MAT-036,CAR-012,RTE-032,160,60.80,Delivered,
SHP-000738,2026-04-26,2026-04-30,2026-04-30,CUS-011,MAT-008,CAR-010,RTE-023,194,698.40,Delivered,
SHP-000739,2026-08-25,2026-08-27,2026-08-27,CUS-043,MAT-076,CAR-006,RTE-014,56,2128.00,Delivered,
SHP-000740,2026-05-05,2026-05-06,2026-05-06,CUS-047,MAT-076,CAR-003,RTE-005,44,1672.00,Delivered,
SHP-000741,2025-01-09,2025-01-13,2025-01-13,CUS-036,MAT-063,CAR-006,RTE-007,79,9.48,Delivered,
SHP-000742,2025-11-02,2025-11-03,2025-11-03,CUS-020,MAT-026,CAR-014,RTE-037,280,11.20,Delivered,
SHP-000743,2025-11-11,2025-11-13,2025-11-13,CUS-050,MAT-071,CAR-002,RTE-004,82,2050.00,Delivered,
SHP-000744,2026-02-13,2026-02-16,2026-02-16,CUS-036,MAT-080,CAR-007,RTE-015,86,1083.60,Delivered,
SHP-000745,2025-12-30,2026-01-01,2026-01-01,CUS-004,MAT-017,CAR-005,RTE-019,185,64.75,Delivered,
SHP-000746,2025-02-18,2025-02-20,2025-02-20,CUS-025,MAT-050,CAR-001,RTE-005,118,33.04,Delivered,
SHP-000747,2025-12-10,2025-12-11,2025-12-12,CUS-042,MAT-075,CAR-007,RTE-017,21,6.72,Delivered,Kapazität
SHP-000748,2025-03-30,2025-03-31,2025-04-02,CUS-009,MAT-006,CAR-007,RTE-015,155,186.00,Delivered,Zoll
SHP-000749,2026-08-18,2026-08-20,2026-08-23,CUS-004,MAT-010,CAR-002,RTE-018,8,148.00,Delayed,Sonstiges
SHP-000750,2026-08-23,2026-08-25,2026-08-24,CUS-034,MAT-077,CAR-004,RTE-011,83,39.84,Delivered,
SHP-000751,2026-01-16,2026-01-19,2026-01-21,CUS-042,MAT-065,CAR-008,RTE-007,81,2268.00,Delivered,Zoll
SHP-000752,2026-07-31,2026-08-22,2026-08-27,CUS-028,MAT-057,CAR-012,RTE-034,241,1156.80,Delayed,Wetter
SHP-000753,2026-05-21,2026-05-28,2026-06-01,CUS-050,MAT-065,CAR-012,RTE-035,26,728.00,Delayed,Sonstiges
SHP-000754,2026-03-04,2026-03-06,2026-03-09,CUS-020,MAT-028,CAR-004,RTE-004,175,113.75,Delayed,Sonstiges
SHP-000755,2025-06-02,2025-06-03,2025-06-06,CUS-008,MAT-009,CAR-008,RTE-013,208,395.20,Delayed,Kapazität
SHP-000756,2025-12-18,2025-12-20,2025-12-24,CUS-029,MAT-040,CAR-007,RTE-019,74,85.10,Delayed,Sonstiges
SHP-000757,2025-04-02,2025-04-03,2025-04-03,CUS-009,MAT-018,CAR-004,RTE-013,183,76.86,Delivered,
SHP-000758,2025-06-18,2025-06-21,2025-06-21,CUS-020,MAT-022,CAR-015,RTE-039,896,62.72,Delivered,
SHP-000759,2026-06-25,2026-06-29,2026-07-06,CUS-041,MAT-067,CAR-013,RTE-035,10,550.00,Delayed,Zoll
SHP-000760,2025-02-13,2025-02-18,2025-02-17,CUS-043,MAT-061,CAR-011,RTE-031,18,756.00,Delivered,
SHP-000761,2026-02-28,2026-03-02,2026-03-02,CUS-049,MAT-063,CAR-006,RTE-017,21,2.52,Delivered,
SHP-000762,2026-02-19,2026-03-30,2026-04-02,CUS-038,MAT-076,CAR-013,RTE-032,73,2774.00,Delayed,Wetter
SHP-000763,2026-06-01,2026-07-03,2026-07-03,CUS-035,MAT-075,CAR-011,RTE-032,51,16.32,Delivered,
SHP-000764,2025-11-07,2025-11-10,,CUS-020,MAT-028,CAR-014,RTE-037,476,309.40,Cancelled,
SHP-000765,2026-07-02,2026-08-10,2026-08-09,CUS-032,MAT-046,CAR-012,RTE-036,261,1670.40,Delivered,
SHP-000766,2026-03-27,2026-03-28,,CUS-001,MAT-010,CAR-003,RTE-001,98,1813.00,Cancelled,
SHP-000767,2026-07-13,2026-07-14,2026-07-14,CUS-022,MAT-053,CAR-003,RTE-005,103,53.56,Delivered,
SHP-000768,2025-10-12,2025-10-14,2025-10-13,CUS-020,MAT-026,CAR-001,RTE-009,371,14.84,Delivered,
SHP-000769,2025-10-01,2025-10-03,2025-10-03,CUS-045,MAT-062,CAR-001,RTE-002,2,170.00,Delivered,
SHP-000770,2026-03-22,2026-03-23,2026-03-23,CUS-034,MAT-072,CAR-007,RTE-016,57,25.65,Delivered,
SHP-000771,2025-11-17,2025-11-20,2025-11-20,CUS-021,MAT-040,CAR-009,RTE-025,50,57.50,Delivered,
SHP-000772,2025-06-18,2025-06-19,2025-06-18,CUS-037,MAT-068,CAR-006,RTE-003,71,1079.20,Delivered,
SHP-000773,2025-11-19,2025-11-20,2025-11-20,CUS-014,MAT-034,CAR-006,RTE-004,426,8.52,Delivered,
SHP-000774,2025-10-05,2025-10-08,2025-10-12,CUS-012,MAT-002,CAR-008,RTE-007,59,365.80,Delayed,Zoll
SHP-000775,2025-10-05,2025-10-06,2025-10-06,CUS-036,MAT-066,CAR-001,RTE-016,44,286.00,Delivered,
SHP-000776,2026-04-08,2026-04-09,2026-04-08,CUS-036,MAT-060,CAR-001,RTE-001,42,772.80,Delivered,
SHP-000777,2025-01-12,2025-01-14,2025-01-14,CUS-009,MAT-012,CAR-001,RTE-004,205,1394.00,Delivered,
SHP-000778,2025-09-09,2025-09-10,2025-09-09,CUS-019,MAT-032,CAR-002,RTE-009,307,15.35,Delivered,
SHP-000779,2025-02-25,2025-02-27,2025-02-27,CUS-050,MAT-065,CAR-008,RTE-015,85,2380.00,Delivered,
SHP-000780,2025-06-21,2025-06-23,2025-06-23,CUS-011,MAT-002,CAR-004,RTE-014,96,595.20,Delivered,
SHP-000781,2025-04-03,2025-04-04,2025-04-04,CUS-046,MAT-021,CAR-006,RTE-009,1199,95.92,Delivered,
SHP-000782,2026-04-12,2026-04-18,2026-04-18,CUS-042,MAT-076,CAR-011,RTE-031,77,2926.00,Delivered,
SHP-000783,2026-05-05,2026-05-06,2026-05-06,CUS-009,MAT-007,CAR-007,RTE-001,136,380.80,Delivered,
SHP-000784,2025-06-12,2025-06-13,2025-06-13,CUS-011,MAT-018,CAR-001,RTE-008,171,71.82,Delivered,
SHP-000785,2025-01-02,2025-01-04,2025-01-03,CUS-015,MAT-028,CAR-015,RTE-038,1335,867.75,Delivered,
SHP-000786,2026-08-22,2026-08-24,2026-08-24,CUS-036,MAT-063,CAR-002,RTE-020,7,0.84,Delivered,
SHP-000787,2026-03-07,2026-03-11,2026-03-11,CUS-009,MAT-018,CAR-010,RTE-024,230,96.60,Delivered,
SHP-000788,2025-06-08,2025-06-10,2025-06-09,CUS-022,MAT-043,CAR-002,RTE-013,246,209.10,Delivered,
SHP-000789,2025-05-06,2025-05-07,2025-05-07,CUS-009,MAT-006,CAR-008,RTE-016,13,15.60,Delivered,
SHP-000790,2026-02-10,2026-02-11,2026-02-12,CUS-036,MAT-063,CAR-004,RTE-008,18,2.16,Delivered,Kapazität
SHP-000791,2026-02-10,2026-02-11,2026-02-16,CUS-031,MAT-037,CAR-006,RTE-001,91,16.38,Delayed,Wetter
SHP-000792,2025-03-04,2025-03-05,2025-03-05,CUS-001,MAT-004,CAR-007,RTE-011,130,403.00,Delivered,
SHP-000793,2025-03-30,2025-03-31,2025-04-04,CUS-016,MAT-028,CAR-005,RTE-009,250,162.50,Delayed,Kapazität
SHP-000794,2026-02-16,2026-02-17,2026-02-17,CUS-007,MAT-001,CAR-001,RTE-013,233,1980.50,Delivered,
SHP-000795,2026-01-24,2026-01-26,2026-01-26,CUS-046,MAT-062,CAR-003,RTE-010,12,1020.00,Delivered,
SHP-000796,2025-04-17,2025-04-19,2025-04-19,CUS-031,MAT-053,CAR-006,RTE-006,375,195.00,Delivered,
SHP-000797,2026-05-04,2026-06-10,2026-06-18,CUS-006,MAT-012,CAR-013,RTE-036,46,312.80,Delayed,Wetter
SHP-000798,2026-08-08,2026-08-13,2026-08-13,CUS-036,MAT-074,CAR-012,RTE-031,24,20.40,Delivered,
SHP-000799,2026-02-05,2026-02-06,2026-02-06,CUS-021,MAT-050,CAR-005,RTE-014,434,121.52,Delivered,
SHP-000800,2026-01-04,2026-01-05,2026-01-05,CUS-028,MAT-052,CAR-003,RTE-008,293,468.80,Delivered,
SHP-000801,2025-11-02,2025-11-03,2025-11-03,CUS-036,MAT-059,CAR-003,RTE-001,1,1250.00,Delivered,
SHP-000802,2026-07-13,2026-07-14,2026-07-16,CUS-043,MAT-068,CAR-008,RTE-018,32,486.40,Delivered,Wetter
SHP-000803,2025-02-25,2025-02-27,2025-03-01,CUS-020,MAT-048,CAR-005,RTE-004,469,844.20,Delivered,Wetter
SHP-000804,2025-04-10,2025-04-12,2025-04-12,CUS-004,MAT-014,CAR-004,RTE-006,186,2306.40,Delivered,
SHP-000805,2026-02-09,2026-02-11,2026-02-11,CUS-022,MAT-037,CAR-001,RTE-005,408,73.44,Delivered,
SHP-000806,2025-11-18,2025-11-20,2025-11-24,CUS-022,MAT-051,CAR-008,RTE-009,140,434.00,Delayed,Sonstiges
SHP-000807,2025-05-08,2025-05-10,2025-05-14,CUS-050,MAT-065,CAR-002,RTE-002,77,2156.00,Delayed,Kapazität
SHP-000808,2025-05-15,2025-05-16,2025-05-16,CUS-016,MAT-033,CAR-005,RTE-012,253,7.59,Delivered,
SHP-000809,2026-04-15,2026-04-18,2026-04-17,CUS-001,MAT-018,CAR-005,RTE-007,56,23.52,Delivered,
SHP-000810,2025-07-29,2025-08-01,2025-08-01,CUS-015,MAT-022,CAR-009,RTE-030,57,3.99,Delivered,
SHP-000811,2025-03-13,2025-03-15,2025-03-17,CUS-026,MAT-049,CAR-006,RTE-005,483,217.35,Delivered,Kapazität
SHP-000812,2025-04-17,2025-04-19,2025-04-19,CUS-001,MAT-016,CAR-002,RTE-002,28,266.00,Delivered,
SHP-000813,2025-11-18,2025-11-20,2025-11-20,CUS-045,MAT-079,CAR-008,RTE-006,5,1050.00,Delivered,
SHP-000814,2026-03-21,2026-03-24,2026-03-23,CUS-041,MAT-070,CAR-009,RTE-029,36,604.80,Delivered,
SHP-000815,2026-06-19,2026-06-20,2026-06-19,CUS-008,MAT-016,CAR-001,RTE-001,230,2185.00,Delivered,
SHP-000816,2025-08-22,2025-08-23,2025-08-23,CUS-005,MAT-010,CAR-005,RTE-009,53,980.50,Delivered,
SHP-000817,2026-08-15,2026-08-19,2026-08-19,CUS-050,MAT-073,CAR-010,RTE-025,2,190.00,Delivered,
SHP-000818,2025-09-03,2025-09-04,2025-09-10,CUS-031,MAT-051,CAR-008,RTE-020,235,728.50,Delayed,Kapazität
SHP-000819,2025-12-23,2025-12-25,2025-12-25,CUS-002,MAT-002,CAR-010,RTE-026,226,1401.20,Delivered,
SHP-000820,2026-02-09,2026-02-12,2026-02-12,CUS-043,MAT-073,CAR-009,RTE-028,4,380.00,Delivered,
SHP-000821,2026-08-29,2026-08-31,2026-08-31,CUS-047,MAT-065,CAR-003,RTE-003,33,924.00,Delivered,
SHP-000822,2025-01-26,2025-01-29,2025-01-29,CUS-001,MAT-016,CAR-003,RTE-007,206,1957.00,Delivered,
SHP-000823,2026-03-04,2026-03-05,2026-03-09,CUS-022,MAT-038,CAR-008,RTE-001,153,94.86,Delayed,Wetter
SHP-000824,2026-07-02,2026-07-06,2026-07-06,CUS-004,MAT-015,CAR-011,RTE-035,220,2596.00,Delivered,
SHP-000825,2025-12-08,2025-12-09,2025-12-09,CUS-050,MAT-065,CAR-004,RTE-014,61,1708.00,Delivered,
SHP-000826,2025-04-13,2025-04-14,2025-04-14,CUS-001,MAT-020,CAR-005,RTE-022,218,1940.20,Delivered,
SHP-000827,2025-03-24,2025-03-27,2025-03-27,CUS-016,MAT-035,CAR-015,RTE-040,872,479.60,Delivered,
SHP-000828,2025-05-30,2025-05-31,2025-05-31,CUS-049,MAT-079,CAR-001,RTE-019,4,840.00,Delivered,
SHP-000829,2025-08-28,2025-08-30,2025-08-30,CUS-011,MAT-007,CAR-014,RTE-037,237,663.60,Delivered,
SHP-000830,2025-10-04,2025-10-06,2025-10-06,CUS-026,MAT-050,CAR-007,RTE-012,82,22.96,Delivered,
SHP-000831,2025-10-11,2025-10-13,2025-10-13,CUS-028,MAT-050,CAR-006,RTE-022,383,107.24,Delivered,
SHP-000832,2025-09-26,2025-09-27,2025-09-27,CUS-050,MAT-062,CAR-005,RTE-001,18,1530.00,Delivered,
SHP-000833,2025-03-24,2025-03-26,2025-03-26,CUS-001,MAT-014,CAR-004,RTE-015,39,483.60,Delivered,
SHP-000834,2025-11-22,2025-11-24,2025-11-24,CUS-046,MAT-071,CAR-007,RTE-012,90,2250.00,Delivered,
SHP-000835,2025-09-03,2025-09-04,2025-09-04,CUS-022,MAT-050,CAR-001,RTE-001,443,124.04,Delivered,
SHP-000836,2025-09-15,2025-09-16,2025-09-16,CUS-029,MAT-054,CAR-015,RTE-038,434,43.40,Delivered,
SHP-000837,2025-06-07,2025-06-11,2025-06-11,CUS-021,MAT-049,CAR-011,RTE-035,282,126.90,Delivered,
SHP-000838,2025-03-10,2025-03-12,2025-03-11,CUS-039,MAT-076,CAR-002,RTE-011,7,266.00,Delivered,
SHP-000839,2025-04-04,2025-04-08,2025-04-08,CUS-036,MAT-061,CAR-010,RTE-023,12,504.00,Delivered,
SHP-000840,2026-07-25,2026-07-28,2026-07-27,CUS-010,MAT-013,CAR-009,RTE-023,171,872.10,Delivered,
SHP-000841,2025-11-14,2025-11-17,2025-11-16,CUS-047,MAT-063,CAR-001,RTE-006,32,3.84,Delivered,
SHP-000842,2025-07-28,2025-07-30,2025-07-30,CUS-004,MAT-003,CAR-003,RTE-014,214,1027.20,Delivered,
SHP-000843,2025-11-08,2025-11-10,2025-11-11,CUS-034,MAT-060,CAR-008,RTE-011,82,1508.80,Delivered,Kapazität
SHP-000844,2025-05-29,2025-05-30,2025-05-30,CUS-010,MAT-025,CAR-001,RTE-012,323,339.15,Delivered,
SHP-000845,2025-10-29,2025-10-31,2025-10-31,CUS-015,MAT-023,CAR-005,RTE-018,933,139.95,Delivered,
SHP-000846,2026-04-21,2026-04-23,2026-04-23,CUS-008,MAT-009,CAR-015,RTE-037,50,95.00,Delivered,
SHP-000847,2025-09-09,2025-09-13,2025-09-12,CUS-045,MAT-067,CAR-011,RTE-035,12,660.00,Delivered,
SHP-000848,2026-06-23,2026-06-25,2026-06-29,CUS-008,MAT-067,CAR-005,RTE-010,12,660.00,Delayed,Kapazität
SHP-000849,2026-04-28,2026-04-29,2026-05-04,CUS-041,MAT-061,CAR-003,RTE-012,1,42.00,Delayed,Zoll
SHP-000850,2025-05-26,2025-05-27,2025-05-27,CUS-029,MAT-044,CAR-002,RTE-013,76,6.08,Delivered,
SHP-000851,2025-10-10,2025-10-27,2025-10-27,CUS-041,MAT-077,CAR-013,RTE-034,31,14.88,Delivered,
SHP-000852,2025-09-08,2025-09-09,2025-09-09,CUS-050,MAT-062,CAR-003,RTE-020,1,85.00,Delivered,
SHP-000853,2025-12-07,2025-12-09,2025-12-14,CUS-050,MAT-068,CAR-001,RTE-013,11,167.20,Delayed,Zoll
SHP-000854,2025-11-14,2025-11-15,2025-11-15,CUS-036,MAT-070,CAR-006,RTE-018,56,940.80,Delivered,
SHP-000855,2025-02-07,2025-02-10,2025-02-10,CUS-033,MAT-070,CAR-011,RTE-031,23,386.40,Delivered,
SHP-000856,2025-12-09,2025-12-10,2025-12-11,CUS-022,MAT-043,CAR-007,RTE-012,502,426.70,Delivered,Kapazität
SHP-000857,2025-09-06,2025-09-08,2025-09-07,CUS-006,MAT-003,CAR-007,RTE-020,51,244.80,Delivered,
SHP-000858,2025-12-04,2026-01-06,2026-01-06,CUS-016,MAT-034,CAR-011,RTE-036,1018,20.36,Delivered,
SHP-000859,2025-12-22,2026-01-28,2026-01-28,CUS-037,MAT-067,CAR-011,RTE-036,8,440.00,Delivered,
SHP-000860,2026-05-20,2026-05-21,2026-05-21,CUS-004,MAT-002,CAR-002,RTE-022,132,818.40,Delivered,
SHP-000861,2025-11-20,2025-11-21,2025-11-21,CUS-027,MAT-046,CAR-001,RTE-021,136,870.40,Delivered,
SHP-000862,2026-03-06,2026-03-09,2026-03-08,CUS-031,MAT-049,CAR-003,RTE-009,355,159.75,Delivered,
SHP-000863,2025-10-20,2025-10-21,2025-10-24,CUS-006,MAT-042,CAR-005,RTE-016,84,352.80,Delayed,Zoll
SHP-000864,2025-02-07,2025-02-10,2025-02-10,CUS-021,MAT-047,CAR-003,RTE-009,398,537.30,Delivered,
SHP-000865,2025-02-08,2025-02-10,2025-02-13,CUS-009,MAT-020,CAR-001,RTE-014,36,320.40,Delayed,Wetter
SHP-000866,2025-09-22,2025-09-23,2025-09-23,CUS-013,MAT-029,CAR-006,RTE-020,247,44.46,Delivered,
SHP-000867,2025-07-13,2025-07-14,2025-07-14,CUS-025,MAT-043,CAR-006,RTE-010,72,61.20,Delivered,
SHP-000868,2025-05-11,2025-05-12,2025-05-12,CUS-038,MAT-066,CAR-001,RTE-022,24,156.00,Delivered,
SHP-000869,2026-08-13,2026-08-14,2026-08-13,CUS-001,MAT-003,CAR-005,RTE-001,8,38.40,Delivered,
SHP-000870,2026-04-14,2026-04-17,2026-04-17,CUS-042,MAT-068,CAR-012,RTE-035,18,273.60,Delivered,
SHP-000871,2025-01-12,2025-01-15,2025-01-15,CUS-037,MAT-067,CAR-009,RTE-027,10,550.00,Delivered,
SHP-000872,2026-03-30,2026-03-31,2026-03-31,CUS-043,MAT-078,CAR-006,RTE-009,5,925.00,Delivered,
SHP-000873,2026-04-08,2026-04-09,2026-04-09,CUS-007,MAT-008,CAR-003,RTE-014,104,374.40,Delivered,
SHP-000874,2026-03-02,2026-03-04,2026-03-04,CUS-035,MAT-073,CAR-014,RTE-038,13,1235.00,Delivered,
SHP-000875,2025-10-22,2025-10-27,2025-10-29,CUS-010,MAT-011,CAR-009,RTE-024,81,583.20,Delivered,Sonstiges
SHP-000876,2025-11-10,2025-11-11,2025-11-11,CUS-023,MAT-046,CAR-002,RTE-022,433,2771.20,Delivered,
SHP-000877,2026-05-29,2026-05-30,2026-05-30,CUS-042,MAT-074,CAR-003,RTE-014,38,32.30,Delivered,
SHP-000878,2025-04-12,2025-04-14,2025-04-14,CUS-026,MAT-054,CAR-006,RTE-003,124,12.40,Delivered,
SHP-000879,2026-08-12,2026-08-14,2026-08-14,CUS-001,MAT-008,CAR-009,RTE-029,236,849.60,Delivered,
SHP-000880,2025-05-18,2025-05-21,2025-05-20,CUS-029,MAT-047,CAR-010,RTE-025,237,319.95,Delivered,
SHP-000881,2025-12-03,2025-12-05,2025-12-05,CUS-029,MAT-054,CAR-001,RTE-014,184,18.40,Delivered,
SHP-000882,2026-04-21,2026-04-22,2026-04-22,CUS-018,MAT-034,CAR-001,RTE-018,1587,31.74,Delivered,
SHP-000883,2025-02-11,2025-02-13,2025-02-20,CUS-029,MAT-056,CAR-007,RTE-019,88,1276.00,Delayed,Kapazität
SHP-000884,2026-01-12,2026-01-13,2026-01-12,CUS-026,MAT-039,CAR-001,RTE-021,313,244.14,Delivered,
SHP-000885,2026-04-06,2026-04-13,2026-04-13,CUS-038,MAT-060,CAR-011,RTE-035,23,423.20,Delivered,
SHP-000886,2025-01-01,2025-01-04,2025-01-03,CUS-015,MAT-021,CAR-014,RTE-038,287,22.96,Delivered,
SHP-000887,2025-11-08,2025-11-10,2025-11-10,CUS-001,MAT-013,CAR-003,RTE-004,217,1106.70,Delivered,
SHP-000888,2025-01-18,2025-01-20,2025-01-20,CUS-031,MAT-058,CAR-001,RTE-014,443,243.65,Delivered,
SHP-000889,2026-01-08,2026-01-09,2026-01-08,CUS-036,MAT-074,CAR-001,RTE-022,41,34.85,Delivered,
SHP-000890,2025-01-10,2025-01-13,2025-01-13,CUS-022,MAT-037,CAR-005,RTE-004,41,7.38,Delivered,
SHP-000891,2026-08-20,2026-08-22,2026-08-22,CUS-002,MAT-005,CAR-002,RTE-015,136,734.40,Delivered,
SHP-000892,2026-03-25,2026-03-27,2026-03-27,CUS-036,MAT-061,CAR-003,RTE-005,15,630.00,Delivered,
SHP-000893,2026-08-10,2026-08-11,2026-08-11,CUS-039,MAT-071,CAR-004,RTE-021,90,2250.00,Delivered,
SHP-000894,2026-05-27,2026-05-29,2026-05-29,CUS-034,MAT-069,CAR-010,RTE-028,11,242.00,Delivered,
SHP-000895,2026-05-15,2026-05-16,2026-05-16,CUS-034,MAT-080,CAR-008,RTE-008,36,453.60,Delivered,
SHP-000896,2026-06-05,2026-06-06,2026-06-06,CUS-021,MAT-039,CAR-001,RTE-009,250,195.00,Delivered,
SHP-000897,2025-05-18,2025-05-19,2025-05-19,CUS-047,MAT-073,CAR-005,RTE-021,16,1520.00,Delivered,
SHP-000898,2026-02-24,2026-02-25,2026-02-25,CUS-008,MAT-007,CAR-005,RTE-001,16,44.80,Delivered,
SHP-000899,2026-07-12,2026-07-13,2026-07-13,CUS-021,MAT-039,CAR-006,RTE-022,294,229.32,Delivered,
SHP-000900,2025-10-12,2025-11-15,2025-11-15,CUS-024,MAT-056,CAR-013,RTE-032,216,3132.00,Delivered,
SHP-000901,2025-01-19,2025-01-20,2025-01-20,CUS-026,MAT-052,CAR-004,RTE-020,496,793.60,Delivered,
SHP-000902,2025-11-28,2025-12-01,2025-12-01,CUS-044,MAT-068,CAR-002,RTE-019,70,1064.00,Delivered,
SHP-000903,2025-06-26,2025-06-30,2025-06-30,CUS-045,MAT-067,CAR-009,RTE-023,2,110.00,Delivered,
SHP-000904,2025-12-25,2025-12-27,2026-01-01,CUS-047,MAT-060,CAR-007,RTE-003,10,184.00,Delayed,Wetter
SHP-000905,2025-03-17,2025-04-17,2025-04-17,CUS-048,MAT-074,CAR-013,RTE-033,70,59.50,Delivered,
SHP-000906,2026-04-30,2026-05-01,2026-05-01,CUS-040,MAT-066,CAR-001,RTE-002,74,481.00,Delivered,
SHP-000907,2025-10-05,2025-10-08,2025-10-08,CUS-001,MAT-013,CAR-009,RTE-025,37,188.70,Delivered,
SHP-000908,2026-01-08,2026-01-09,2026-01-09,CUS-019,MAT-034,CAR-014,RTE-038,885,17.70,Delivered,
SHP-000909,2025-02-27,2025-03-01,2025-03-03,CUS-029,MAT-037,CAR-010,RTE-026,248,44.64,Delivered,Wetter
SHP-000910,2025-02-26,2025-02-28,2025-02-28,CUS-050,MAT-071,CAR-005,RTE-004,32,800.00,Delivered,
SHP-000911,2026-02-15,2026-02-23,2026-02-22,CUS-046,MAT-068,CAR-011,RTE-035,40,608.00,Delivered,
SHP-000912,2026-06-02,2026-06-05,2026-06-05,CUS-017,MAT-036,CAR-008,RTE-007,512,194.56,Delivered,
SHP-000913,2025-10-21,2025-10-22,2025-10-26,CUS-037,MAT-060,CAR-015,RTE-040,8,147.20,Delayed,Wetter
SHP-000914,2025-01-16,2025-01-17,2025-01-17,CUS-015,MAT-022,CAR-003,RTE-020,827,57.89,Delivered,
SHP-000915,2026-07-26,2026-07-28,2026-07-28,CUS-034,MAT-080,CAR-006,RTE-018,49,617.40,Delivered,
SHP-000916,2025-10-05,2025-10-06,2025-10-10,CUS-030,MAT-047,CAR-004,RTE-020,499,673.65,Delayed,Wetter
SHP-000917,2025-12-30,2026-01-06,2026-01-06,CUS-049,MAT-068,CAR-012,RTE-035,72,1094.40,Delivered,
SHP-000918,2025-03-05,2025-03-06,2025-03-05,CUS-050,MAT-059,CAR-008,RTE-022,5,6250.00,Delivered,
SHP-000919,2025-12-27,2025-12-29,2025-12-28,CUS-015,MAT-029,CAR-014,RTE-037,581,104.58,Delivered,
SHP-000920,2026-01-03,2026-01-05,2026-01-05,CUS-001,MAT-052,CAR-009,RTE-026,165,264.00,Delivered,
SHP-000921,2026-02-02,2026-02-03,2026-02-04,CUS-022,MAT-045,CAR-001,RTE-016,470,56.40,Delivered,Wetter
SHP-000922,2025-06-05,2025-06-07,2025-06-10,CUS-009,MAT-015,CAR-004,RTE-002,74,873.20,Delayed,Sonstiges
SHP-000923,2025-11-24,2025-11-25,2025-11-25,CUS-027,MAT-012,CAR-004,RTE-017,60,408.00,Delivered,
SHP-000924,2025-08-26,2025-08-28,2025-08-28,CUS-022,MAT-046,CAR-005,RTE-011,483,3091.20,Delivered,
SHP-000925,2025-01-21,2025-01-23,2025-01-23,CUS-031,MAT-038,CAR-008,RTE-005,132,81.84,Delivered,
SHP-000926,2025-01-27,2025-02-10,2025-02-10,CUS-026,MAT-048,CAR-013,RTE-034,219,394.20,Delivered,
SHP-000927,2025-03-29,2025-03-31,2025-03-31,CUS-050,MAT-077,CAR-010,RTE-029,83,39.84,Delivered,
SHP-000928,2026-04-21,2026-04-23,2026-04-22,CUS-015,MAT-030,CAR-014,RTE-039,512,46.08,Delivered,
SHP-000929,2025-02-26,2025-02-27,2025-02-27,CUS-013,MAT-034,CAR-005,RTE-012,1378,27.56,Delivered,
SHP-000930,2025-09-23,2025-10-27,2025-11-03,CUS-012,MAT-005,CAR-013,RTE-032,178,961.20,Delayed,Zoll
SHP-000931,2026-04-24,2026-04-25,2026-04-25,CUS-006,MAT-017,CAR-015,RTE-040,232,81.20,Delivered,
SHP-000932,2026-05-29,2026-06-22,2026-06-26,CUS-039,MAT-074,CAR-013,RTE-032,27,22.95,Delayed,Sonstiges
SHP-000933,2025-03-27,2025-05-05,2025-05-05,CUS-046,MAT-071,CAR-013,RTE-032,49,1225.00,Delivered,
SHP-000934,2026-04-06,2026-04-08,2026-04-08,CUS-002,MAT-012,CAR-015,RTE-040,82,557.60,Delivered,
SHP-000935,2025-09-01,2025-09-02,2025-09-02,CUS-037,MAT-075,CAR-005,RTE-001,64,20.48,Delivered,
SHP-000936,2025-12-25,2025-12-26,2025-12-26,CUS-029,MAT-040,CAR-003,RTE-016,320,368.00,Delivered,
SHP-000937,2025-07-07,2025-07-10,2025-07-09,CUS-021,MAT-041,CAR-004,RTE-007,184,174.80,Delivered,
SHP-000938,2026-04-13,2026-04-14,2026-04-20,CUS-015,MAT-026,CAR-008,RTE-009,1404,56.16,Delayed,Zoll
SHP-000939,2026-05-28,2026-05-30,2026-05-30,CUS-039,MAT-018,CAR-009,RTE-026,102,42.84,Delivered,
SHP-000940,2026-07-16,2026-07-17,2026-07-16,CUS-037,MAT-073,CAR-006,RTE-004,15,1425.00,Delivered,
SHP-000941,2025-06-02,2025-06-03,2025-06-03,CUS-007,MAT-004,CAR-015,RTE-037,91,282.10,Delivered,
SHP-000942,2025-01-31,2025-02-25,2025-02-25,CUS-037,MAT-061,CAR-013,RTE-033,17,714.00,Delivered,
SHP-000943,2026-06-20,2026-06-22,2026-06-22,CUS-044,MAT-057,CAR-005,RTE-005,368,1766.40,Delivered,
SHP-000944,2026-06-11,2026-06-13,,CUS-009,MAT-005,CAR-008,RTE-003,62,334.80,Cancelled,
SHP-000945,2025-06-27,2025-07-01,2025-07-01,CUS-003,MAT-007,CAR-009,RTE-023,169,473.20,Delivered,
SHP-000946,2025-11-12,2025-12-16,2025-12-16,CUS-034,MAT-068,CAR-013,RTE-033,56,851.20,Delivered,
SHP-000947,2026-02-20,2026-02-21,2026-02-20,CUS-011,MAT-010,CAR-003,RTE-015,53,980.50,Delivered,
SHP-000948,2026-03-06,2026-03-18,2026-03-18,CUS-036,MAT-074,CAR-012,RTE-034,43,36.55,Delivered,
SHP-000949,2026-05-15,2026-05-18,2026-05-21,CUS-021,MAT-047,CAR-003,RTE-011,228,307.80,Delayed,Zoll
SHP-000950,2025-04-27,2025-04-28,2025-04-28,CUS-017,MAT-030,CAR-005,RTE-008,1320,118.80,Delivered,
SHP-000951,2025-08-09,2025-08-13,2025-08-15,CUS-006,MAT-001,CAR-010,RTE-024,204,1734.00,Delivered,Wetter
SHP-000952,2025-06-06,2025-06-07,2025-06-07,CUS-019,MAT-026,CAR-015,RTE-040,805,32.20,Delivered,
SHP-000953,2025-02-03,2025-02-05,,CUS-048,MAT-017,CAR-007,RTE-013,85,29.75,Cancelled,
SHP-000954,2025-09-05,2025-09-08,2025-09-08,CUS-032,MAT-038,CAR-007,RTE-004,91,56.42,Delivered,
SHP-000955,2025-04-18,2025-04-21,2025-04-21,CUS-004,MAT-014,CAR-005,RTE-018,158,1959.20,Delivered,
SHP-000956,2025-06-28,2025-06-30,2025-06-29,CUS-016,MAT-021,CAR-002,RTE-015,1220,97.60,Delivered,
SHP-000957,2025-09-08,2025-09-10,2025-09-10,CUS-050,MAT-074,CAR-004,RTE-018,56,47.60,Delivered,
SHP-000958,2025-11-04,2025-11-05,2025-11-06,CUS-022,MAT-037,CAR-004,RTE-008,353,63.54,Delivered,Kapazität
SHP-000959,2026-01-24,2026-01-26,2026-01-26,CUS-005,MAT-016,CAR-001,RTE-003,141,1339.50,Delivered,
SHP-000960,2026-03-07,2026-04-09,2026-04-09,CUS-039,MAT-068,CAR-011,RTE-032,58,881.60,Delivered,
SHP-000961,2025-10-25,2025-10-27,2025-10-27,CUS-029,MAT-052,CAR-002,RTE-021,287,459.20,Delivered,
SHP-000962,2026-04-10,2026-04-11,2026-04-10,CUS-047,MAT-061,CAR-002,RTE-001,7,294.00,Delivered,
SHP-000963,2025-01-09,2025-01-10,2025-01-10,CUS-022,MAT-053,CAR-003,RTE-018,246,127.92,Delivered,
SHP-000964,2025-12-01,2025-12-04,2025-12-04,CUS-015,MAT-032,CAR-009,RTE-025,1297,64.85,Delivered,
SHP-000965,2026-07-21,2026-08-17,2026-08-17,CUS-024,MAT-047,CAR-013,RTE-036,292,394.20,Delivered,
SHP-000966,2025-03-10,2025-03-13,2025-03-13,CUS-009,MAT-001,CAR-002,RTE-007,92,782.00,Delivered,
SHP-000967,2025-07-04,2025-07-05,2025-07-05,CUS-003,MAT-008,CAR-008,RTE-001,157,565.20,Delivered,
SHP-000968,2025-03-16,2025-03-19,2025-03-19,CUS-048,MAT-079,CAR-010,RTE-024,3,630.00,Delivered,
SHP-000969,2026-08-12,2026-08-14,2026-08-14,CUS-026,MAT-049,CAR-005,RTE-019,470,211.50,Delivered,
SHP-000970,2025-04-26,2025-04-28,2025-04-28,CUS-001,MAT-007,CAR-001,RTE-020,90,252.00,Delivered,
SHP-000971,2025-06-13,2025-06-14,2025-06-14,CUS-041,MAT-074,CAR-006,RTE-017,54,45.90,Delivered,
SHP-000972,2026-07-31,2026-09-07,2026-09-07,CUS-043,MAT-061,CAR-013,RTE-032,9,378.00,Delivered,
SHP-000973,2025-05-05,2025-05-07,2025-05-07,CUS-025,MAT-058,CAR-005,RTE-014,461,253.55,Delivered,
SHP-000974,2026-08-28,2026-08-29,2026-09-01,CUS-011,MAT-007,CAR-008,RTE-006,121,338.80,Delayed,Kapazität
SHP-000975,2025-01-27,2025-01-28,2025-01-31,CUS-005,MAT-009,CAR-005,RTE-001,172,326.80,Delayed,Kapazität
SHP-000976,2026-02-03,2026-02-05,2026-02-05,CUS-015,MAT-059,CAR-015,RTE-040,2,2500.00,Delivered,
SHP-000977,2025-05-04,2025-06-10,2025-06-09,CUS-041,MAT-020,CAR-013,RTE-032,41,364.90,Delivered,
SHP-000978,2026-06-09,2026-06-11,2026-06-11,CUS-022,MAT-047,CAR-002,RTE-018,338,456.30,Delivered,
SHP-000979,2025-08-29,2025-09-01,2025-08-31,CUS-046,MAT-064,CAR-013,RTE-035,57,216.60,Delivered,
SHP-000980,2025-02-04,2025-02-07,2025-02-14,CUS-010,MAT-005,CAR-009,RTE-024,184,993.60,Delayed,Kapazität
SHP-000981,2026-05-30,2026-06-01,2026-06-03,CUS-048,MAT-076,CAR-004,RTE-011,78,2964.00,Delivered,Sonstiges
SHP-000982,2026-05-03,2026-05-06,2026-05-08,CUS-037,MAT-077,CAR-010,RTE-023,87,41.76,Delivered,Kapazität
SHP-000983,2025-09-06,2025-09-08,2025-09-08,CUS-016,MAT-027,CAR-014,RTE-038,404,88.88,Delivered,
SHP-000984,2025-10-12,2025-10-13,2025-10-13,CUS-043,MAT-065,CAR-002,RTE-010,68,1904.00,Delivered,
SHP-000985,2026-01-06,2026-01-09,2026-01-09,CUS-026,MAT-058,CAR-010,RTE-023,299,164.45,Delivered,
SHP-000986,2026-04-07,2026-04-08,2026-04-08,CUS-033,MAT-068,CAR-004,RTE-017,17,258.40,Delivered,
SHP-000987,2025-09-02,2025-09-04,2025-09-10,CUS-014,MAT-026,CAR-005,RTE-015,1388,55.52,Delayed,Kapazität
SHP-000988,2026-07-07,2026-07-08,2026-07-08,CUS-019,MAT-026,CAR-003,RTE-011,773,30.92,Delivered,
SHP-000989,2025-11-02,2025-11-03,2025-11-03,CUS-001,MAT-015,CAR-006,RTE-014,72,849.60,Delivered,
SHP-000990,2026-08-05,2026-08-07,2026-08-07,CUS-021,MAT-017,CAR-006,RTE-014,159,55.65,Delivered,
SHP-000991,2025-04-03,2025-04-05,2025-04-05,CUS-045,MAT-075,CAR-006,RTE-019,12,3.84,Delivered,
SHP-000992,2026-06-26,2026-06-27,2026-06-27,CUS-041,MAT-064,CAR-001,RTE-022,45,171.00,Delivered,
SHP-000993,2025-04-23,2025-05-19,2025-05-19,CUS-005,MAT-018,CAR-011,RTE-033,128,53.76,Delivered,
SHP-000994,2025-07-31,2025-08-01,2025-08-01,CUS-024,MAT-051,CAR-003,RTE-004,228,706.80,Delivered,
SHP-000995,2026-04-06,2026-04-08,2026-04-08,CUS-037,MAT-071,CAR-009,RTE-028,34,850.00,Delivered,
SHP-000996,2026-02-10,2026-02-12,2026-02-15,CUS-019,MAT-021,CAR-010,RTE-029,1063,85.04,Delayed,Wetter
SHP-000997,2025-11-06,2025-11-08,2025-11-13,CUS-021,MAT-041,CAR-006,RTE-013,514,488.30,Delayed,Wetter
SHP-000998,2025-09-21,2025-09-22,2025-09-22,CUS-043,MAT-061,CAR-005,RTE-004,6,252.00,Delivered,
SHP-000999,2025-06-24,2025-06-26,2025-06-26,CUS-023,MAT-058,CAR-003,RTE-002,83,45.65,Delivered,
SHP-001000,2025-05-05,2025-05-07,2025-05-06,CUS-020,MAT-031,CAR-014,RTE-039,1128,236.88,Delivered,
SHP-001001,2026-03-30,2026-03-31,2026-03-31,CUS-001,MAT-019,CAR-007,RTE-017,119,33.32,Delivered,
SHP-001002,2026-02-27,2026-02-28,2026-02-28,CUS-025,MAT-056,CAR-003,RTE-009,301,4364.50,Delivered,
SHP-001003,2025-12-06,2025-12-08,2025-12-08,CUS-022,MAT-038,CAR-006,RTE-012,151,93.62,Delivered,
SHP-001004,2025-06-15,2025-06-17,2025-06-16,CUS-008,MAT-009,CAR-006,RTE-015,218,414.20,Delivered,
SHP-001005,2026-02-05,2026-02-07,2026-02-07,CUS-020,MAT-024,CAR-003,RTE-003,905,108.60,Delivered,
SHP-001006,2026-05-06,2026-05-27,2026-05-27,CUS-036,MAT-061,CAR-013,RTE-034,9,378.00,Delivered,
SHP-001007,2026-07-25,2026-07-27,2026-07-27,CUS-041,MAT-060,CAR-002,RTE-016,29,533.60,Delivered,
SHP-001008,2025-09-27,2025-09-29,2025-09-29,CUS-046,MAT-067,CAR-001,RTE-007,9,495.00,Delivered,
SHP-001009,2025-07-13,2025-07-16,2025-07-16,CUS-016,MAT-021,CAR-014,RTE-038,1287,102.96,Delivered,
SHP-001010,2025-10-15,2025-10-17,2025-10-17,CUS-016,MAT-021,CAR-003,RTE-011,1560,124.80,Delivered,
SHP-001011,2025-12-23,2025-12-27,2025-12-27,CUS-021,MAT-058,CAR-010,RTE-024,66,36.30,Delivered,
SHP-001012,2026-01-29,2026-01-30,2026-01-30,CUS-015,MAT-035,CAR-005,RTE-020,923,507.65,Delivered,
SHP-001013,2026-01-19,2026-01-20,2026-01-19,CUS-015,MAT-028,CAR-001,RTE-018,238,154.70,Delivered,
SHP-001014,2025-09-30,2025-10-03,2025-10-03,CUS-015,MAT-033,CAR-010,RTE-028,694,20.82,Delivered,
SHP-001015,2025-06-03,2025-06-05,2025-06-05,CUS-036,MAT-079,CAR-004,RTE-018,4,840.00,Delivered,
SHP-001016,2026-04-19,2026-04-21,2026-04-25,CUS-008,MAT-013,CAR-007,RTE-018,52,265.20,Delayed,Kapazität
SHP-001017,2026-01-26,2026-01-27,2026-01-26,CUS-050,MAT-079,CAR-001,RTE-008,5,1050.00,Delivered,
SHP-001018,2025-01-19,2025-01-21,2025-01-21,CUS-031,MAT-057,CAR-008,RTE-003,476,2284.80,Delivered,
SHP-001019,2026-07-26,2026-07-27,2026-08-01,CUS-010,MAT-015,CAR-002,RTE-008,90,1062.00,Delayed,Wetter
SHP-001020,2026-08-15,2026-08-17,2026-08-17,CUS-023,MAT-056,CAR-007,RTE-008,352,5104.00,Delivered,
SHP-001021,2025-01-26,2025-02-01,2025-01-31,CUS-047,MAT-073,CAR-011,RTE-031,17,1615.00,Delivered,
SHP-001022,2025-12-07,2025-12-08,2025-12-08,CUS-022,MAT-054,CAR-005,RTE-020,248,24.80,Delivered,
SHP-001023,2025-10-13,2025-10-14,2025-10-14,CUS-021,MAT-038,CAR-005,RTE-017,77,47.74,Delivered,
SHP-001024,2026-07-13,2026-07-14,2026-07-14,CUS-038,MAT-064,CAR-003,RTE-022,32,121.60,Delivered,
SHP-001025,2025-10-15,2025-10-17,2025-10-16,CUS-023,MAT-044,CAR-002,RTE-011,382,30.56,Delivered,
SHP-001026,2026-03-22,2026-03-23,2026-03-23,CUS-007,MAT-001,CAR-005,RTE-012,191,1623.50,Delivered,
SHP-001027,2025-06-24,2025-06-25,2025-06-25,CUS-022,MAT-041,CAR-007,RTE-010,38,36.10,Delivered,
SHP-001028,2026-07-05,2026-07-08,2026-07-08,CUS-001,MAT-017,CAR-009,RTE-029,172,60.20,Delivered,
SHP-001029,2025-11-08,2025-11-14,2025-11-18,CUS-020,MAT-036,CAR-012,RTE-035,69,26.22,Delayed,Wetter
SHP-001030,2025-12-28,2025-12-30,2025-12-30,CUS-012,MAT-004,CAR-009,RTE-028,223,691.30,Delivered,
SHP-001031,2026-08-04,2026-08-06,2026-08-06,CUS-046,MAT-070,CAR-010,RTE-029,40,672.00,Delivered,
SHP-001032,2025-06-23,2025-06-24,2025-06-24,CUS-044,MAT-060,CAR-002,RTE-017,29,533.60,Delivered,
SHP-001033,2025-03-09,2025-03-10,2025-03-10,CUS-036,MAT-060,CAR-015,RTE-039,14,257.60,Delivered,
SHP-001034,2026-04-29,2026-05-01,2026-04-30,CUS-011,MAT-019,CAR-004,RTE-004,210,58.80,Delivered,
SHP-001035,2025-12-28,2025-12-29,2026-01-05,CUS-004,MAT-018,CAR-004,RTE-020,118,49.56,Delayed,Kapazität
SHP-001036,2025-06-20,2025-06-23,2025-06-23,CUS-033,MAT-079,CAR-010,RTE-030,5,1050.00,Delivered,
SHP-001037,2025-07-05,2025-07-07,2025-07-07,CUS-025,MAT-057,CAR-002,RTE-018,281,1348.80,Delivered,
SHP-001038,2025-04-25,2025-04-28,2025-05-01,CUS-049,MAT-069,CAR-012,RTE-035,61,1342.00,Delayed,Sonstiges
SHP-001039,2025-05-27,2025-05-29,2025-05-28,CUS-033,MAT-064,CAR-006,RTE-004,45,171.00,Delivered,
SHP-001040,2026-05-02,2026-05-04,2026-05-04,CUS-015,MAT-025,CAR-006,RTE-007,1289,1353.45,Delivered,
SHP-001041,2025-06-27,2025-06-30,2025-06-30,CUS-024,MAT-050,CAR-002,RTE-009,213,59.64,Delivered,
SHP-001042,2026-07-28,2026-07-30,2026-07-30,CUS-038,MAT-072,CAR-009,RTE-029,58,26.10,Delivered,
SHP-001043,2025-09-03,2025-09-05,2025-09-05,CUS-039,MAT-043,CAR-002,RTE-009,242,205.70,Delivered,
SHP-001044,2025-06-15,2025-06-17,2025-06-17,CUS-010,MAT-017,CAR-001,RTE-009,193,67.55,Delivered,
SHP-001045,2025-07-08,2025-08-11,2025-08-14,CUS-050,MAT-049,CAR-012,RTE-036,324,145.80,Delayed,Kapazität
SHP-001046,2025-02-25,2025-02-27,2025-02-27,CUS-027,MAT-046,CAR-007,RTE-005,235,1504.00,Delivered,
SHP-001047,2026-02-19,2026-02-21,2026-02-21,CUS-029,MAT-051,CAR-004,RTE-019,295,914.50,Delivered,
SHP-001048,2025-10-16,2025-11-24,2025-11-24,CUS-040,MAT-069,CAR-013,RTE-033,33,726.00,Delivered,
SHP-001049,2026-02-08,2026-02-09,2026-02-09,CUS-016,MAT-029,CAR-001,RTE-001,851,153.18,Delivered,
SHP-001050,2026-08-08,2026-08-10,2026-08-10,CUS-003,MAT-012,CAR-008,RTE-014,210,1428.00,Delivered,
SHP-001051,2025-03-06,2025-03-07,2025-03-11,CUS-003,MAT-024,CAR-007,RTE-017,1289,154.68,Delayed,Wetter
SHP-001052,2025-12-31,2026-01-05,2026-01-05,CUS-042,MAT-063,CAR-009,RTE-024,73,8.76,Delivered,
SHP-001053,2025-06-04,2025-06-06,2025-06-06,CUS-045,MAT-068,CAR-001,RTE-013,25,380.00,Delivered,
SHP-001054,2026-03-22,2026-03-25,2026-03-25,CUS-016,MAT-027,CAR-015,RTE-039,352,77.44,Delivered,
SHP-001055,2025-08-06,2025-08-09,2025-08-09,CUS-005,MAT-002,CAR-010,RTE-028,66,409.20,Delivered,
SHP-001056,2026-07-05,2026-07-11,2026-07-11,CUS-050,MAT-065,CAR-011,RTE-031,21,588.00,Delivered,
SHP-001057,2025-05-22,2025-05-24,2025-05-29,CUS-038,MAT-071,CAR-003,RTE-015,81,2025.00,Delayed,Wetter
SHP-001058,2025-08-25,2025-08-26,2025-08-26,CUS-037,MAT-065,CAR-006,RTE-016,59,1652.00,Delivered,
SHP-001059,2026-05-12,2026-05-14,2026-05-14,CUS-019,MAT-024,CAR-014,RTE-037,244,29.28,Delivered,
SHP-001060,2026-05-16,2026-05-18,2026-05-18,CUS-022,MAT-046,CAR-005,RTE-003,32,204.80,Delivered,
SHP-001061,2025-04-20,2025-04-21,2025-04-21,CUS-016,MAT-028,CAR-001,RTE-001,1002,651.30,Delivered,
SHP-001062,2025-05-02,2025-05-05,2025-05-05,CUS-043,MAT-070,CAR-009,RTE-025,29,487.20,Delivered,
SHP-001063,2025-01-23,2025-01-25,2025-01-25,CUS-001,MAT-013,CAR-010,RTE-027,92,469.20,Delivered,
SHP-001064,2025-04-29,2025-04-30,2025-04-30,CUS-008,MAT-018,CAR-006,RTE-020,11,4.62,Delivered,
SHP-001065,2026-01-17,2026-01-20,2026-01-20,CUS-003,MAT-015,CAR-014,RTE-040,8,94.40,Delivered,
SHP-001066,2026-04-11,2026-04-14,2026-04-14,CUS-006,MAT-012,CAR-014,RTE-037,58,394.40,Delivered,
SHP-001067,2025-03-18,2025-03-20,2025-03-20,CUS-008,MAT-004,CAR-010,RTE-027,72,223.20,Delivered,
SHP-001068,2025-04-05,2025-04-08,2025-04-08,CUS-050,MAT-075,CAR-010,RTE-027,53,16.96,Delivered,
SHP-001069,2025-01-13,2025-01-15,2025-01-20,CUS-001,MAT-013,CAR-010,RTE-026,221,1127.10,Delayed,Wetter
SHP-001070,2026-08-26,2026-08-28,2026-08-28,CUS-024,MAT-043,CAR-003,RTE-019,342,290.70,Delivered,
SHP-001071,2026-05-14,2026-05-16,2026-05-16,CUS-034,MAT-069,CAR-002,RTE-006,76,1672.00,Delivered,
SHP-001072,2025-04-01,2025-04-02,2025-04-04,CUS-039,MAT-070,CAR-008,RTE-001,64,1075.20,Delivered,Kapazität
SHP-001073,2026-08-15,2026-08-18,2026-08-18,CUS-044,MAT-072,CAR-010,RTE-024,56,25.20,Delivered,
SHP-001074,2026-04-28,2026-04-29,2026-05-05,CUS-007,MAT-001,CAR-004,RTE-012,228,1938.00,Delayed,Zoll
SHP-001075,2025-04-27,2025-04-29,2025-04-29,CUS-012,MAT-017,CAR-001,RTE-006,227,79.45,Delivered,
SHP-001076,2026-08-08,2026-08-11,2026-08-11,CUS-008,MAT-020,CAR-002,RTE-007,83,738.70,Delivered,
SHP-001077,2026-02-23,2026-02-24,2026-02-23,CUS-024,MAT-046,CAR-006,RTE-009,496,3174.40,Delivered,
SHP-001078,2025-04-23,2025-05-23,2025-05-23,CUS-039,MAT-074,CAR-012,RTE-032,56,47.60,Delivered,
SHP-001079,2026-01-07,2026-01-12,2026-01-12,CUS-012,MAT-005,CAR-013,RTE-031,60,324.00,Delivered,
SHP-001080,2025-06-08,2025-06-09,2025-06-09,CUS-001,MAT-010,CAR-005,RTE-021,84,1554.00,Delivered,
SHP-001081,2026-06-30,2026-07-03,2026-07-03,CUS-008,MAT-011,CAR-012,RTE-031,168,1209.60,Delivered,
SHP-001082,2026-04-01,2026-04-03,2026-04-03,CUS-036,MAT-068,CAR-001,RTE-004,52,790.40,Delivered,
SHP-001083,2026-04-01,2026-04-04,2026-04-04,CUS-036,MAT-060,CAR-010,RTE-027,87,1600.80,Delivered,
SHP-001084,2025-10-09,2025-10-10,2025-10-10,CUS-050,MAT-016,CAR-002,RTE-016,34,323.00,Delivered,
SHP-001085,2026-01-16,2026-01-17,2026-01-17,CUS-031,MAT-056,CAR-003,RTE-022,453,6568.50,Delivered,
SHP-001086,2025-09-15,2025-09-16,2025-09-16,CUS-006,MAT-012,CAR-003,RTE-020,18,122.40,Delivered,
SHP-001087,2025-01-21,2025-01-23,2025-01-23,CUS-029,MAT-049,CAR-010,RTE-029,36,16.20,Delivered,
SHP-001088,2026-08-16,2026-08-17,2026-08-21,CUS-022,MAT-029,CAR-003,RTE-022,606,109.08,Delayed,Zoll
SHP-001089,2026-04-06,2026-04-11,2026-04-11,CUS-039,MAT-076,CAR-012,RTE-035,28,1064.00,Delivered,
SHP-001090,2026-03-26,2026-03-28,2026-03-28,CUS-031,MAT-044,CAR-001,RTE-010,231,18.48,Delivered,
SHP-001091,2026-04-14,2026-04-15,,CUS-020,MAT-036,CAR-008,RTE-015,701,266.38,Cancelled,
SHP-001092,2025-12-10,2025-12-13,2025-12-12,CUS-010,MAT-017,CAR-010,RTE-027,166,58.10,Delivered,
SHP-001093,2025-12-07,2025-12-11,2025-12-14,CUS-030,MAT-049,CAR-010,RTE-025,92,41.40,Delayed,Sonstiges
SHP-001094,2025-06-16,2025-06-17,2025-06-19,CUS-031,MAT-047,CAR-015,RTE-040,365,492.75,Delivered,Wetter
SHP-001095,2025-01-18,2025-01-20,2025-01-20,CUS-013,MAT-027,CAR-002,RTE-010,1029,226.38,Delivered,
SHP-001096,2026-07-07,2026-07-08,2026-07-08,CUS-029,MAT-053,CAR-005,RTE-021,406,211.12,Delivered,
SHP-001097,2025-08-24,2025-09-29,2025-09-29,CUS-041,MAT-070,CAR-011,RTE-032,23,386.40,Delivered,
SHP-001098,2025-03-18,2025-03-21,2025-03-21,CUS-041,MAT-062,CAR-015,RTE-040,8,680.00,Delivered,
SHP-001099,2025-10-11,2025-10-13,2025-10-12,CUS-028,MAT-051,CAR-004,RTE-002,247,765.70,Delivered,
SHP-001100,2025-08-22,2025-08-25,2025-08-25,CUS-022,MAT-048,CAR-001,RTE-005,165,297.00,Delivered,
SHP-001101,2025-07-26,2025-07-29,2025-07-29,CUS-036,MAT-063,CAR-015,RTE-038,44,5.28,Delivered,
SHP-001102,2026-08-14,2026-08-15,2026-08-14,CUS-049,MAT-076,CAR-015,RTE-039,51,1938.00,Delivered,
SHP-001103,2026-04-25,2026-04-27,2026-04-27,CUS-003,MAT-006,CAR-010,RTE-026,221,265.20,Delivered,
SHP-001104,2025-09-08,2025-09-11,2025-09-14,CUS-006,MAT-055,CAR-010,RTE-029,94,874.20,Delayed,Zoll
SHP-001105,2025-06-04,2025-06-06,2025-06-05,CUS-036,MAT-074,CAR-003,RTE-009,87,73.95,Delivered,
SHP-001106,2025-03-11,2025-03-12,,CUS-014,MAT-022,CAR-015,RTE-037,1123,78.61,Cancelled,
SHP-001107,2026-01-27,2026-01-28,2026-01-28,CUS-016,MAT-032,CAR-014,RTE-038,1136,56.80,Delivered,
SHP-001108,2026-06-24,2026-06-25,2026-06-24,CUS-046,MAT-077,CAR-006,RTE-015,70,33.60,Delivered,
SHP-001109,2025-03-20,2025-03-22,2025-03-22,CUS-001,MAT-004,CAR-010,RTE-027,159,492.90,Delivered,
SHP-001110,2025-09-12,2025-10-13,2025-10-13,CUS-031,MAT-047,CAR-012,RTE-036,507,684.45,Delivered,
SHP-001111,2025-02-14,2025-02-17,2025-02-16,CUS-019,MAT-036,CAR-001,RTE-013,1390,528.20,Delivered,
SHP-001112,2025-12-06,2025-12-12,2025-12-20,CUS-026,MAT-047,CAR-012,RTE-035,411,554.85,Delayed,Wetter
SHP-001113,2025-11-12,2025-11-14,2025-11-14,CUS-039,MAT-079,CAR-003,RTE-014,1,210.00,Delivered,
SHP-001114,2025-02-02,2025-02-03,2025-02-03,CUS-025,MAT-046,CAR-004,RTE-002,181,1158.40,Delivered,
SHP-001115,2025-09-10,2025-09-12,2025-09-12,CUS-008,MAT-002,CAR-008,RTE-002,145,899.00,Delivered,
SHP-001116,2025-03-14,2025-03-17,2025-03-19,CUS-037,MAT-064,CAR-010,RTE-023,34,129.20,Delivered,Wetter
SHP-001117,2025-03-25,2025-04-22,2025-04-22,CUS-029,MAT-038,CAR-013,RTE-032,26,16.12,Delivered,
SHP-001118,2025-09-20,2025-09-22,2025-09-22,CUS-016,MAT-033,CAR-015,RTE-039,330,9.90,Delivered,
SHP-001119,2025-07-03,2025-07-04,2025-07-04,CUS-047,MAT-079,CAR-006,RTE-021,1,210.00,Delivered,
SHP-001120,2025-09-16,2025-09-17,2025-09-16,CUS-046,MAT-074,CAR-005,RTE-001,63,53.55,Delivered,
SHP-001121,2026-07-30,2026-08-01,2026-08-01,CUS-006,MAT-016,CAR-003,RTE-018,182,1729.00,Delivered,
SHP-001122,2026-06-27,2026-06-29,2026-06-29,CUS-015,MAT-029,CAR-003,RTE-004,217,39.06,Delivered,
SHP-001123,2025-05-09,2025-05-12,2025-05-12,CUS-050,MAT-062,CAR-007,RTE-002,3,255.00,Delivered,
SHP-001124,2026-03-28,2026-03-30,,CUS-008,MAT-002,CAR-010,RTE-026,153,948.60,Cancelled,
SHP-001125,2026-07-06,2026-07-30,2026-07-30,CUS-008,MAT-009,CAR-012,RTE-033,108,205.20,Delivered,
SHP-001126,2025-10-13,2025-10-15,2025-10-15,CUS-012,MAT-011,CAR-009,RTE-030,162,1166.40,Delivered,
SHP-001127,2026-03-25,2026-03-27,2026-04-02,CUS-050,MAT-039,CAR-001,RTE-018,501,390.78,Delayed,Kapazität
SHP-001128,2025-03-28,2025-03-29,2025-03-28,CUS-012,MAT-019,CAR-006,RTE-013,203,56.84,Delivered,
SHP-001129,2025-09-11,2025-09-13,2025-09-13,CUS-033,MAT-077,CAR-010,RTE-027,68,32.64,Delivered,
SHP-001130,2025-07-12,2025-07-14,2025-07-14,CUS-023,MAT-041,CAR-002,RTE-012,113,107.35,Delivered,
SHP-001131,2025-09-25,2025-09-29,2025-09-29,CUS-008,MAT-014,CAR-009,RTE-025,110,1364.00,Delivered,
SHP-001132,2025-10-27,2025-10-29,2025-11-01,CUS-021,MAT-051,CAR-008,RTE-015,190,589.00,Delayed,Zoll
SHP-001133,2025-12-16,2025-12-18,2025-12-18,CUS-011,MAT-007,CAR-015,RTE-039,103,288.40,Delivered,
SHP-001134,2025-05-18,2025-05-23,2025-05-23,CUS-006,MAT-010,CAR-012,RTE-035,149,2756.50,Delivered,
SHP-001135,2025-05-01,2025-05-03,2025-05-06,CUS-022,MAT-037,CAR-005,RTE-013,372,66.96,Delayed,Zoll
SHP-001136,2025-11-09,2025-12-12,2025-12-12,CUS-008,MAT-008,CAR-013,RTE-032,203,730.80,Delivered,
SHP-001137,2025-03-08,2025-03-10,2025-03-10,CUS-035,MAT-061,CAR-003,RTE-002,7,294.00,Delivered,
SHP-001138,2026-03-16,2026-03-18,2026-03-18,CUS-003,MAT-011,CAR-004,RTE-015,85,612.00,Delivered,
SHP-001139,2025-12-18,2026-01-06,2026-01-06,CUS-008,MAT-018,CAR-011,RTE-034,187,78.54,Delivered,
SHP-001140,2025-04-07,2025-04-14,2025-04-20,CUS-050,MAT-063,CAR-013,RTE-031,66,7.92,Delayed,Wetter
SHP-001141,2026-08-01,2026-08-03,2026-08-03,CUS-048,MAT-064,CAR-008,RTE-001,50,190.00,Delivered,
SHP-001142,2026-07-25,2026-07-28,2026-07-28,CUS-003,MAT-010,CAR-009,RTE-025,170,3145.00,Delivered,
SHP-001143,2025-04-29,2025-05-01,2025-05-01,CUS-004,MAT-016,CAR-003,RTE-019,57,541.50,Delivered,
SHP-001144,2025-06-27,2025-06-28,2025-06-28,CUS-001,MAT-006,CAR-006,RTE-008,94,112.80,Delivered,
SHP-001145,2025-12-31,2026-01-01,2026-01-01,CUS-023,MAT-060,CAR-001,RTE-020,54,993.60,Delivered,
SHP-001146,2026-05-01,2026-05-02,2026-05-02,CUS-036,MAT-071,CAR-007,RTE-017,49,1225.00,Delivered,
SHP-001147,2026-02-22,2026-03-23,2026-03-30,CUS-010,MAT-003,CAR-011,RTE-036,228,1094.40,Delayed,Kapazität
SHP-001148,2025-06-11,2025-06-12,,CUS-039,MAT-064,CAR-005,RTE-005,15,57.00,Cancelled,
SHP-001149,2026-06-19,2026-06-22,2026-06-21,CUS-001,MAT-020,CAR-005,RTE-019,169,1504.10,Delivered,
SHP-001150,2026-03-24,2026-03-27,2026-03-27,CUS-006,MAT-007,CAR-011,RTE-031,8,22.40,Delivered,
SHP-001151,2026-03-18,2026-03-21,2026-03-21,CUS-036,MAT-079,CAR-010,RTE-030,5,1050.00,Delivered,
SHP-001152,2026-08-16,2026-08-17,2026-08-17,CUS-030,MAT-051,CAR-001,RTE-001,97,300.70,Delivered,
SHP-001153,2025-06-05,2025-06-07,2025-06-07,CUS-006,MAT-007,CAR-006,RTE-011,170,476.00,Delivered,
SHP-001154,2025-01-07,2025-02-14,2025-02-22,CUS-033,MAT-067,CAR-011,RTE-036,9,495.00,Delayed,Wetter
SHP-001155,2026-04-08,2026-04-09,2026-04-09,CUS-017,MAT-034,CAR-001,RTE-015,692,13.84,Delivered,
SHP-001156,2026-04-07,2026-04-10,2026-04-10,CUS-035,MAT-061,CAR-009,RTE-028,12,504.00,Delivered,
SHP-001157,2026-06-24,2026-06-25,2026-06-25,CUS-050,MAT-077,CAR-003,RTE-012,57,27.36,Delivered,
SHP-001158,2025-09-08,2025-09-11,2025-09-17,CUS-007,MAT-014,CAR-015,RTE-038,46,570.40,Delayed,Kapazität
SHP-001159,2025-04-16,2025-04-17,,CUS-046,MAT-064,CAR-003,RTE-001,31,117.80,Cancelled,
SHP-001160,2026-03-27,2026-03-30,2026-03-30,CUS-021,MAT-054,CAR-004,RTE-007,246,24.60,Delivered,
SHP-001161,2025-04-11,2025-04-14,2025-04-13,CUS-003,MAT-003,CAR-015,RTE-040,134,643.20,Delivered,
SHP-001162,2026-01-14,2026-02-03,2026-02-03,CUS-016,MAT-030,CAR-012,RTE-034,617,55.53,Delivered,
SHP-001163,2025-06-17,2025-06-19,2025-06-19,CUS-006,MAT-016,CAR-003,RTE-015,184,1748.00,Delivered,
SHP-001164,2026-07-06,2026-07-09,2026-07-09,CUS-047,MAT-067,CAR-010,RTE-028,8,440.00,Delivered,
SHP-001165,2025-04-15,2025-04-17,2025-04-17,CUS-013,MAT-021,CAR-003,RTE-004,206,16.48,Delivered,
SHP-001166,2025-07-05,2025-07-07,2025-07-08,CUS-049,MAT-061,CAR-007,RTE-007,12,504.00,Delivered,Wetter
SHP-001167,2025-11-08,2025-11-11,2025-11-11,CUS-016,MAT-036,CAR-010,RTE-027,1278,485.64,Delivered,
SHP-001168,2025-05-15,2025-05-17,2025-05-17,CUS-009,MAT-020,CAR-006,RTE-002,80,712.00,Delivered,
SHP-001169,2026-02-09,2026-02-10,2026-02-10,CUS-043,MAT-065,CAR-001,RTE-001,16,448.00,Delivered,
SHP-001170,2025-07-04,2025-07-07,2025-07-07,CUS-022,MAT-042,CAR-001,RTE-011,125,525.00,Delivered,
SHP-001171,2025-08-31,2025-09-02,2025-09-02,CUS-006,MAT-004,CAR-004,RTE-011,220,682.00,Delivered,
SHP-001172,2025-08-04,2025-08-07,2025-08-07,CUS-033,MAT-069,CAR-010,RTE-023,71,1562.00,Delivered,
SHP-001173,2025-08-26,2025-08-27,2025-08-26,CUS-003,MAT-024,CAR-001,RTE-008,732,87.84,Delivered,
SHP-001174,2026-05-18,2026-05-20,2026-05-20,CUS-021,MAT-033,CAR-007,RTE-018,365,10.95,Delivered,
SHP-001175,2025-02-02,2025-02-03,2025-02-07,CUS-013,MAT-021,CAR-004,RTE-008,352,28.16,Delayed,Wetter
SHP-001176,2026-02-24,2026-02-27,2026-02-26,CUS-039,MAT-059,CAR-009,RTE-027,5,6250.00,Delivered,
SHP-001177,2026-05-26,2026-05-29,2026-06-03,CUS-012,MAT-012,CAR-009,RTE-028,62,421.60,Delayed,Kapazität
SHP-001178,2025-06-23,2025-06-25,2025-06-25,CUS-015,MAT-033,CAR-006,RTE-007,709,21.27,Delivered,
SHP-001179,2025-03-23,2025-03-25,2025-03-25,CUS-022,MAT-057,CAR-002,RTE-013,435,2088.00,Delivered,
SHP-001180,2026-01-11,2026-02-09,2026-02-09,CUS-039,MAT-068,CAR-011,RTE-036,52,790.40,Delivered,
SHP-001181,2026-05-27,2026-05-30,2026-05-30,CUS-045,MAT-065,CAR-009,RTE-027,32,896.00,Delivered,
SHP-001182,2025-07-11,2025-08-02,2025-08-03,CUS-023,MAT-042,CAR-012,RTE-034,462,1940.40,Delivered,Wetter
SHP-001183,2025-09-08,2025-09-15,2025-09-15,CUS-043,MAT-059,CAR-011,RTE-031,2,2500.00,Delivered,
SHP-001184,2025-07-18,2025-07-19,2025-07-19,CUS-050,MAT-070,CAR-005,RTE-014,21,352.80,Delivered,
SHP-001185,2026-03-03,2026-03-04,2026-03-08,CUS-045,MAT-065,CAR-006,RTE-021,66,1848.00,Delayed,Kapazität
SHP-001186,2025-11-05,2025-11-06,2025-11-06,CUS-044,MAT-076,CAR-006,RTE-001,25,950.00,Delivered,
SHP-001187,2025-02-04,2025-02-05,2025-02-05,CUS-001,MAT-015,CAR-005,RTE-001,205,2419.00,Delivered,
SHP-001188,2025-10-17,2025-10-18,2025-10-18,CUS-011,MAT-009,CAR-014,RTE-038,174,330.60,Delivered,
SHP-001189,2025-03-07,2025-03-10,2025-03-10,CUS-029,MAT-044,CAR-002,RTE-002,257,20.56,Delivered,
SHP-001190,2025-05-02,2025-05-03,2025-05-03,CUS-046,MAT-076,CAR-003,RTE-021,53,2014.00,Delivered,
SHP-001191,2025-10-08,2025-10-11,2025-10-11,CUS-042,MAT-074,CAR-009,RTE-029,23,19.55,Delivered,
SHP-001192,2026-06-13,2026-07-17,2026-07-17,CUS-038,MAT-064,CAR-012,RTE-033,24,91.20,Delivered,
SHP-001193,2025-09-17,2025-09-19,2025-09-18,CUS-008,MAT-005,CAR-015,RTE-038,233,1258.20,Delivered,
SHP-001194,2026-05-03,2026-05-05,2026-05-05,CUS-006,MAT-080,CAR-015,RTE-038,20,252.00,Delivered,
SHP-001195,2026-03-07,2026-03-09,2026-03-09,CUS-048,MAT-071,CAR-006,RTE-012,34,850.00,Delivered,
SHP-001196,2025-11-14,2025-11-17,2025-11-22,CUS-046,MAT-059,CAR-013,RTE-035,6,7500.00,Delayed,Zoll
SHP-001197,2025-05-09,2025-05-12,2025-05-11,CUS-028,MAT-001,CAR-001,RTE-010,26,221.00,Delivered,
SHP-001198,2025-09-04,2025-10-02,2025-10-02,CUS-049,MAT-059,CAR-012,RTE-033,4,5000.00,Delivered,
SHP-001199,2026-03-14,2026-03-16,2026-03-16,CUS-030,MAT-038,CAR-001,RTE-012,409,253.58,Delivered,
SHP-001200,2026-08-10,2026-08-11,2026-08-12,CUS-031,MAT-058,CAR-003,RTE-001,267,146.85,Delivered,Wetter
SHP-001201,2025-07-26,2025-07-28,2025-07-27,CUS-023,MAT-044,CAR-001,RTE-016,461,36.88,Delivered,
SHP-001202,2025-11-19,2025-11-25,2025-11-25,CUS-036,MAT-080,CAR-012,RTE-035,41,516.60,Delivered,
SHP-001203,2025-10-20,2025-11-03,2025-11-02,CUS-034,MAT-040,CAR-011,RTE-034,44,50.60,Delivered,
SHP-001204,2026-04-26,2026-04-27,2026-04-27,CUS-008,MAT-007,CAR-001,RTE-008,239,669.20,Delivered,
SHP-001205,2026-05-15,2026-06-22,2026-06-27,CUS-012,MAT-019,CAR-013,RTE-032,37,10.36,Delayed,Kapazität
SHP-001206,2025-12-02,2025-12-05,2025-12-04,CUS-029,MAT-048,CAR-009,RTE-029,349,628.20,Delivered,
SHP-001207,2026-02-21,2026-02-23,2026-02-25,CUS-022,MAT-039,CAR-007,RTE-009,229,178.62,Delivered,Sonstiges
SHP-001208,2026-08-29,2026-09-01,2026-09-03,CUS-006,MAT-019,CAR-004,RTE-007,150,42.00,Delivered,Kapazität
SHP-001209,2026-04-09,2026-04-11,2026-04-10,CUS-029,MAT-038,CAR-003,RTE-005,29,17.98,Delivered,
SHP-001210,2025-06-15,2025-06-17,2025-06-17,CUS-026,MAT-053,CAR-003,RTE-005,434,225.68,Delivered,
SHP-001211,2025-04-01,2025-04-04,2025-04-04,CUS-011,MAT-018,CAR-009,RTE-024,228,95.76,Delivered,
SHP-001212,2026-05-26,2026-05-29,2026-06-03,CUS-003,MAT-014,CAR-010,RTE-028,23,285.20,Delayed,Zoll
SHP-001213,2025-06-03,2025-06-04,2025-06-04,CUS-001,MAT-012,CAR-007,RTE-020,130,884.00,Delivered,
SHP-001214,2026-04-25,2026-04-27,2026-04-29,CUS-033,MAT-064,CAR-002,RTE-017,82,311.60,Delivered,Wetter
SHP-001215,2026-07-15,2026-07-16,2026-07-16,CUS-040,MAT-033,CAR-007,RTE-021,1136,34.08,Delivered,
SHP-001216,2026-02-19,2026-02-20,2026-02-24,CUS-024,MAT-055,CAR-005,RTE-022,94,874.20,Delayed,Zoll
SHP-001217,2026-06-21,2026-06-23,2026-06-23,CUS-027,MAT-039,CAR-008,RTE-009,286,223.08,Delivered,
SHP-001218,2025-09-26,2025-09-29,2025-09-29,CUS-013,MAT-030,CAR-004,RTE-011,1264,113.76,Delivered,
SHP-001219,2025-12-12,2025-12-13,2025-12-13,CUS-045,MAT-068,CAR-003,RTE-022,32,486.40,Delivered,
SHP-001220,2026-05-27,2026-05-28,2026-05-28,CUS-037,MAT-079,CAR-007,RTE-020,6,1260.00,Delivered,
SHP-001221,2025-02-23,2025-02-26,2025-02-25,CUS-036,MAT-073,CAR-009,RTE-025,13,1235.00,Delivered,
SHP-001222,2025-07-06,2025-07-08,2025-07-13,CUS-010,MAT-016,CAR-005,RTE-018,115,1092.50,Delayed,Zoll
SHP-001223,2025-08-26,2025-08-27,2025-08-27,CUS-030,MAT-049,CAR-002,RTE-005,45,20.25,Delivered,
SHP-001224,2025-01-09,2025-01-10,2025-01-10,CUS-015,MAT-034,CAR-005,RTE-022,1318,26.36,Delivered,
SHP-001225,2025-04-18,2025-05-20,2025-05-27,CUS-011,MAT-009,CAR-013,RTE-033,157,298.30,Delayed,Kapazität
SHP-001226,2026-01-23,2026-01-28,2026-01-30,CUS-021,MAT-037,CAR-012,RTE-031,438,78.84,Delivered,Kapazität
SHP-001227,2025-06-12,2025-06-14,2025-06-14,CUS-013,MAT-026,CAR-014,RTE-039,931,37.24,Delivered,
SHP-001228,2026-04-05,2026-04-07,2026-04-07,CUS-011,MAT-003,CAR-004,RTE-015,225,1080.00,Delivered,
SHP-001229,2025-01-18,2025-01-20,2025-01-20,CUS-015,MAT-036,CAR-003,RTE-017,1300,494.00,Delivered,
SHP-001230,2025-07-29,2025-07-31,2025-07-31,CUS-008,MAT-080,CAR-002,RTE-013,41,516.60,Delivered,
SHP-001231,2026-03-12,2026-03-14,2026-03-14,CUS-030,MAT-037,CAR-002,RTE-019,389,70.02,Delivered,
SHP-001232,2025-08-18,2025-08-20,2025-08-20,CUS-020,MAT-035,CAR-014,RTE-037,790,434.50,Delivered,
SHP-001233,2026-08-19,2026-08-22,2026-08-23,CUS-011,MAT-017,CAR-007,RTE-007,20,7.00,Delivered,Sonstiges
SHP-001234,2025-07-16,2025-07-18,2025-07-18,CUS-031,MAT-045,CAR-004,RTE-009,166,19.92,Delivered,
SHP-001235,2025-10-31,2025-11-03,2025-11-03,CUS-008,MAT-022,CAR-002,RTE-006,383,26.81,Delivered,
SHP-001236,2026-04-28,2026-05-30,2026-06-03,CUS-036,MAT-009,CAR-012,RTE-032,202,383.80,Delayed,Zoll
SHP-001237,2026-07-03,2026-07-04,2026-07-04,CUS-013,MAT-009,CAR-004,RTE-001,42,79.80,Delivered,
SHP-001238,2025-10-22,2025-10-24,2025-10-24,CUS-013,MAT-032,CAR-009,RTE-027,1501,75.05,Delivered,
SHP-001239,2026-03-01,2026-03-02,2026-03-02,CUS-003,MAT-001,CAR-007,RTE-017,148,1258.00,Delivered,
SHP-001240,2026-04-11,2026-04-16,2026-04-18,CUS-050,MAT-070,CAR-013,RTE-035,73,1226.40,Delivered,Sonstiges
SHP-001241,2026-07-08,2026-07-10,2026-07-12,CUS-041,MAT-078,CAR-014,RTE-039,13,2405.00,Delivered,Zoll
SHP-001242,2026-04-11,2026-04-13,2026-04-12,CUS-011,MAT-005,CAR-007,RTE-019,211,1139.40,Delivered,
SHP-001243,2025-05-22,2025-05-23,2025-05-23,CUS-012,MAT-016,CAR-003,RTE-015,114,1083.00,Delivered,
SHP-001244,2026-06-28,2026-06-30,2026-06-30,CUS-033,MAT-070,CAR-008,RTE-015,15,252.00,Delivered,
SHP-001245,2026-07-18,2026-07-20,2026-07-20,CUS-024,MAT-052,CAR-002,RTE-011,29,46.40,Delivered,
SHP-001246,2026-05-09,2026-05-11,2026-05-10,CUS-015,MAT-017,CAR-003,RTE-015,96,33.60,Delivered,
SHP-001247,2025-01-29,2025-01-31,2025-01-31,CUS-026,MAT-051,CAR-006,RTE-014,397,1230.70,Delivered,
SHP-001248,2026-02-04,2026-02-06,2026-02-10,CUS-008,MAT-011,CAR-010,RTE-030,44,316.80,Delayed,Zoll
SHP-001249,2025-05-15,2025-06-20,2025-06-20,CUS-021,MAT-021,CAR-012,RTE-032,350,28.00,Delivered,
SHP-001250,2026-05-02,2026-05-29,2026-05-30,CUS-011,MAT-006,CAR-013,RTE-033,127,152.40,Delivered,Kapazität
SHP-001251,2026-08-06,2026-08-07,2026-08-07,CUS-004,MAT-011,CAR-007,RTE-012,155,1116.00,Delivered,
SHP-001252,2026-03-04,2026-04-09,2026-04-09,CUS-016,MAT-025,CAR-012,RTE-036,1256,1318.80,Delivered,
SHP-001253,2026-01-10,2026-01-12,2026-01-12,CUS-022,MAT-053,CAR-001,RTE-013,78,40.56,Delivered,
SHP-001254,2025-11-21,2025-11-27,2025-11-27,CUS-011,MAT-015,CAR-013,RTE-031,198,2336.40,Delivered,
SHP-001255,2026-05-18,2026-05-19,2026-05-20,CUS-013,MAT-023,CAR-014,RTE-037,888,133.20,Delivered,Sonstiges
SHP-001256,2025-09-22,2025-09-23,2025-09-23,CUS-016,MAT-036,CAR-015,RTE-040,626,237.88,Delivered,
SHP-001257,2025-01-08,2025-01-10,2025-01-12,CUS-030,MAT-039,CAR-007,RTE-003,243,189.54,Delivered,Sonstiges
SHP-001258,2026-07-16,2026-07-17,2026-07-20,CUS-050,MAT-002,CAR-006,RTE-012,99,613.80,Delayed,Wetter
SHP-001259,2025-05-14,2025-05-15,2025-05-15,CUS-016,MAT-061,CAR-015,RTE-037,13,546.00,Delivered,
SHP-001260,2025-10-26,2025-10-28,2025-10-27,CUS-015,MAT-023,CAR-014,RTE-039,362,54.30,Delivered,
SHP-001261,2026-03-11,2026-03-13,2026-03-13,CUS-031,MAT-038,CAR-005,RTE-011,207,128.34,Delivered,
SHP-001262,2025-05-25,2025-06-25,2025-06-27,CUS-042,MAT-066,CAR-012,RTE-033,25,162.50,Delivered,Wetter
SHP-001263,2025-08-09,2025-08-11,2025-08-11,CUS-008,MAT-005,CAR-002,RTE-003,156,842.40,Delivered,
SHP-001264,2025-05-25,2025-05-28,2025-05-29,CUS-048,MAT-080,CAR-010,RTE-027,89,1121.40,Delivered,Wetter
SHP-001265,2026-08-12,2026-08-13,2026-08-18,CUS-002,MAT-009,CAR-004,RTE-016,228,433.20,Delayed,Zoll
SHP-001266,2026-04-30,2026-05-28,2026-05-28,CUS-034,MAT-077,CAR-011,RTE-032,59,28.32,Delivered,
SHP-001267,2026-03-26,2026-03-28,2026-03-28,CUS-001,MAT-017,CAR-008,RTE-009,17,5.95,Delivered,
SHP-001268,2025-04-15,2025-04-16,2025-04-16,CUS-041,MAT-059,CAR-002,RTE-017,6,7500.00,Delivered,
SHP-001269,2026-04-23,2026-04-24,2026-04-24,CUS-021,MAT-055,CAR-002,RTE-020,433,4026.90,Delivered,
SHP-001270,2026-01-09,2026-01-10,2026-01-10,CUS-015,MAT-035,CAR-001,RTE-011,1011,556.05,Delivered,
SHP-001271,2025-07-20,2025-08-23,2025-08-23,CUS-045,MAT-069,CAR-012,RTE-032,10,220.00,Delivered,
SHP-001272,2025-01-03,2025-01-04,2025-01-04,CUS-021,MAT-002,CAR-002,RTE-015,27,167.40,Delivered,
SHP-001273,2026-02-21,2026-02-24,2026-02-24,CUS-028,MAT-053,CAR-010,RTE-027,321,166.92,Delivered,
SHP-001274,2026-02-16,2026-02-17,2026-02-17,CUS-006,MAT-013,CAR-002,RTE-011,183,933.30,Delivered,
SHP-001275,2025-09-28,2025-09-30,2025-09-30,CUS-024,MAT-067,CAR-006,RTE-010,7,385.00,Delivered,
SHP-001276,2026-06-09,2026-06-10,2026-06-10,CUS-015,MAT-023,CAR-007,RTE-005,530,79.50,Delivered,
SHP-001277,2026-04-28,2026-04-29,2026-04-29,CUS-015,MAT-035,CAR-006,RTE-017,1086,597.30,Delivered,
SHP-001278,2025-06-19,2025-06-21,2025-06-20,CUS-004,MAT-012,CAR-004,RTE-007,166,1128.80,Delivered,
SHP-001279,2026-08-26,2026-08-28,2026-08-28,CUS-003,MAT-006,CAR-002,RTE-018,97,116.40,Delivered,
SHP-001280,2025-11-08,2025-11-11,2025-11-11,CUS-022,MAT-049,CAR-005,RTE-007,406,182.70,Delivered,
SHP-001281,2026-02-09,2026-02-11,2026-02-13,CUS-043,MAT-074,CAR-009,RTE-030,11,9.35,Delivered,Zoll
SHP-001282,2026-06-14,2026-06-15,2026-06-15,CUS-050,MAT-079,CAR-008,RTE-001,2,420.00,Delivered,
SHP-001283,2025-08-14,2025-08-16,2025-08-16,CUS-006,MAT-016,CAR-006,RTE-018,215,2042.50,Delivered,
SHP-001284,2025-07-20,2025-07-21,2025-07-21,CUS-016,MAT-030,CAR-001,RTE-004,1465,131.85,Delivered,
SHP-001285,2025-07-25,2025-07-28,,CUS-017,MAT-023,CAR-014,RTE-039,873,130.95,Cancelled,
SHP-001286,2026-06-08,2026-06-13,2026-06-13,CUS-050,MAT-061,CAR-012,RTE-035,4,168.00,Delivered,
SHP-001287,2025-07-06,2025-07-09,2025-07-09,CUS-045,MAT-065,CAR-009,RTE-024,76,2128.00,Delivered,
SHP-001288,2026-06-23,2026-06-26,2026-06-27,CUS-046,MAT-062,CAR-011,RTE-031,11,935.00,Delivered,Wetter
SHP-001289,2025-06-28,2025-06-30,2025-07-01,CUS-006,MAT-016,CAR-010,RTE-029,28,266.00,Delivered,Sonstiges
SHP-001290,2026-08-25,2026-08-26,2026-08-26,CUS-032,MAT-005,CAR-004,RTE-022,182,982.80,Delivered,
SHP-001291,2026-02-23,2026-02-24,2026-02-24,CUS-040,MAT-076,CAR-002,RTE-014,73,2774.00,Delivered,
SHP-001292,2025-06-22,2025-06-24,,CUS-022,MAT-045,CAR-006,RTE-004,278,33.36,Cancelled,
SHP-001293,2026-01-03,2026-01-06,2026-01-06,CUS-006,MAT-009,CAR-010,RTE-025,41,77.90,Delivered,
SHP-001294,2025-12-31,2026-01-03,2026-01-02,CUS-002,MAT-041,CAR-015,RTE-039,131,124.45,Delivered,
SHP-001295,2026-06-18,2026-06-19,2026-06-19,CUS-006,MAT-005,CAR-007,RTE-021,113,610.20,Delivered,
SHP-001296,2026-02-22,2026-02-23,2026-02-23,CUS-034,MAT-063,CAR-002,RTE-012,37,4.44,Delivered,
SHP-001297,2025-12-02,2025-12-03,2025-12-03,CUS-014,MAT-026,CAR-006,RTE-002,886,35.44,Delivered,
SHP-001298,2025-08-18,2025-08-21,2025-08-21,CUS-009,MAT-016,CAR-010,RTE-024,123,1168.50,Delivered,
SHP-001299,2025-06-09,2025-06-11,2025-06-11,CUS-050,MAT-074,CAR-001,RTE-005,55,46.75,Delivered,
SHP-001300,2026-02-18,2026-02-23,,CUS-048,MAT-070,CAR-009,RTE-024,57,957.60,Cancelled,
SHP-001301,2026-04-16,2026-05-20,2026-05-20,CUS-029,MAT-044,CAR-013,RTE-033,500,40.00,Delivered,
SHP-001302,2025-01-17,2025-01-20,2025-01-19,CUS-027,MAT-052,CAR-014,RTE-037,418,668.80,Delivered,
SHP-001303,2026-05-12,2026-05-14,2026-05-14,CUS-010,MAT-010,CAR-009,RTE-029,168,3108.00,Delivered,
SHP-001304,2025-08-11,2025-09-11,2025-09-11,CUS-029,MAT-027,CAR-011,RTE-033,1594,350.68,Delivered,
SHP-001305,2026-06-17,2026-06-20,2026-06-19,CUS-049,MAT-004,CAR-009,RTE-025,127,393.70,Delivered,
SHP-001306,2025-05-30,2025-06-24,2025-06-24,CUS-035,MAT-073,CAR-013,RTE-032,2,190.00,Delivered,
SHP-001307,2025-06-11,2025-06-14,2025-06-14,CUS-050,MAT-073,CAR-012,RTE-031,3,285.00,Delivered,
SHP-001308,2026-02-17,2026-02-19,,CUS-032,MAT-038,CAR-004,RTE-009,397,246.14,Cancelled,
SHP-001309,2025-11-19,2025-12-16,2025-12-16,CUS-043,MAT-065,CAR-011,RTE-033,79,2212.00,Delivered,
SHP-001310,2025-12-29,2025-12-31,2025-12-31,CUS-018,MAT-026,CAR-008,RTE-004,603,24.12,Delivered,
SHP-001311,2026-02-20,2026-02-21,2026-02-23,CUS-002,MAT-007,CAR-004,RTE-010,166,464.80,Delivered,Sonstiges
SHP-001312,2025-02-17,2025-02-18,2025-02-17,CUS-019,MAT-030,CAR-014,RTE-040,1010,90.90,Delivered,
SHP-001313,2025-04-19,2025-04-21,2025-04-21,CUS-008,MAT-014,CAR-002,RTE-006,119,1475.60,Delivered,
SHP-001314,2026-07-15,2026-07-17,2026-07-17,CUS-026,MAT-058,CAR-008,RTE-019,477,262.35,Delivered,
SHP-001315,2025-10-16,2025-10-17,2025-10-17,CUS-034,MAT-073,CAR-007,RTE-020,9,855.00,Delivered,
SHP-001316,2025-03-08,2025-03-10,2025-03-15,CUS-043,MAT-068,CAR-004,RTE-018,20,304.00,Delayed,Wetter
SHP-001317,2026-04-04,2026-04-06,2026-04-06,CUS-049,MAT-074,CAR-005,RTE-021,12,10.20,Delivered,
SHP-001318,2025-06-14,2025-06-21,2025-06-21,CUS-006,MAT-017,CAR-013,RTE-035,29,10.15,Delivered,
SHP-001319,2025-05-22,2025-05-23,2025-05-23,CUS-016,MAT-026,CAR-007,RTE-016,1471,58.84,Delivered,
SHP-001320,2026-03-03,2026-03-05,2026-03-06,CUS-003,MAT-018,CAR-004,RTE-011,15,6.30,Delivered,Wetter
SHP-001321,2025-03-03,2025-03-04,2025-03-09,CUS-043,MAT-061,CAR-005,RTE-021,16,672.00,Delayed,Kapazität
SHP-001322,2025-07-28,2025-07-30,2025-07-30,CUS-033,MAT-056,CAR-008,RTE-005,82,1189.00,Delivered,
SHP-001323,2025-11-30,2025-12-02,2025-12-02,CUS-015,MAT-025,CAR-009,RTE-030,348,365.40,Delivered,
SHP-001324,2025-02-04,2025-02-05,2025-02-05,CUS-041,MAT-074,CAR-004,RTE-014,6,5.10,Delivered,
SHP-001325,2025-12-24,2025-12-25,2025-12-25,CUS-033,MAT-053,CAR-003,RTE-005,235,122.20,Delivered,
SHP-001326,2025-09-04,2025-09-05,2025-09-04,CUS-016,MAT-032,CAR-007,RTE-006,1171,58.55,Delivered,
SHP-001327,2026-08-30,2026-08-31,2026-08-31,CUS-011,MAT-020,CAR-003,RTE-020,207,1842.30,Delivered,
SHP-001328,2025-12-04,2025-12-24,2025-12-27,CUS-009,MAT-038,CAR-011,RTE-034,492,305.04,Delayed,Kapazität
SHP-001329,2025-06-18,2025-07-03,2025-07-07,CUS-050,MAT-076,CAR-013,RTE-034,54,2052.00,Delayed,Kapazität
SHP-001330,2025-07-17,2025-07-18,2025-07-18,CUS-015,MAT-023,CAR-005,RTE-013,1108,166.20,Delivered,
SHP-001331,2026-03-28,2026-04-01,2026-04-01,CUS-021,MAT-044,CAR-009,RTE-025,133,10.64,Delivered,
SHP-001332,2025-08-22,2025-09-27,2025-09-26,CUS-023,MAT-030,CAR-012,RTE-036,805,72.45,Delivered,
SHP-001333,2025-07-16,2025-07-18,2025-07-18,CUS-021,MAT-058,CAR-006,RTE-018,35,19.25,Delivered,
SHP-001334,2026-03-31,2026-04-04,2026-04-04,CUS-041,MAT-075,CAR-010,RTE-023,36,11.52,Delivered,
SHP-001335,2025-08-13,2025-08-15,2025-08-15,CUS-050,MAT-063,CAR-006,RTE-002,87,10.44,Delivered,
SHP-001336,2025-07-29,2025-07-30,2025-07-30,CUS-047,MAT-070,CAR-002,RTE-017,21,352.80,Delivered,
SHP-001337,2026-01-19,2026-01-20,2026-01-20,CUS-005,MAT-073,CAR-004,RTE-004,8,760.00,Delivered,
SHP-001338,2026-06-10,2026-06-13,2026-06-13,CUS-011,MAT-011,CAR-015,RTE-037,27,194.40,Delivered,
SHP-001339,2025-11-18,2025-11-20,2025-11-20,CUS-026,MAT-047,CAR-014,RTE-037,422,569.70,Delivered,
SHP-001340,2025-08-10,2025-08-12,2025-08-12,CUS-001,MAT-001,CAR-015,RTE-037,36,306.00,Delivered,
SHP-001341,2025-07-10,2025-07-11,2025-07-11,CUS-001,MAT-011,CAR-002,RTE-016,38,273.60,Delivered,
SHP-001342,2025-02-14,2025-02-15,2025-02-15,CUS-045,MAT-071,CAR-001,RTE-012,83,2075.00,Delivered,
SHP-001343,2025-11-04,2025-11-05,2025-11-05,CUS-040,MAT-076,CAR-003,RTE-008,81,3078.00,Delivered,
SHP-001344,2025-10-19,2025-10-23,2025-10-26,CUS-042,MAT-065,CAR-009,RTE-025,49,1372.00,Delayed,Sonstiges
SHP-001345,2025-08-12,2025-08-16,2025-08-16,CUS-006,MAT-002,CAR-010,RTE-023,109,675.80,Delivered,
SHP-001346,2026-07-30,2026-07-31,2026-07-31,CUS-026,MAT-063,CAR-008,RTE-001,72,8.64,Delivered,
SHP-001347,2025-08-02,2025-08-04,2025-08-04,CUS-031,MAT-037,CAR-004,RTE-022,132,23.76,Delivered,
SHP-001348,2025-03-20,2025-03-24,2025-03-24,CUS-046,MAT-072,CAR-009,RTE-025,60,27.00,Delivered,
SHP-001349,2025-07-22,2025-07-24,2025-07-24,CUS-011,MAT-009,CAR-001,RTE-002,9,17.10,Delivered,
SHP-001350,2025-09-03,2025-09-06,2025-09-06,CUS-017,MAT-025,CAR-002,RTE-007,294,308.70,Delivered,
SHP-001351,2025-07-11,2025-07-14,2025-07-14,CUS-036,MAT-060,CAR-010,RTE-024,8,147.20,Delivered,
SHP-001352,2025-10-01,2025-10-08,2025-10-08,CUS-041,MAT-078,CAR-013,RTE-035,13,2405.00,Delivered,
SHP-001353,2025-11-30,2025-12-02,2025-12-02,CUS-033,MAT-080,CAR-009,RTE-030,74,932.40,Delivered,
SHP-001354,2026-06-28,2026-06-29,2026-06-29,CUS-029,MAT-055,CAR-006,RTE-001,340,3162.00,Delivered,
SHP-001355,2025-10-07,2025-10-09,2025-10-10,CUS-045,MAT-066,CAR-006,RTE-005,77,500.50,Delivered,Kapazität
SHP-001356,2026-08-15,2026-08-17,2026-08-17,CUS-050,MAT-071,CAR-010,RTE-030,88,2200.00,Delivered,
SHP-001357,2026-01-16,2026-01-19,2026-01-19,CUS-049,MAT-075,CAR-010,RTE-028,89,28.48,Delivered,
SHP-001358,2026-06-28,2026-07-23,2026-07-23,CUS-046,MAT-068,CAR-013,RTE-033,24,364.80,Delivered,
SHP-001359,2025-04-14,2025-04-15,2025-04-15,CUS-001,MAT-005,CAR-004,RTE-012,76,410.40,Delivered,
SHP-001360,2025-03-13,2025-03-14,2025-03-14,CUS-017,MAT-027,CAR-007,RTE-016,338,74.36,Delivered,
SHP-001361,2025-09-18,2025-09-20,2025-09-20,CUS-017,MAT-024,CAR-006,RTE-007,532,63.84,Delivered,
SHP-001362,2025-06-03,2025-06-04,2025-06-04,CUS-015,MAT-021,CAR-014,RTE-038,1407,112.56,Delivered,
SHP-001363,2025-02-26,2025-03-20,2025-03-20,CUS-045,MAT-004,CAR-012,RTE-034,57,176.70,Delivered,
SHP-001364,2026-02-01,2026-02-03,2026-02-05,CUS-043,MAT-013,CAR-009,RTE-027,227,1157.70,Delivered,Wetter
SHP-001365,2025-04-12,2025-05-17,2025-05-16,CUS-043,MAT-077,CAR-012,RTE-036,53,25.44,Delivered,
SHP-001366,2025-10-18,2025-10-20,2025-10-20,CUS-025,MAT-046,CAR-006,RTE-002,395,2528.00,Delivered,
SHP-001367,2026-05-25,2026-05-28,2026-06-02,CUS-030,MAT-054,CAR-010,RTE-030,496,49.60,Delayed,Kapazität
SHP-001368,2025-06-27,2025-06-28,2025-06-28,CUS-003,MAT-001,CAR-006,RTE-017,58,493.00,Delivered,
SHP-001369,2025-12-14,2025-12-15,,CUS-049,MAT-064,CAR-001,RTE-013,65,247.00,Cancelled,
SHP-001370,2025-01-01,2025-01-04,2025-01-04,CUS-043,MAT-064,CAR-010,RTE-024,34,129.20,Delivered,
SHP-001371,2025-05-12,2025-05-15,2025-05-15,CUS-035,MAT-074,CAR-009,RTE-028,15,12.75,Delivered,
SHP-001372,2026-06-15,2026-06-18,2026-06-18,CUS-030,MAT-042,CAR-009,RTE-028,285,1197.00,Delivered,
SHP-001373,2025-12-07,2025-12-11,2025-12-11,CUS-015,MAT-043,CAR-012,RTE-031,487,413.95,Delivered,
SHP-001374,2026-07-02,2026-07-06,2026-07-06,CUS-008,MAT-001,CAR-010,RTE-024,34,289.00,Delivered,
SHP-001375,2026-03-06,2026-03-07,2026-03-07,CUS-022,MAT-047,CAR-007,RTE-016,143,193.05,Delivered,
SHP-001376,2026-08-28,2026-09-28,,CUS-042,MAT-062,CAR-012,RTE-032,1,85.00,In Transit,
SHP-001377,2026-07-21,2026-07-23,2026-07-27,CUS-037,MAT-077,CAR-009,RTE-029,64,30.72,Delayed,Sonstiges
SHP-001378,2025-01-03,2025-01-06,2025-01-06,CUS-013,MAT-025,CAR-014,RTE-037,334,350.70,Delivered,
SHP-001379,2026-02-18,2026-02-19,2026-02-19,CUS-032,MAT-042,CAR-006,RTE-013,421,1768.20,Delivered,
SHP-001380,2026-07-26,2026-07-29,2026-07-29,CUS-036,MAT-063,CAR-012,RTE-035,79,9.48,Delivered,
SHP-001381,2026-01-29,2026-02-02,2026-02-02,CUS-039,MAT-076,CAR-009,RTE-027,75,2850.00,Delivered,
SHP-001382,2026-02-20,2026-03-24,2026-03-24,CUS-047,MAT-060,CAR-013,RTE-036,61,1122.40,Delivered,
SHP-001383,2026-04-03,2026-04-04,2026-04-04,CUS-026,MAT-041,CAR-003,RTE-020,307,291.65,Delivered,
SHP-001384,2025-10-14,2025-10-16,2025-10-16,CUS-022,MAT-051,CAR-015,RTE-037,496,1537.60,Delivered,
SHP-001385,2025-09-07,2025-09-08,2025-09-08,CUS-021,MAT-058,CAR-004,RTE-020,517,284.35,Delivered,
SHP-001386,2025-12-31,2026-01-02,2026-01-02,CUS-023,MAT-052,CAR-007,RTE-005,282,451.20,Delivered,
SHP-001387,2025-12-06,2025-12-08,,CUS-006,MAT-007,CAR-007,RTE-002,142,397.60,Cancelled,
SHP-001388,2026-02-21,2026-02-23,2026-02-23,CUS-033,MAT-066,CAR-007,RTE-009,55,357.50,Delivered,
SHP-001389,2026-04-09,2026-04-11,2026-04-11,CUS-029,MAT-006,CAR-002,RTE-018,76,91.20,Delivered,
SHP-001390,2025-06-17,2025-06-19,2025-06-19,CUS-030,MAT-048,CAR-009,RTE-027,373,671.40,Delivered,
SHP-001391,2025-08-14,2025-08-15,2025-08-15,CUS-021,MAT-043,CAR-008,RTE-019,157,133.45,Delivered,
SHP-001392,2026-08-13,2026-08-14,2026-08-14,CUS-027,MAT-052,CAR-003,RTE-011,230,368.00,Delivered,
SHP-001393,2026-03-20,2026-03-21,,CUS-017,MAT-032,CAR-001,RTE-017,789,39.45,Cancelled,
SHP-001394,2026-01-21,2026-01-27,2026-01-29,CUS-033,MAT-071,CAR-011,RTE-035,42,1050.00,Delivered,Wetter
SHP-001395,2026-01-14,2026-01-15,2026-01-15,CUS-044,MAT-077,CAR-008,RTE-004,12,5.76,Delivered,
SHP-001396,2025-03-07,2025-03-10,2025-03-10,CUS-013,MAT-023,CAR-014,RTE-038,969,145.35,Delivered,
SHP-001397,2026-06-05,2026-06-25,2026-06-25,CUS-011,MAT-020,CAR-012,RTE-034,32,284.80,Delivered,
SHP-001398,2026-02-09,2026-02-10,2026-02-09,CUS-002,MAT-009,CAR-015,RTE-038,80,152.00,Delivered,
SHP-001399,2025-02-15,2025-02-19,2025-02-19,CUS-018,MAT-024,CAR-012,RTE-035,1591,190.92,Delivered,
SHP-001400,2025-12-21,2025-12-23,2025-12-23,CUS-043,MAT-070,CAR-008,RTE-005,59,991.20,Delivered,
SHP-001401,2025-04-28,2025-04-30,2025-04-30,CUS-026,MAT-051,CAR-003,RTE-009,385,1193.50,Delivered,
SHP-001402,2026-05-08,2026-05-25,2026-05-25,CUS-035,MAT-069,CAR-013,RTE-034,84,1848.00,Delivered,
SHP-001403,2025-01-21,2025-01-23,2025-01-25,CUS-031,MAT-039,CAR-010,RTE-029,475,370.50,Delivered,Wetter
SHP-001404,2026-05-25,2026-07-01,2026-06-30,CUS-029,MAT-039,CAR-012,RTE-032,83,64.74,Delivered,
SHP-001405,2025-12-20,2025-12-22,2025-12-22,CUS-001,MAT-002,CAR-005,RTE-021,182,1128.40,Delivered,
SHP-001406,2026-08-10,2026-08-11,2026-08-11,CUS-026,MAT-055,CAR-001,RTE-016,503,4677.90,Delivered,
SHP-001407,2026-06-05,2026-06-06,2026-06-06,CUS-022,MAT-057,CAR-001,RTE-001,384,1843.20,Delivered,
SHP-001408,2025-05-12,2025-05-15,2025-05-16,CUS-050,MAT-064,CAR-013,RTE-031,22,83.60,Delivered,Kapazität
SHP-001409,2025-11-29,2025-12-01,2025-12-04,CUS-032,MAT-038,CAR-007,RTE-001,158,97.96,Delayed,Kapazität
SHP-001410,2025-05-04,2025-05-05,2025-05-05,CUS-001,MAT-016,CAR-005,RTE-003,238,2261.00,Delivered,
SHP-001411,2025-12-29,2025-12-30,2026-01-06,CUS-050,MAT-067,CAR-001,RTE-013,11,605.00,Delayed,Kapazität
SHP-001412,2025-12-16,2025-12-19,2025-12-19,CUS-035,MAT-080,CAR-009,RTE-024,62,781.20,Delivered,
SHP-001413,2026-02-16,2026-02-18,2026-02-20,CUS-023,MAT-051,CAR-010,RTE-026,513,1590.30,Delivered,Wetter
SHP-001414,2026-08-06,2026-08-08,2026-08-08,CUS-029,MAT-056,CAR-007,RTE-014,242,3509.00,Delivered,
SHP-001415,2025-08-28,2025-08-29,2025-08-29,CUS-033,MAT-076,CAR-003,RTE-006,79,3002.00,Delivered,
SHP-001416,2026-04-08,2026-04-09,2026-04-09,CUS-048,MAT-062,CAR-004,RTE-021,8,680.00,Delivered,
SHP-001417,2026-03-28,2026-03-30,2026-03-30,CUS-001,MAT-009,CAR-005,RTE-016,236,448.40,Delivered,
SHP-001418,2025-06-17,2025-06-19,2025-06-19,CUS-022,MAT-042,CAR-001,RTE-006,263,1104.60,Delivered,
SHP-001419,2025-11-28,2025-11-29,2025-11-29,CUS-011,MAT-011,CAR-008,RTE-018,46,331.20,Delivered,
SHP-001420,2025-02-04,2025-02-06,2025-02-06,CUS-007,MAT-002,CAR-001,RTE-006,133,824.60,Delivered,
SHP-001421,2026-04-06,2026-04-07,2026-04-07,CUS-026,MAT-055,CAR-002,RTE-022,473,4398.90,Delivered,
SHP-001422,2025-07-07,2025-07-12,2025-07-12,CUS-033,MAT-060,CAR-011,RTE-031,36,662.40,Delivered,
SHP-001423,2025-04-25,2025-04-26,,CUS-043,MAT-062,CAR-007,RTE-012,3,255.00,Cancelled,
SHP-001424,2025-05-18,2025-05-22,2025-05-21,CUS-008,MAT-019,CAR-009,RTE-023,175,49.00,Delivered,
SHP-001425,2026-03-06,2026-03-07,2026-03-07,CUS-042,MAT-077,CAR-001,RTE-016,17,8.16,Delivered,
SHP-001426,2026-07-19,2026-07-21,2026-07-20,CUS-032,MAT-040,CAR-007,RTE-004,233,267.95,Delivered,
SHP-001427,2025-04-03,2025-04-04,2025-04-04,CUS-031,MAT-039,CAR-003,RTE-013,45,35.10,Delivered,
SHP-001428,2026-01-28,2026-03-04,2026-03-04,CUS-036,MAT-075,CAR-011,RTE-032,33,10.56,Delivered,
SHP-001429,2026-04-27,2026-04-28,2026-04-27,CUS-017,MAT-026,CAR-007,RTE-022,346,13.84,Delivered,
SHP-001430,2026-06-13,2026-06-17,2026-06-17,CUS-015,MAT-033,CAR-010,RTE-025,315,9.45,Delivered,
SHP-001431,2026-06-01,2026-06-02,,CUS-043,MAT-070,CAR-015,RTE-039,89,1495.20,Cancelled,
SHP-001432,2026-01-05,2026-01-08,2026-01-08,CUS-048,MAT-077,CAR-010,RTE-025,18,8.64,Delivered,
SHP-001433,2026-04-19,2026-04-20,2026-04-19,CUS-010,MAT-018,CAR-003,RTE-012,62,26.04,Delivered,
SHP-001434,2025-08-27,2025-08-28,2025-08-27,CUS-038,MAT-063,CAR-014,RTE-037,67,8.04,Delivered,
SHP-001435,2025-06-05,2025-06-06,2025-06-05,CUS-030,MAT-061,CAR-001,RTE-019,10,420.00,Delivered,
SHP-001436,2026-03-20,2026-03-23,2026-03-23,CUS-016,MAT-026,CAR-014,RTE-037,106,4.24,Delivered,
SHP-001437,2026-07-02,2026-07-06,2026-07-06,CUS-046,MAT-074,CAR-009,RTE-030,85,72.25,Delivered,
SHP-001438,2026-06-02,2026-06-29,2026-06-30,CUS-050,MAT-072,CAR-011,RTE-032,38,17.10,Delivered,Wetter
SHP-001439,2026-07-12,2026-07-15,2026-07-15,CUS-040,MAT-075,CAR-001,RTE-007,76,24.32,Delivered,
SHP-001440,2026-05-17,2026-05-21,2026-05-21,CUS-049,MAT-072,CAR-010,RTE-023,63,28.35,Delivered,
SHP-001441,2025-09-24,2025-09-26,2025-09-26,CUS-006,MAT-002,CAR-004,RTE-007,71,440.20,Delivered,
SHP-001442,2025-11-13,2025-11-14,2025-11-13,CUS-050,MAT-068,CAR-008,RTE-017,57,866.40,Delivered,
SHP-001443,2026-03-16,2026-03-19,2026-03-21,CUS-029,MAT-054,CAR-009,RTE-028,278,27.80,Delivered,Wetter
SHP-001444,2026-07-16,2026-07-20,2026-07-20,CUS-050,MAT-065,CAR-010,RTE-025,38,1064.00,Delivered,
SHP-001445,2025-11-03,2025-11-04,2025-11-04,CUS-008,MAT-003,CAR-006,RTE-005,22,105.60,Delivered,
SHP-001446,2026-01-08,2026-01-12,2026-01-11,CUS-016,MAT-021,CAR-014,RTE-037,997,79.76,Delivered,
SHP-001447,2026-03-22,2026-03-27,,CUS-034,MAT-076,CAR-011,RTE-035,79,3002.00,Cancelled,
SHP-001448,2026-01-21,2026-01-23,2026-01-23,CUS-013,MAT-023,CAR-001,RTE-006,117,17.55,Delivered,
SHP-001449,2026-02-06,2026-02-09,2026-02-09,CUS-042,MAT-071,CAR-013,RTE-035,31,775.00,Delivered,
SHP-001450,2025-04-15,2025-04-17,2025-04-17,CUS-022,MAT-046,CAR-008,RTE-013,170,1088.00,Delivered,
SHP-001451,2026-08-12,2026-08-15,2026-08-15,CUS-013,MAT-031,CAR-006,RTE-007,1250,262.50,Delivered,
SHP-001452,2025-10-07,2025-10-09,,CUS-050,MAT-059,CAR-002,RTE-009,2,2500.00,Cancelled,
SHP-001453,2025-02-12,2025-02-15,2025-02-21,CUS-023,MAT-054,CAR-009,RTE-024,362,36.20,Delayed,Kapazität
SHP-001454,2026-01-24,2026-01-26,2026-01-26,CUS-014,MAT-023,CAR-006,RTE-022,1259,188.85,Delivered,
SHP-001455,2025-12-09,2025-12-12,2025-12-12,CUS-046,MAT-061,CAR-015,RTE-037,10,420.00,Delivered,
SHP-001456,2025-04-23,2025-05-19,2025-05-19,CUS-043,MAT-071,CAR-012,RTE-033,63,1575.00,Delivered,
SHP-001457,2025-01-11,2025-01-13,2025-01-12,CUS-037,MAT-073,CAR-014,RTE-039,2,190.00,Delivered,
SHP-001458,2025-09-07,2025-09-10,2025-09-11,CUS-024,MAT-039,CAR-010,RTE-025,177,138.06,Delivered,Kapazität
SHP-001459,2026-01-15,2026-01-19,2026-01-23,CUS-048,MAT-074,CAR-010,RTE-027,77,65.45,Delayed,Kapazität
SHP-001460,2026-01-08,2026-01-09,2026-01-08,CUS-029,MAT-052,CAR-002,RTE-002,389,622.40,Delivered,
SHP-001461,2025-05-04,2025-05-06,2025-05-06,CUS-029,MAT-050,CAR-005,RTE-018,369,103.32,Delivered,
SHP-001462,2026-06-12,2026-06-15,2026-06-15,CUS-016,MAT-024,CAR-015,RTE-040,1412,169.44,Delivered,
SHP-001463,2025-12-15,2025-12-16,2025-12-16,CUS-045,MAT-079,CAR-003,RTE-020,3,630.00,Delivered,
SHP-001464,2025-09-10,2025-09-11,2025-09-11,CUS-026,MAT-051,CAR-003,RTE-018,501,1553.10,Delivered,
SHP-001465,2026-04-28,2026-04-30,2026-04-30,CUS-021,MAT-041,CAR-008,RTE-019,297,282.15,Delivered,
SHP-001466,2026-04-13,2026-04-15,2026-04-15,CUS-001,MAT-009,CAR-008,RTE-005,162,307.80,Delivered,
SHP-001467,2026-04-15,2026-04-18,2026-04-18,CUS-003,MAT-007,CAR-015,RTE-037,71,198.80,Delivered,
SHP-001468,2025-11-03,2025-11-10,2025-11-09,CUS-042,MAT-065,CAR-011,RTE-031,6,168.00,Delivered,
SHP-001469,2025-08-26,2025-08-27,2025-08-28,CUS-014,MAT-024,CAR-008,RTE-001,1576,189.12,Delivered,Wetter
SHP-001470,2025-12-27,2025-12-29,2025-12-29,CUS-022,MAT-043,CAR-001,RTE-009,456,387.60,Delivered,
SHP-001471,2025-12-30,2026-01-01,2026-01-01,CUS-046,MAT-075,CAR-005,RTE-009,86,27.52,Delivered,
SHP-001472,2025-07-02,2025-07-04,2025-07-04,CUS-001,MAT-018,CAR-001,RTE-009,225,94.50,Delivered,
SHP-001473,2026-01-24,2026-01-26,2026-01-26,CUS-031,MAT-057,CAR-004,RTE-009,340,1632.00,Delivered,
SHP-001474,2025-07-28,2025-07-29,2025-07-29,CUS-021,MAT-051,CAR-003,RTE-017,191,592.10,Delivered,
SHP-001475,2025-02-14,2025-02-15,2025-02-15,CUS-034,MAT-078,CAR-006,RTE-020,16,2960.00,Delivered,
SHP-001476,2025-02-16,2025-02-18,2025-02-18,CUS-045,MAT-003,CAR-006,RTE-014,145,696.00,Delivered,
SHP-001477,2025-08-06,2025-08-07,2025-08-12,CUS-022,MAT-057,CAR-005,RTE-017,52,249.60,Delayed,Wetter
SHP-001478,2026-08-30,2026-09-01,2026-09-01,CUS-015,MAT-029,CAR-008,RTE-010,601,108.18,Delivered,
SHP-001479,2025-01-13,2025-01-15,2025-01-15,CUS-022,MAT-038,CAR-002,RTE-014,185,114.70,Delivered,
SHP-001480,2026-08-11,2026-08-12,2026-08-15,CUS-017,MAT-035,CAR-015,RTE-039,1077,592.35,Delayed,Wetter
SHP-001481,2025-08-11,2025-08-13,2025-08-13,CUS-014,MAT-033,CAR-015,RTE-038,150,4.50,Delivered,
SHP-001482,2026-06-10,2026-07-06,2026-07-10,CUS-018,MAT-021,CAR-012,RTE-036,398,31.84,Delayed,Kapazität
SHP-001483,2025-07-30,2025-07-31,,CUS-022,MAT-058,CAR-001,RTE-013,223,122.65,Cancelled,
SHP-001484,2025-06-20,2025-06-21,2025-06-26,CUS-004,MAT-004,CAR-007,RTE-017,171,530.10,Delayed,Kapazität
SHP-001485,2026-08-26,2026-08-27,2026-08-27,CUS-001,MAT-017,CAR-015,RTE-040,58,20.30,Delivered,
SHP-001486,2026-08-27,2026-09-26,,CUS-048,MAT-059,CAR-012,RTE-033,3,3750.00,In Transit,
SHP-001487,2026-04-03,2026-04-04,2026-04-04,CUS-008,MAT-006,CAR-002,RTE-017,95,114.00,Delivered,
SHP-001488,2026-02-05,2026-02-06,2026-02-11,CUS-021,MAT-038,CAR-008,RTE-012,159,98.58,Delayed,Wetter
SHP-001489,2026-08-19,2026-09-16,,CUS-036,MAT-069,CAR-013,RTE-033,12,264.00,In Transit,
SHP-001490,2026-06-05,2026-06-06,2026-06-10,CUS-034,MAT-073,CAR-007,RTE-005,4,380.00,Delayed,Sonstiges
SHP-001491,2026-08-21,2026-08-27,2026-08-27,CUS-015,MAT-036,CAR-013,RTE-035,937,356.06,Delivered,
SHP-001492,2025-05-13,2025-06-02,2025-06-10,CUS-034,MAT-080,CAR-011,RTE-034,74,932.40,Delayed,Wetter
SHP-001493,2025-09-11,2025-09-12,2025-09-12,CUS-018,MAT-060,CAR-015,RTE-037,11,202.40,Delivered,
SHP-001494,2025-04-13,2025-04-15,2025-04-15,CUS-021,MAT-044,CAR-004,RTE-018,481,38.48,Delivered,
SHP-001495,2025-11-20,2025-11-22,2025-11-22,CUS-001,MAT-004,CAR-004,RTE-013,239,740.90,Delivered,
SHP-001496,2025-12-06,2025-12-08,2025-12-08,CUS-015,MAT-032,CAR-001,RTE-014,780,39.00,Delivered,
SHP-001497,2026-07-11,2026-07-13,2026-07-13,CUS-022,MAT-040,CAR-005,RTE-022,366,420.90,Delivered,
SHP-001498,2026-05-12,2026-05-14,2026-05-14,CUS-027,MAT-053,CAR-006,RTE-018,320,166.40,Delivered,
SHP-001499,2026-03-15,2026-03-17,2026-03-17,CUS-008,MAT-020,CAR-004,RTE-011,34,302.60,Delivered,
SHP-001500,2025-05-03,2025-05-05,2025-05-05,CUS-020,MAT-020,CAR-006,RTE-013,239,2127.10,Delivered,
SHP-001501,2025-03-23,2025-03-25,2025-03-27,CUS-022,MAT-044,CAR-001,RTE-004,361,28.88,Delivered,Sonstiges
SHP-001502,2025-12-21,2025-12-24,2025-12-26,CUS-049,MAT-064,CAR-010,RTE-023,27,102.60,Delivered,Wetter
SHP-001503,2025-10-09,2025-10-10,2025-10-10,CUS-012,MAT-001,CAR-003,RTE-017,19,161.50,Delivered,
SHP-001504,2025-12-15,2025-12-17,2025-12-17,CUS-035,MAT-080,CAR-001,RTE-013,30,378.00,Delivered,
SHP-001505,2026-02-08,2026-02-09,2026-02-14,CUS-047,MAT-076,CAR-005,RTE-011,81,3078.00,Delayed,Zoll
SHP-001506,2025-09-24,2025-09-27,2025-09-27,CUS-040,MAT-076,CAR-009,RTE-026,18,684.00,Delivered,
SHP-001507,2026-05-19,2026-05-25,2026-05-24,CUS-001,MAT-013,CAR-012,RTE-031,198,1009.80,Delivered,
SHP-001508,2025-07-01,2025-07-02,2025-07-02,CUS-001,MAT-014,CAR-003,RTE-022,11,136.40,Delivered,
SHP-001509,2025-12-12,2025-12-13,2025-12-13,CUS-043,MAT-066,CAR-015,RTE-037,57,370.50,Delivered,
SHP-001510,2026-04-17,2026-04-20,2026-04-20,CUS-040,MAT-075,CAR-010,RTE-028,59,18.88,Delivered,
SHP-001511,2026-05-01,2026-05-04,2026-05-04,CUS-027,MAT-056,CAR-005,RTE-013,143,2073.50,Delivered,
SHP-001512,2025-02-24,2025-02-25,2025-02-25,CUS-032,MAT-053,CAR-015,RTE-040,213,110.76,Delivered,
SHP-001513,2025-01-19,2025-01-20,2025-01-20,CUS-043,MAT-071,CAR-002,RTE-020,22,550.00,Delivered,
SHP-001514,2025-07-22,2025-07-23,2025-07-23,CUS-023,MAT-053,CAR-003,RTE-006,307,159.64,Delivered,
SHP-001515,2025-07-29,2025-07-31,2025-07-30,CUS-029,MAT-039,CAR-009,RTE-028,259,202.02,Delivered,
SHP-001516,2026-02-26,2026-03-02,2026-03-02,CUS-038,MAT-071,CAR-009,RTE-024,41,1025.00,Delivered,
SHP-001517,2026-01-08,2026-01-09,2026-01-09,CUS-007,MAT-006,CAR-003,RTE-016,21,25.20,Delivered,
SHP-001518,2025-08-18,2025-08-20,2025-08-20,CUS-014,MAT-029,CAR-015,RTE-037,803,144.54,Delivered,
SHP-001519,2025-01-01,2025-01-02,2025-01-05,CUS-040,MAT-077,CAR-004,RTE-012,8,3.84,Delayed,Zoll
SHP-001520,2025-05-26,2025-05-27,2025-05-27,CUS-047,MAT-072,CAR-004,RTE-002,41,18.45,Delivered,
SHP-001521,2025-03-07,2025-04-08,2025-04-08,CUS-008,MAT-011,CAR-011,RTE-033,174,1252.80,Delivered,
SHP-001522,2026-07-29,2026-07-31,,CUS-036,MAT-066,CAR-001,RTE-014,53,344.50,Cancelled,
SHP-001523,2025-12-31,2026-01-03,2026-01-03,CUS-003,MAT-018,CAR-009,RTE-023,164,68.88,Delivered,
SHP-001524,2025-02-04,2025-02-06,2025-02-06,CUS-050,MAT-069,CAR-006,RTE-003,35,770.00,Delivered,
SHP-001525,2026-01-11,2026-01-13,,CUS-042,MAT-060,CAR-007,RTE-003,7,128.80,Cancelled,
SHP-001526,2025-07-28,2025-07-29,2025-07-29,CUS-025,MAT-057,CAR-005,RTE-017,191,916.80,Delivered,
SHP-001527,2025-09-26,2025-09-29,2025-09-29,CUS-041,MAT-072,CAR-010,RTE-026,82,36.90,Delivered,
SHP-001528,2025-05-20,2025-05-24,2025-05-24,CUS-022,MAT-056,CAR-010,RTE-025,439,6365.50,Delivered,
SHP-001529,2025-09-21,2025-09-23,2025-09-23,CUS-040,MAT-022,CAR-005,RTE-018,415,29.05,Delivered,
SHP-001530,2026-05-23,2026-05-25,2026-05-29,CUS-045,MAT-070,CAR-006,RTE-017,25,420.00,Delayed,Sonstiges
SHP-001531,2026-08-29,2026-08-31,2026-08-31,CUS-001,MAT-007,CAR-008,RTE-008,146,408.80,Delivered,
SHP-001532,2025-08-08,2025-08-09,2025-08-09,CUS-016,MAT-030,CAR-004,RTE-005,952,85.68,Delivered,
SHP-001533,2025-04-23,2025-04-24,2025-04-27,CUS-021,MAT-047,CAR-008,RTE-012,117,157.95,Delayed,Wetter
SHP-001534,2026-02-22,2026-02-24,2026-02-25,CUS-046,MAT-060,CAR-006,RTE-010,19,349.60,Delivered,Wetter
SHP-001535,2025-08-06,2025-08-07,2025-08-06,CUS-023,MAT-049,CAR-001,RTE-022,384,172.80,Delivered,
SHP-001536,2025-06-09,2025-06-10,2025-06-10,CUS-036,MAT-059,CAR-003,RTE-020,6,7500.00,Delivered,
SHP-001537,2026-07-05,2026-07-07,,CUS-045,MAT-064,CAR-007,RTE-011,13,49.40,Cancelled,
SHP-001538,2026-06-14,2026-06-15,2026-06-15,CUS-043,MAT-060,CAR-003,RTE-004,50,920.00,Delivered,
SHP-001539,2026-05-30,2026-06-01,2026-06-01,CUS-014,MAT-031,CAR-001,RTE-010,947,198.87,Delivered,
SHP-001540,2025-06-07,2025-06-09,,CUS-028,MAT-055,CAR-001,RTE-021,48,446.40,Cancelled,
SHP-001541,2025-01-11,2025-01-13,2025-01-14,CUS-021,MAT-056,CAR-006,RTE-010,483,7003.50,Delivered,Wetter
SHP-001542,2025-12-12,2025-12-15,2025-12-15,CUS-044,MAT-075,CAR-009,RTE-027,34,10.88,Delivered,
SHP-001543,2026-03-06,2026-03-07,2026-03-06,CUS-045,MAT-070,CAR-008,RTE-008,24,403.20,Delivered,
SHP-001544,2025-10-06,2025-10-07,2025-10-07,CUS-021,MAT-055,CAR-003,RTE-001,54,502.20,Delivered,
SHP-001545,2025-03-31,2025-04-01,2025-04-01,CUS-014,MAT-028,CAR-015,RTE-039,1396,907.40,Delivered,
SHP-001546,2025-09-05,2025-09-06,2025-09-06,CUS-036,MAT-066,CAR-004,RTE-013,48,312.00,Delivered,
SHP-001547,2025-05-08,2025-05-09,2025-05-11,CUS-043,MAT-013,CAR-008,RTE-005,125,637.50,Delivered,Wetter
SHP-001548,2026-06-11,2026-06-12,2026-06-16,CUS-034,MAT-063,CAR-003,RTE-008,7,0.84,Delayed,Wetter
SHP-001549,2025-06-15,2025-06-17,2025-06-20,CUS-043,MAT-001,CAR-009,RTE-029,234,1989.00,Delayed,Zoll
SHP-001550,2026-08-17,2026-08-18,2026-08-18,CUS-041,MAT-059,CAR-003,RTE-022,3,3750.00,Delivered,
SHP-001551,2026-04-04,2026-04-10,2026-04-12,CUS-050,MAT-077,CAR-011,RTE-031,45,21.60,Delivered,Sonstiges
SHP-001552,2025-08-22,2025-08-25,2025-08-25,CUS-022,MAT-042,CAR-009,RTE-025,63,264.60,Delivered,
SHP-001553,2025-06-04,2025-06-05,2025-06-05,CUS-036,MAT-073,CAR-007,RTE-012,1,95.00,Delivered,
SHP-001554,2025-11-30,2025-12-01,,CUS-005,MAT-006,CAR-007,RTE-017,193,231.60,Cancelled,
SHP-001555,2025-08-09,2025-08-12,2025-08-12,CUS-019,MAT-004,CAR-004,RTE-007,28,86.80,Delivered,
SHP-001556,2025-11-27,2025-11-29,2025-11-29,CUS-023,MAT-042,CAR-003,RTE-004,49,205.80,Delivered,
SHP-001557,2025-09-04,2025-09-08,2025-09-08,CUS-024,MAT-056,CAR-010,RTE-024,284,4118.00,Delivered,
SHP-001558,2025-04-09,2025-04-14,,CUS-026,MAT-046,CAR-010,RTE-024,107,684.80,Cancelled,
SHP-001559,2026-08-19,2026-08-20,2026-08-23,CUS-009,MAT-010,CAR-008,RTE-021,177,3274.50,Delayed,Wetter
SHP-001560,2025-02-19,2025-02-20,2025-02-22,CUS-025,MAT-043,CAR-006,RTE-017,319,271.15,Delivered,Wetter
SHP-001561,2025-07-06,2025-07-09,2025-07-13,CUS-037,MAT-063,CAR-008,RTE-007,25,3.00,Delayed,Kapazität
SHP-001562,2026-04-27,2026-04-29,2026-04-28,CUS-019,MAT-024,CAR-001,RTE-007,1070,128.40,Delivered,
SHP-001563,2026-05-26,2026-05-27,2026-05-26,CUS-014,MAT-022,CAR-002,RTE-020,981,68.67,Delivered,
SHP-001564,2026-01-14,2026-01-15,2026-01-15,CUS-027,MAT-039,CAR-002,RTE-021,373,290.94,Delivered,
SHP-001565,2026-08-06,2026-08-07,2026-08-12,CUS-024,MAT-056,CAR-005,RTE-006,85,1232.50,Delayed,Wetter
SHP-001566,2026-06-18,2026-06-19,2026-06-19,CUS-042,MAT-033,CAR-001,RTE-019,899,26.97,Delivered,
SHP-001567,2026-04-13,2026-04-15,2026-04-15,CUS-029,MAT-050,CAR-009,RTE-029,220,61.60,Delivered,
SHP-001568,2026-04-28,2026-04-30,2026-04-30,CUS-029,MAT-048,CAR-005,RTE-010,177,318.60,Delivered,
SHP-001569,2025-09-29,2025-10-23,2025-10-23,CUS-050,MAT-078,CAR-011,RTE-036,10,1850.00,Delivered,
SHP-001570,2026-08-13,2026-08-15,2026-08-15,CUS-006,MAT-005,CAR-001,RTE-004,63,340.20,Delivered,
SHP-001571,2025-03-15,2025-04-16,2025-04-16,CUS-038,MAT-076,CAR-013,RTE-033,71,2698.00,Delivered,
SHP-001572,2025-04-15,2025-04-16,2025-04-15,CUS-025,MAT-058,CAR-008,RTE-020,394,216.70,Delivered,
SHP-001573,2025-06-12,2025-06-13,2025-06-13,CUS-030,MAT-045,CAR-003,RTE-018,392,47.04,Delivered,
SHP-001574,2025-06-03,2025-06-06,2025-06-07,CUS-050,MAT-070,CAR-010,RTE-028,31,520.80,Delivered,Kapazität
SHP-001575,2026-03-24,2026-03-25,2026-03-25,CUS-004,MAT-017,CAR-003,RTE-001,229,80.15,Delivered,
SHP-001576,2026-07-03,2026-07-06,2026-07-06,CUS-029,MAT-047,CAR-010,RTE-029,393,530.55,Delivered,
SHP-001577,2026-06-11,2026-06-13,2026-06-13,CUS-049,MAT-066,CAR-004,RTE-019,55,357.50,Delivered,
SHP-001578,2025-09-01,2025-09-03,2025-09-03,CUS-050,MAT-009,CAR-003,RTE-006,186,353.40,Delivered,
SHP-001579,2025-09-18,2025-09-20,2025-09-20,CUS-048,MAT-068,CAR-009,RTE-028,47,714.40,Delivered,
SHP-001580,2026-06-19,2026-06-22,2026-06-22,CUS-015,MAT-024,CAR-014,RTE-038,319,38.28,Delivered,
SHP-001581,2026-02-23,2026-03-23,2026-03-25,CUS-006,MAT-004,CAR-011,RTE-033,174,539.40,Delivered,Kapazität
SHP-001582,2026-05-15,2026-06-15,2026-06-15,CUS-048,MAT-068,CAR-011,RTE-033,78,1185.60,Delivered,
SHP-001583,2025-03-29,2025-03-31,2025-04-01,CUS-006,MAT-001,CAR-006,RTE-021,218,1853.00,Delivered,Sonstiges
SHP-001584,2025-05-24,2025-05-27,2025-05-27,CUS-019,MAT-023,CAR-014,RTE-039,612,91.80,Delivered,
SHP-001585,2025-11-16,2025-11-18,2025-11-17,CUS-026,MAT-045,CAR-009,RTE-030,469,56.28,Delivered,
SHP-001586,2025-04-05,2025-04-07,2025-04-07,CUS-027,MAT-041,CAR-004,RTE-015,228,216.60,Delivered,
SHP-001587,2026-02-01,2026-02-05,2026-02-05,CUS-001,MAT-002,CAR-010,RTE-023,216,1339.20,Delivered,
SHP-001588,2026-07-17,2026-07-21,2026-07-20,CUS-001,MAT-011,CAR-009,RTE-023,227,1634.40,Delivered,
SHP-001589,2025-06-04,2025-06-05,2025-06-05,CUS-009,MAT-007,CAR-005,RTE-001,185,518.00,Delivered,
SHP-001590,2025-05-18,2025-05-19,2025-05-19,CUS-021,MAT-039,CAR-008,RTE-006,217,169.26,Delivered,
SHP-001591,2026-02-02,2026-02-06,2026-02-06,CUS-040,MAT-059,CAR-010,RTE-025,2,2500.00,Delivered,
SHP-001592,2026-02-07,2026-02-09,2026-02-09,CUS-018,MAT-027,CAR-014,RTE-038,504,110.88,Delivered,
SHP-001593,2025-06-04,2025-06-05,2025-06-05,CUS-031,MAT-036,CAR-007,RTE-008,906,344.28,Delivered,
SHP-001594,2025-09-12,2025-09-15,2025-09-15,CUS-024,MAT-018,CAR-014,RTE-037,209,87.78,Delivered,
SHP-001595,2025-09-17,2025-09-18,2025-09-18,CUS-043,MAT-060,CAR-001,RTE-016,88,1619.20,Delivered,
SHP-001596,2026-08-10,2026-08-14,2026-08-14,CUS-045,MAT-076,CAR-010,RTE-025,86,3268.00,Delivered,
SHP-001597,2025-04-04,2025-04-05,2025-04-05,CUS-043,MAT-074,CAR-006,RTE-015,33,28.05,Delivered,
SHP-001598,2025-04-19,2025-04-21,2025-04-21,CUS-008,MAT-001,CAR-009,RTE-027,191,1623.50,Delivered,
SHP-001599,2026-06-29,2026-07-01,2026-07-06,CUS-009,MAT-012,CAR-002,RTE-013,62,421.60,Delayed,Zoll
SHP-001600,2026-03-04,2026-03-06,2026-03-06,CUS-043,MAT-079,CAR-002,RTE-002,3,630.00,Delivered,
SHP-001601,2026-06-29,2026-06-30,2026-06-30,CUS-016,MAT-030,CAR-014,RTE-039,490,44.10,Delivered,
SHP-001602,2025-09-10,2025-09-11,2025-09-11,CUS-026,MAT-049,CAR-005,RTE-016,398,179.10,Delivered,
SHP-001603,2025-06-30,2025-07-01,2025-07-01,CUS-014,MAT-003,CAR-008,RTE-014,152,729.60,Delivered,
SHP-001604,2025-05-26,2025-05-29,2025-05-29,CUS-015,MAT-023,CAR-010,RTE-029,963,144.45,Delivered,
SHP-001605,2026-02-23,2026-02-24,2026-02-24,CUS-024,MAT-001,CAR-008,RTE-014,167,1419.50,Delivered,
SHP-001606,2026-03-23,2026-03-30,2026-03-30,CUS-034,MAT-061,CAR-011,RTE-035,13,546.00,Delivered,
SHP-001607,2026-07-02,2026-07-03,2026-07-03,CUS-001,MAT-016,CAR-003,RTE-006,28,266.00,Delivered,
SHP-001608,2026-08-10,2026-08-12,2026-08-12,CUS-022,MAT-037,CAR-006,RTE-011,342,61.56,Delivered,
SHP-001609,2025-05-20,2025-06-23,2025-06-23,CUS-043,MAT-079,CAR-013,RTE-036,1,210.00,Delivered,
SHP-001610,2025-04-13,2025-04-16,2025-04-15,CUS-001,MAT-019,CAR-009,RTE-025,38,10.64,Delivered,
SHP-001611,2025-07-10,2025-07-11,2025-07-11,CUS-018,MAT-029,CAR-015,RTE-040,1496,269.28,Delivered,
SHP-001612,2025-07-19,2025-07-21,2025-07-21,CUS-023,MAT-054,CAR-004,RTE-014,327,32.70,Delivered,
SHP-001613,2025-08-08,2025-08-09,2025-08-09,CUS-022,MAT-048,CAR-002,RTE-002,232,417.60,Delivered,
SHP-001614,2026-08-10,2026-08-12,2026-08-12,CUS-010,MAT-013,CAR-015,RTE-040,28,142.80,Delivered,
SHP-001615,2026-01-11,2026-01-13,2026-01-13,CUS-007,MAT-008,CAR-006,RTE-002,10,36.00,Delivered,
SHP-001616,2026-06-09,2026-06-10,2026-06-10,CUS-008,MAT-007,CAR-008,RTE-008,82,229.60,Delivered,
SHP-001617,2025-10-10,2025-10-13,2025-10-13,CUS-029,MAT-049,CAR-003,RTE-010,193,86.85,Delivered,
SHP-001618,2025-09-16,2025-09-19,2025-09-19,CUS-015,MAT-029,CAR-015,RTE-039,1246,224.28,Delivered,
SHP-001619,2025-07-01,2025-07-02,,CUS-049,MAT-077,CAR-005,RTE-008,39,18.72,Cancelled,
SHP-001620,2025-08-06,2025-08-07,2025-08-07,CUS-039,MAT-076,CAR-001,RTE-008,22,836.00,Delivered,
SHP-001621,2025-04-21,2025-04-23,2025-04-27,CUS-050,MAT-076,CAR-009,RTE-027,79,3002.00,Delayed,Wetter
SHP-001622,2025-07-12,2025-07-18,2025-07-18,CUS-039,MAT-068,CAR-012,RTE-035,53,805.60,Delivered,
SHP-001623,2025-07-23,2025-07-24,2025-07-23,CUS-040,MAT-002,CAR-004,RTE-019,45,279.00,Delivered,
SHP-001624,2026-06-15,2026-06-17,2026-06-17,CUS-001,MAT-012,CAR-002,RTE-004,227,1543.60,Delivered,
SHP-001625,2025-12-20,2025-12-22,2025-12-22,CUS-021,MAT-047,CAR-008,RTE-016,436,588.60,Delivered,
SHP-001626,2025-09-17,2025-09-18,2025-09-18,CUS-003,MAT-018,CAR-006,RTE-009,29,12.18,Delivered,
SHP-001627,2026-02-25,2026-02-26,2026-02-26,CUS-002,MAT-006,CAR-002,RTE-014,16,19.20,Delivered,
SHP-001628,2026-03-22,2026-03-23,2026-03-23,CUS-009,MAT-004,CAR-005,RTE-008,137,424.70,Delivered,
SHP-001629,2026-03-18,2026-03-19,2026-03-19,CUS-040,MAT-059,CAR-003,RTE-021,5,6250.00,Delivered,
SHP-001630,2025-07-11,2025-07-14,2025-07-17,CUS-002,MAT-003,CAR-009,RTE-030,75,360.00,Delayed,Wetter
SHP-001631,2025-12-22,2025-12-24,2025-12-24,CUS-003,MAT-012,CAR-014,RTE-038,116,788.80,Delivered,
SHP-001632,2025-04-19,2025-04-21,2025-04-21,CUS-037,MAT-064,CAR-004,RTE-005,7,26.60,Delivered,
SHP-001633,2025-09-24,2025-09-25,2025-09-25,CUS-050,MAT-059,CAR-002,RTE-008,1,1250.00,Delivered,
SHP-001634,2025-11-05,2025-11-07,2025-11-07,CUS-040,MAT-059,CAR-001,RTE-014,3,3750.00,Delivered,
SHP-001635,2025-05-01,2025-05-02,2025-05-02,CUS-002,MAT-012,CAR-008,RTE-003,196,1332.80,Delivered,
SHP-001636,2025-02-21,2025-02-24,2025-02-24,CUS-008,MAT-041,CAR-002,RTE-018,438,416.10,Delivered,
SHP-001637,2026-06-25,2026-06-29,2026-06-29,CUS-005,MAT-006,CAR-009,RTE-025,120,144.00,Delivered,
SHP-001638,2025-11-03,2025-11-06,2025-11-06,CUS-014,MAT-035,CAR-015,RTE-037,1455,800.25,Delivered,
SHP-001639,2026-02-07,2026-02-11,2026-02-11,CUS-031,MAT-042,CAR-012,RTE-031,298,1251.60,Delivered,
SHP-001640,2025-07-30,2025-08-02,2025-08-02,CUS-024,MAT-053,CAR-009,RTE-024,434,225.68,Delivered,
SHP-001641,2026-08-01,2026-09-01,2026-09-01,CUS-021,MAT-045,CAR-013,RTE-036,151,18.12,Delivered,
SHP-001642,2025-10-23,2025-10-25,2025-10-25,CUS-004,MAT-005,CAR-001,RTE-002,18,97.20,Delivered,
SHP-001643,2025-02-08,2025-02-10,2025-02-10,CUS-022,MAT-056,CAR-004,RTE-003,173,2508.50,Delivered,
SHP-001644,2025-05-05,2025-05-07,2025-05-07,CUS-030,MAT-055,CAR-015,RTE-039,400,3720.00,Delivered,
SHP-001645,2025-12-21,2025-12-22,,CUS-008,MAT-016,CAR-014,RTE-039,49,465.50,Cancelled,
SHP-001646,2026-03-05,2026-03-07,2026-03-08,CUS-043,MAT-062,CAR-006,RTE-013,13,1105.00,Delivered,Wetter
SHP-001647,2026-06-23,2026-06-24,2026-06-24,CUS-036,MAT-065,CAR-014,RTE-039,45,1260.00,Delivered,
SHP-001648,2025-09-03,2025-09-05,2025-09-04,CUS-029,MAT-045,CAR-001,RTE-006,217,26.04,Delivered,
SHP-001649,2026-07-08,2026-07-10,2026-07-10,CUS-039,MAT-080,CAR-005,RTE-009,60,756.00,Delivered,
SHP-001650,2025-11-02,2025-11-03,2025-11-02,CUS-030,MAT-044,CAR-008,RTE-015,105,8.40,Delivered,
SHP-001651,2026-02-15,2026-02-16,2026-02-16,CUS-004,MAT-018,CAR-001,RTE-020,193,81.06,Delivered,
SHP-001652,2025-07-30,2025-08-01,2025-08-01,CUS-003,MAT-014,CAR-005,RTE-005,187,2318.80,Delivered,
SHP-001653,2026-02-21,2026-02-23,2026-03-01,CUS-035,MAT-079,CAR-006,RTE-020,1,210.00,Delayed,Zoll
SHP-001654,2025-03-19,2025-03-22,2025-03-27,CUS-026,MAT-054,CAR-002,RTE-007,299,29.90,Delayed,Wetter
SHP-001655,2026-06-07,2026-06-08,2026-06-08,CUS-043,MAT-064,CAR-001,RTE-021,28,106.40,Delivered,
SHP-001656,2025-12-08,2025-12-11,2025-12-17,CUS-034,MAT-070,CAR-010,RTE-029,44,739.20,Delayed,Zoll
SHP-001657,2026-05-31,2026-06-02,2026-06-02,CUS-016,MAT-022,CAR-006,RTE-010,41,2.87,Delivered,
SHP-001658,2025-07-28,2025-07-29,2025-07-29,CUS-026,MAT-051,CAR-002,RTE-016,421,1305.10,Delivered,
SHP-001659,2026-03-28,2026-04-01,2026-04-08,CUS-049,MAT-068,CAR-012,RTE-031,43,653.60,Delayed,Wetter
SHP-001660,2025-02-05,2025-02-06,2025-02-09,CUS-041,MAT-065,CAR-006,RTE-010,84,2352.00,Delayed,Sonstiges
SHP-001661,2025-03-08,2025-04-14,2025-04-14,CUS-037,MAT-077,CAR-013,RTE-036,84,40.32,Delivered,
SHP-001662,2025-04-24,2025-04-25,2025-04-24,CUS-031,MAT-045,CAR-001,RTE-017,125,15.00,Delivered,
SHP-001663,2025-01-03,2025-01-27,2025-01-27,CUS-044,MAT-059,CAR-011,RTE-036,3,3750.00,Delivered,
SHP-001664,2026-05-15,2026-05-16,2026-05-16,CUS-010,MAT-004,CAR-001,RTE-021,70,217.00,Delivered,
SHP-001665,2026-04-28,2026-05-05,2026-05-05,CUS-001,MAT-006,CAR-011,RTE-035,23,27.60,Delivered,
SHP-001666,2025-12-20,2026-01-27,2026-01-27,CUS-008,MAT-014,CAR-011,RTE-032,60,744.00,Delivered,
SHP-001667,2026-04-10,2026-04-11,2026-04-11,CUS-035,MAT-065,CAR-003,RTE-016,49,1372.00,Delivered,
SHP-001668,2025-10-09,2025-10-11,,CUS-046,MAT-071,CAR-001,RTE-015,19,475.00,Cancelled,
SHP-001669,2026-03-23,2026-03-25,2026-03-25,CUS-004,MAT-017,CAR-010,RTE-026,33,11.55,Delivered,
SHP-001670,2025-08-05,2025-08-08,2025-08-08,CUS-012,MAT-015,CAR-010,RTE-024,111,1309.80,Delivered,
SHP-001671,2026-02-04,2026-02-11,2026-02-11,CUS-033,MAT-079,CAR-011,RTE-035,5,1050.00,Delivered,
SHP-001672,2026-07-16,2026-07-18,2026-07-18,CUS-040,MAT-073,CAR-009,RTE-029,12,1140.00,Delivered,
SHP-001673,2026-02-28,2026-03-02,2026-03-02,CUS-033,MAT-068,CAR-002,RTE-016,25,380.00,Delivered,
SHP-001674,2025-03-11,2025-03-14,2025-03-14,CUS-042,MAT-064,CAR-010,RTE-028,63,239.40,Delivered,
SHP-001675,2026-01-31,2026-02-02,2026-02-02,CUS-045,MAT-069,CAR-006,RTE-009,62,1364.00,Delivered,
SHP-001676,2026-01-09,2026-01-10,2026-01-10,CUS-031,MAT-057,CAR-003,RTE-020,56,268.80,Delivered,
SHP-001677,2025-12-22,2025-12-23,2025-12-29,CUS-001,MAT-073,CAR-004,RTE-022,10,950.00,Delayed,Zoll
SHP-001678,2025-10-24,2025-10-25,2025-10-25,CUS-041,MAT-062,CAR-002,RTE-008,11,935.00,Delivered,
SHP-001679,2025-07-14,2025-07-15,2025-07-15,CUS-027,MAT-046,CAR-001,RTE-018,429,2745.60,Delivered,
SHP-001680,2025-04-10,2025-04-14,2025-04-14,CUS-021,MAT-004,CAR-009,RTE-023,18,55.80,Delivered,
SHP-001681,2025-03-17,2025-03-18,2025-03-18,CUS-003,MAT-006,CAR-003,RTE-009,8,9.60,Delivered,
SHP-001682,2025-12-17,2025-12-18,2025-12-18,CUS-044,MAT-069,CAR-007,RTE-022,82,1804.00,Delivered,
SHP-001683,2026-07-20,2026-07-22,2026-07-22,CUS-050,MAT-072,CAR-014,RTE-038,53,23.85,Delivered,
SHP-001684,2026-04-28,2026-04-30,2026-04-30,CUS-035,MAT-080,CAR-007,RTE-019,88,1108.80,Delivered,
SHP-001685,2025-12-28,2025-12-31,2025-12-31,CUS-021,MAT-027,CAR-009,RTE-027,1516,333.52,Delivered,
SHP-001686,2025-10-05,2025-10-06,2025-10-06,CUS-008,MAT-002,CAR-006,RTE-021,39,241.80,Delivered,
SHP-001687,2025-07-04,2025-07-08,2025-07-08,CUS-049,MAT-078,CAR-009,RTE-023,14,2590.00,Delivered,
SHP-001688,2026-07-11,2026-07-13,2026-07-13,CUS-020,MAT-022,CAR-001,RTE-005,1263,88.41,Delivered,
SHP-001689,2025-05-28,2025-05-29,2025-05-28,CUS-022,MAT-042,CAR-003,RTE-001,355,1491.00,Delivered,
SHP-001690,2025-08-05,2025-08-07,2025-08-06,CUS-026,MAT-049,CAR-006,RTE-010,138,62.10,Delivered,
SHP-001691,2026-08-13,2026-08-14,2026-08-19,CUS-042,MAT-066,CAR-007,RTE-016,48,312.00,Delayed,Wetter
SHP-001692,2026-07-23,2026-07-24,2026-07-26,CUS-002,MAT-013,CAR-008,RTE-006,191,974.10,Delivered,Kapazität
SHP-001693,2025-12-14,2025-12-15,2025-12-15,CUS-032,MAT-042,CAR-004,RTE-009,340,1428.00,Delivered,
SHP-001694,2025-08-17,2025-08-19,2025-08-19,CUS-028,MAT-055,CAR-006,RTE-006,463,4305.90,Delivered,
SHP-001695,2025-02-10,2025-02-12,2025-02-12,CUS-016,MAT-023,CAR-003,RTE-002,136,20.40,Delivered,
SHP-001696,2026-04-24,2026-04-25,2026-04-25,CUS-023,MAT-044,CAR-002,RTE-021,248,19.84,Delivered,
SHP-001697,2026-05-13,2026-05-15,2026-05-15,CUS-015,MAT-035,CAR-003,RTE-019,980,539.00,Delivered,
SHP-001698,2025-03-31,2025-04-01,2025-04-01,CUS-011,MAT-016,CAR-002,RTE-001,115,1092.50,Delivered,
SHP-001699,2025-11-21,2025-11-22,2025-11-22,CUS-013,MAT-026,CAR-004,RTE-002,1180,47.20,Delivered,
SHP-001700,2025-05-07,2025-05-08,2025-05-08,CUS-024,MAT-072,CAR-001,RTE-022,45,20.25,Delivered,
SHP-001701,2025-08-23,2025-08-25,2025-08-25,CUS-016,MAT-022,CAR-007,RTE-019,1019,71.33,Delivered,
SHP-001702,2026-01-08,2026-01-12,2026-01-12,CUS-004,MAT-013,CAR-013,RTE-035,87,443.70,Delivered,
SHP-001703,2026-07-09,2026-07-10,2026-07-09,CUS-031,MAT-049,CAR-002,RTE-014,336,151.20,Delivered,
SHP-001704,2025-12-06,2025-12-08,2025-12-08,CUS-001,MAT-076,CAR-005,RTE-008,49,1862.00,Delivered,
SHP-001705,2026-04-03,2026-04-06,2026-04-06,CUS-021,MAT-046,CAR-003,RTE-010,421,2694.40,Delivered,
SHP-001706,2026-07-12,2026-07-15,2026-07-15,CUS-043,MAT-073,CAR-009,RTE-030,16,1520.00,Delivered,
SHP-001707,2025-02-23,2025-02-27,2025-02-27,CUS-026,MAT-040,CAR-009,RTE-023,398,457.70,Delivered,
SHP-001708,2026-07-10,2026-07-13,2026-07-19,CUS-032,MAT-010,CAR-005,RTE-007,238,4403.00,Delayed,Zoll
SHP-001709,2026-05-07,2026-05-11,2026-05-11,CUS-027,MAT-045,CAR-013,RTE-031,241,28.92,Delivered,
SHP-001710,2025-05-25,2025-05-28,2025-05-27,CUS-021,MAT-039,CAR-005,RTE-007,198,154.44,Delivered,
SHP-001711,2026-07-15,2026-07-18,2026-07-18,CUS-004,MAT-016,CAR-009,RTE-024,235,2232.50,Delivered,
SHP-001712,2025-10-16,2025-10-20,2025-10-20,CUS-047,MAT-077,CAR-010,RTE-025,53,25.44,Delivered,
SHP-001713,2025-11-20,2025-11-21,2025-11-20,CUS-022,MAT-048,CAR-003,RTE-022,410,738.00,Delivered,
SHP-001714,2025-03-29,2025-04-01,2025-04-01,CUS-043,MAT-063,CAR-010,RTE-023,80,9.60,Delivered,
SHP-001715,2025-08-19,2025-08-20,2025-08-20,CUS-006,MAT-016,CAR-007,RTE-021,193,1833.50,Delivered,
SHP-001716,2025-08-06,2025-08-07,2025-08-07,CUS-016,MAT-024,CAR-014,RTE-037,653,78.36,Delivered,
SHP-001717,2025-04-10,2025-04-12,2025-04-12,CUS-046,MAT-075,CAR-006,RTE-013,16,5.12,Delivered,
SHP-001718,2025-01-07,2025-01-08,2025-01-08,CUS-021,MAT-048,CAR-001,RTE-020,302,543.60,Delivered,
SHP-001719,2025-08-10,2025-08-11,2025-08-11,CUS-050,MAT-046,CAR-001,RTE-008,444,2841.60,Delivered,
SHP-001720,2026-08-06,2026-08-08,2026-08-08,CUS-018,MAT-024,CAR-002,RTE-010,127,15.24,Delivered,
SHP-001721,2026-02-13,2026-02-16,2026-02-16,CUS-024,MAT-037,CAR-010,RTE-029,26,4.68,Delivered,
SHP-001722,2025-01-28,2025-01-29,2025-01-29,CUS-004,MAT-009,CAR-003,RTE-022,167,317.30,Delivered,
SHP-001723,2025-06-29,2025-07-02,2025-07-02,CUS-032,MAT-054,CAR-009,RTE-027,517,51.70,Delivered,
SHP-001724,2025-05-24,2025-05-26,2025-06-01,CUS-001,MAT-007,CAR-004,RTE-005,227,635.60,Delayed,Kapazität
SHP-001725,2026-01-01,2026-01-03,2026-01-03,CUS-015,MAT-028,CAR-010,RTE-026,896,582.40,Delivered,
SHP-001726,2025-05-01,2025-05-05,2025-05-05,CUS-047,MAT-079,CAR-015,RTE-037,3,630.00,Delivered,
SHP-001727,2026-04-21,2026-04-22,2026-04-22,CUS-044,MAT-070,CAR-007,RTE-008,64,1075.20,Delivered,
SHP-001728,2026-05-22,2026-06-03,2026-06-13,CUS-045,MAT-024,CAR-013,RTE-034,455,54.60,Delayed,Zoll
SHP-001729,2025-08-25,2025-08-27,2025-08-27,CUS-046,MAT-065,CAR-010,RTE-030,35,980.00,Delivered,
SHP-001730,2025-03-23,2025-03-27,2025-03-27,CUS-001,MAT-008,CAR-010,RTE-023,57,205.20,Delivered,
SHP-001731,2026-08-14,2026-08-17,2026-08-18,CUS-001,MAT-013,CAR-007,RTE-009,25,127.50,Delivered,Sonstiges
SHP-001732,2026-04-16,2026-04-17,2026-04-17,CUS-031,MAT-048,CAR-001,RTE-005,34,61.20,Delivered,
SHP-001733,2026-04-29,2026-05-01,2026-05-01,CUS-043,MAT-077,CAR-003,RTE-009,88,42.24,Delivered,
SHP-001734,2025-10-28,2025-10-30,2025-10-30,CUS-016,MAT-025,CAR-004,RTE-009,1535,1611.75,Delivered,
SHP-001735,2025-02-28,2025-03-03,2025-03-02,CUS-050,MAT-077,CAR-002,RTE-006,44,21.12,Delivered,
SHP-001736,2025-12-07,2025-12-09,2025-12-09,CUS-043,MAT-080,CAR-001,RTE-014,12,151.20,Delivered,
SHP-001737,2025-10-18,2025-10-20,2025-10-20,CUS-005,MAT-002,CAR-004,RTE-005,51,316.20,Delivered,
SHP-001738,2025-02-22,2025-02-24,2025-02-23,CUS-001,MAT-008,CAR-006,RTE-014,58,208.80,Delivered,
SHP-001739,2025-04-08,2025-04-10,,CUS-017,MAT-031,CAR-004,RTE-004,65,13.65,Cancelled,
SHP-001740,2025-04-30,2025-05-01,2025-05-01,CUS-023,MAT-039,CAR-005,RTE-002,79,61.62,Delivered,
SHP-001741,2025-03-28,2025-03-31,2025-03-31,CUS-038,MAT-061,CAR-009,RTE-030,11,462.00,Delivered,
SHP-001742,2026-08-26,2026-08-27,2026-08-27,CUS-021,MAT-052,CAR-004,RTE-006,266,425.60,Delivered,
SHP-001743,2026-05-02,2026-05-04,2026-05-07,CUS-021,MAT-041,CAR-009,RTE-027,118,112.10,Delayed,Zoll
SHP-001744,2026-07-13,2026-07-16,,CUS-017,MAT-029,CAR-015,RTE-038,1535,276.30,Cancelled,
SHP-001745,2025-09-04,2025-09-05,2025-09-05,CUS-015,MAT-035,CAR-015,RTE-040,466,256.30,Delivered,
SHP-001746,2026-01-16,2026-01-19,2026-01-19,CUS-016,MAT-025,CAR-005,RTE-003,1514,1589.70,Delivered,
SHP-001747,2025-01-30,2025-02-01,2025-02-02,CUS-015,MAT-032,CAR-009,RTE-028,257,12.85,Delivered,Sonstiges
SHP-001748,2026-05-11,2026-05-13,2026-05-13,CUS-008,MAT-013,CAR-015,RTE-039,73,372.30,Delivered,
SHP-001749,2026-07-10,2026-07-13,2026-07-12,CUS-050,MAT-063,CAR-008,RTE-013,73,8.76,Delivered,
SHP-001750,2025-03-21,2025-03-24,2025-03-24,CUS-038,MAT-080,CAR-010,RTE-024,68,856.80,Delivered,
SHP-001751,2025-05-17,2025-05-19,2025-05-19,CUS-022,MAT-027,CAR-001,RTE-021,511,112.42,Delivered,
SHP-001752,2025-12-04,2025-12-05,2025-12-07,CUS-022,MAT-053,CAR-005,RTE-008,164,85.28,Delivered,Kapazität
SHP-001753,2025-08-25,2025-08-29,2025-08-28,CUS-003,MAT-016,CAR-010,RTE-025,8,76.00,Delivered,
SHP-001754,2026-08-27,2026-08-29,2026-08-28,CUS-001,MAT-013,CAR-006,RTE-010,69,351.90,Delivered,
SHP-001755,2025-09-22,2025-09-23,2025-09-22,CUS-026,MAT-055,CAR-014,RTE-037,35,325.50,Delivered,
SHP-001756,2025-05-20,2025-05-24,2025-05-24,CUS-029,MAT-041,CAR-010,RTE-025,403,382.85,Delivered,
SHP-001757,2026-04-02,2026-04-03,2026-04-03,CUS-029,MAT-056,CAR-004,RTE-001,302,4379.00,Delivered,
SHP-001758,2025-02-09,2025-02-12,2025-02-12,CUS-043,MAT-074,CAR-014,RTE-040,81,68.85,Delivered,
SHP-001759,2025-03-04,2025-03-05,2025-03-05,CUS-006,MAT-035,CAR-004,RTE-004,1396,767.80,Delivered,
SHP-001760,2025-06-25,2025-06-26,2025-06-26,CUS-016,MAT-030,CAR-002,RTE-001,64,5.76,Delivered,
SHP-001761,2025-06-19,2025-06-21,2025-06-21,CUS-015,MAT-035,CAR-005,RTE-019,1481,814.55,Delivered,
SHP-001762,2026-05-16,2026-05-18,2026-05-21,CUS-036,MAT-041,CAR-006,RTE-021,418,397.10,Delayed,Zoll
SHP-001763,2025-04-16,2025-05-24,2025-05-24,CUS-034,MAT-078,CAR-013,RTE-033,13,2405.00,Delivered,
SHP-001764,2026-07-13,2026-08-04,2026-08-07,CUS-003,MAT-011,CAR-011,RTE-034,57,410.40,Delayed,Sonstiges
SHP-001765,2025-12-23,2025-12-24,2025-12-28,CUS-050,MAT-023,CAR-008,RTE-004,1169,175.35,Delayed,Wetter
SHP-001766,2025-07-12,2025-07-14,2025-07-16,CUS-048,MAT-079,CAR-015,RTE-039,1,210.00,Delivered,Kapazität
SHP-001767,2025-11-30,2025-12-02,2025-12-02,CUS-002,MAT-001,CAR-005,RTE-005,30,255.00,Delivered,
SHP-001768,2025-08-20,2025-08-21,2025-08-21,CUS-008,MAT-005,CAR-003,RTE-021,15,81.00,Delivered,
SHP-001769,2026-05-18,2026-05-20,2026-05-19,CUS-020,MAT-034,CAR-002,RTE-011,1584,31.68,Delivered,
SHP-001770,2026-06-08,2026-06-10,2026-06-13,CUS-044,MAT-063,CAR-015,RTE-040,55,6.60,Delayed,Kapazität
SHP-001771,2025-04-16,2025-04-17,2025-04-17,CUS-013,MAT-027,CAR-014,RTE-039,756,166.32,Delivered,
SHP-001772,2025-10-24,2025-10-25,2025-10-30,CUS-021,MAT-047,CAR-001,RTE-022,225,303.75,Delayed,Zoll
SHP-001773,2026-06-11,2026-06-27,2026-06-27,CUS-036,MAT-070,CAR-013,RTE-034,15,252.00,Delivered,
SHP-001774,2025-07-16,2025-07-19,2025-07-19,CUS-050,MAT-073,CAR-010,RTE-027,3,285.00,Delivered,
SHP-001775,2025-07-21,2025-07-22,2025-07-22,CUS-019,MAT-017,CAR-004,RTE-019,40,14.00,Delivered,
SHP-001776,2026-08-01,2026-08-03,2026-08-03,CUS-016,MAT-034,CAR-015,RTE-040,217,4.34,Delivered,
SHP-001777,2025-01-15,2025-01-17,2025-01-17,CUS-031,MAT-042,CAR-007,RTE-019,361,1516.20,Delivered,
SHP-001778,2025-03-01,2025-03-03,2025-03-03,CUS-005,MAT-020,CAR-004,RTE-007,126,1121.40,Delivered,
SHP-001779,2026-03-27,2026-03-28,2026-03-28,CUS-015,MAT-030,CAR-007,RTE-017,1098,98.82,Delivered,
SHP-001780,2026-08-27,2026-08-28,2026-08-28,CUS-050,MAT-059,CAR-007,RTE-004,1,1250.00,Delivered,
SHP-001781,2025-09-20,2025-09-22,2025-09-21,CUS-034,MAT-064,CAR-001,RTE-001,84,319.20,Delivered,
SHP-001782,2025-09-10,2025-10-04,2025-10-04,CUS-049,MAT-062,CAR-013,RTE-036,7,595.00,Delivered,
SHP-001783,2026-05-14,2026-05-15,,CUS-030,MAT-055,CAR-001,RTE-002,504,4687.20,Cancelled,
SHP-001784,2026-01-09,2026-01-10,2026-01-10,CUS-015,MAT-024,CAR-006,RTE-016,1600,192.00,Delivered,
SHP-001785,2026-07-28,2026-08-31,2026-08-30,CUS-006,MAT-013,CAR-013,RTE-032,191,974.10,Delivered,
SHP-001786,2025-08-07,2025-08-11,2025-08-14,CUS-026,MAT-068,CAR-010,RTE-030,7,106.40,Delayed,Sonstiges
SHP-001787,2026-02-28,2026-03-02,2026-03-02,CUS-012,MAT-004,CAR-005,RTE-006,141,437.10,Delivered,
SHP-001788,2025-01-23,2025-01-25,2025-01-25,CUS-030,MAT-015,CAR-001,RTE-014,139,1640.20,Delivered,
SHP-001789,2025-09-09,2025-09-15,2025-09-15,CUS-008,MAT-020,CAR-012,RTE-035,133,1183.70,Delivered,
SHP-001790,2025-07-12,2025-07-15,2025-07-15,CUS-043,MAT-024,CAR-011,RTE-031,1419,170.28,Delivered,
SHP-001791,2026-06-17,2026-06-18,2026-06-18,CUS-023,MAT-038,CAR-002,RTE-021,432,267.84,Delivered,
SHP-001792,2025-09-09,2025-09-11,2025-09-11,CUS-009,MAT-004,CAR-007,RTE-002,203,629.30,Delivered,
SHP-001793,2026-01-26,2026-01-28,2026-01-28,CUS-021,MAT-049,CAR-009,RTE-028,149,67.05,Delivered,
SHP-001794,2026-06-01,2026-06-03,2026-06-05,CUS-036,MAT-063,CAR-006,RTE-002,24,2.88,Delivered,Sonstiges
SHP-001795,2025-05-26,2025-05-29,2025-05-29,CUS-010,MAT-075,CAR-009,RTE-025,85,27.20,Delivered,
SHP-001796,2025-03-19,2025-03-20,2025-03-22,CUS-028,MAT-039,CAR-003,RTE-001,331,258.18,Delivered,Wetter
SHP-001797,2026-03-22,2026-03-23,2026-03-23,CUS-002,MAT-003,CAR-006,RTE-012,186,892.80,Delivered,
SHP-001798,2025-01-04,2025-01-06,2025-01-06,CUS-035,MAT-069,CAR-001,RTE-018,21,462.00,Delivered,
SHP-001799,2026-06-10,2026-06-11,2026-06-11,CUS-014,MAT-036,CAR-007,RTE-019,695,264.10,Delivered,
SHP-001800,2026-07-10,2026-07-14,2026-07-14,CUS-039,MAT-063,CAR-010,RTE-024,18,2.16,Delivered,
SHP-001801,2026-02-25,2026-02-26,2026-02-25,CUS-025,MAT-029,CAR-001,RTE-021,985,177.30,Delivered,
SHP-001802,2025-10-30,2025-10-31,2025-10-31,CUS-015,MAT-032,CAR-015,RTE-040,773,38.65,Delivered,
SHP-001803,2025-11-06,2025-11-08,2025-11-07,CUS-003,MAT-004,CAR-006,RTE-009,200,620.00,Delivered,
SHP-001804,2025-07-18,2025-07-19,2025-07-19,CUS-005,MAT-008,CAR-007,RTE-006,223,802.80,Delivered,
SHP-001805,2026-04-12,2026-04-15,2026-04-15,CUS-035,MAT-064,CAR-009,RTE-028,24,91.20,Delivered,
SHP-001806,2026-07-01,2026-07-02,2026-07-02,CUS-015,MAT-050,CAR-004,RTE-001,129,36.12,Delivered,
SHP-001807,2026-03-09,2026-03-26,2026-03-26,CUS-036,MAT-065,CAR-012,RTE-034,83,2324.00,Delivered,
SHP-001808,2026-05-08,2026-05-09,2026-05-09,CUS-026,MAT-038,CAR-006,RTE-022,494,306.28,Delivered,
SHP-001809,2026-05-03,2026-05-05,2026-05-04,CUS-012,MAT-048,CAR-009,RTE-027,266,478.80,Delivered,
SHP-001810,2025-07-29,2025-07-31,2025-08-06,CUS-046,MAT-073,CAR-006,RTE-009,11,1045.00,Delayed,Zoll
SHP-001811,2025-02-27,2025-03-01,2025-03-01,CUS-045,MAT-069,CAR-004,RTE-006,9,198.00,Delivered,
SHP-001812,2025-05-23,2025-06-16,2025-06-16,CUS-043,MAT-071,CAR-012,RTE-032,28,700.00,Delivered,
SHP-001813,2025-03-28,2025-03-31,2025-04-05,CUS-006,MAT-048,CAR-009,RTE-030,78,140.40,Delayed,Wetter
SHP-001814,2025-12-19,2025-12-20,2025-12-26,CUS-045,MAT-068,CAR-003,RTE-018,53,805.60,Delayed,Zoll
SHP-001815,2026-08-28,2026-08-31,2026-09-03,CUS-001,MAT-006,CAR-006,RTE-006,211,253.20,Delayed,Sonstiges
SHP-001816,2025-01-21,2025-01-24,2025-01-23,CUS-009,MAT-016,CAR-009,RTE-023,123,1168.50,Delivered,
SHP-001817,2025-01-31,2025-02-17,,CUS-011,MAT-013,CAR-013,RTE-034,183,933.30,Cancelled,
SHP-001818,2026-07-15,2026-07-17,2026-07-17,CUS-001,MAT-007,CAR-002,RTE-015,155,434.00,Delivered,
SHP-001819,2025-01-05,2025-01-06,2025-01-06,CUS-008,MAT-015,CAR-008,RTE-008,152,1793.60,Delivered,
SHP-001820,2026-01-17,2026-01-19,2026-01-21,CUS-014,MAT-032,CAR-009,RTE-028,300,15.00,Delivered,Kapazität
SHP-001821,2025-02-06,2025-02-10,2025-02-10,CUS-028,MAT-062,CAR-009,RTE-026,2,170.00,Delivered,
SHP-001822,2025-07-22,2025-07-23,2025-07-23,CUS-021,MAT-042,CAR-004,RTE-006,325,1365.00,Delivered,
SHP-001823,2026-05-19,2026-05-21,2026-05-21,CUS-020,MAT-021,CAR-004,RTE-018,1572,125.76,Delivered,
SHP-001824,2026-06-03,2026-06-04,2026-06-03,CUS-044,MAT-076,CAR-005,RTE-004,82,3116.00,Delivered,
SHP-001825,2025-07-07,2025-07-10,2025-07-10,CUS-020,MAT-030,CAR-015,RTE-038,1212,109.08,Delivered,
SHP-001826,2025-06-16,2025-06-17,2025-06-17,CUS-008,MAT-008,CAR-008,RTE-001,18,64.80,Delivered,
SHP-001827,2025-07-10,2025-07-11,2025-07-17,CUS-016,MAT-022,CAR-008,RTE-008,1438,100.66,Delayed,Zoll
SHP-001828,2026-04-14,2026-05-11,2026-05-11,CUS-042,MAT-068,CAR-012,RTE-032,30,456.00,Delivered,
SHP-001829,2025-12-25,2025-12-27,2025-12-27,CUS-047,MAT-063,CAR-001,RTE-018,74,8.88,Delivered,
SHP-001830,2026-04-29,2026-05-01,2026-05-01,CUS-050,MAT-067,CAR-001,RTE-019,13,715.00,Delivered,
SHP-001831,2025-11-06,2025-11-08,2025-11-08,CUS-007,MAT-028,CAR-014,RTE-040,1244,808.60,Delivered,
SHP-001832,2025-10-18,2025-10-20,2025-10-20,CUS-021,MAT-045,CAR-002,RTE-019,431,51.72,Delivered,
SHP-001833,2025-10-03,2025-10-06,2025-10-06,CUS-004,MAT-016,CAR-001,RTE-013,129,1225.50,Delivered,
SHP-001834,2026-06-30,2026-07-30,2026-07-29,CUS-047,MAT-062,CAR-013,RTE-032,4,340.00,Delivered,
SHP-001835,2025-07-02,2025-07-29,2025-08-05,CUS-029,MAT-054,CAR-013,RTE-033,109,10.90,Delayed,Kapazität
SHP-001836,2026-02-07,2026-02-09,2026-02-13,CUS-016,MAT-009,CAR-001,RTE-005,68,129.20,Delayed,Kapazität
SHP-001837,2025-09-03,2025-09-04,2025-09-09,CUS-047,MAT-063,CAR-008,RTE-020,38,4.56,Delayed,Wetter
SHP-001838,2026-04-03,2026-04-04,2026-04-03,CUS-013,MAT-031,CAR-015,RTE-037,659,138.39,Delivered,
SHP-001839,2026-04-16,2026-04-20,2026-04-19,CUS-025,MAT-055,CAR-007,RTE-007,325,3022.50,Delivered,
SHP-001840,2026-08-08,2026-08-10,2026-08-10,CUS-044,MAT-064,CAR-005,RTE-018,13,49.40,Delivered,
SHP-001841,2026-04-26,2026-04-28,2026-04-28,CUS-041,MAT-075,CAR-002,RTE-018,61,19.52,Delivered,
SHP-001842,2026-04-28,2026-04-30,2026-04-30,CUS-008,MAT-009,CAR-005,RTE-005,86,163.40,Delivered,
SHP-001843,2026-06-18,2026-06-19,2026-06-19,CUS-016,MAT-033,CAR-002,RTE-006,1586,47.58,Delivered,
SHP-001844,2025-12-18,2026-01-14,2026-01-14,CUS-034,MAT-064,CAR-012,RTE-033,81,307.80,Delivered,
SHP-001845,2025-12-28,2025-12-29,,CUS-005,MAT-006,CAR-001,RTE-009,160,192.00,Cancelled,
SHP-001846,2025-09-25,2025-09-26,2025-09-26,CUS-001,MAT-014,CAR-001,RTE-015,75,930.00,Delivered,
SHP-001847,2025-07-11,2025-07-12,2025-07-11,CUS-002,MAT-014,CAR-004,RTE-003,12,148.80,Delivered,
SHP-001848,2025-05-04,2025-05-06,2025-05-08,CUS-039,MAT-066,CAR-004,RTE-007,44,286.00,Delivered,Sonstiges
SHP-001849,2026-02-18,2026-02-20,2026-02-20,CUS-020,MAT-014,CAR-014,RTE-038,110,1364.00,Delivered,
SHP-001850,2025-05-30,2025-06-02,2025-06-05,CUS-022,MAT-052,CAR-014,RTE-038,389,622.40,Delayed,Zoll
SHP-001851,2026-06-11,2026-06-13,2026-06-13,CUS-023,MAT-050,CAR-005,RTE-014,80,22.40,Delivered,
SHP-001852,2025-07-20,2025-07-21,2025-07-21,CUS-022,MAT-067,CAR-008,RTE-003,4,220.00,Delivered,
SHP-001853,2025-09-12,2025-09-13,2025-09-13,CUS-006,MAT-015,CAR-005,RTE-016,130,1534.00,Delivered,
SHP-001854,2025-02-05,2025-02-07,2025-02-10,CUS-022,MAT-045,CAR-005,RTE-006,474,56.88,Delayed,Wetter
SHP-001855,2025-12-25,2025-12-26,2025-12-31,CUS-005,MAT-001,CAR-015,RTE-040,84,714.00,Delayed,Wetter
SHP-001856,2025-07-01,2025-07-02,2025-07-02,CUS-011,MAT-009,CAR-002,RTE-016,207,393.30,Delivered,
SHP-001857,2025-09-01,2025-09-02,2025-09-03,CUS-029,MAT-037,CAR-006,RTE-010,217,39.06,Delivered,Kapazität
SHP-001858,2025-01-11,2025-01-13,2025-01-13,CUS-015,MAT-027,CAR-001,RTE-009,1259,276.98,Delivered,
SHP-001859,2025-06-09,2025-06-11,2025-06-15,CUS-045,MAT-067,CAR-006,RTE-013,1,55.00,Delayed,Kapazität
SHP-001860,2026-02-04,2026-02-05,2026-02-05,CUS-027,MAT-050,CAR-007,RTE-016,72,20.16,Delivered,
SHP-001861,2026-04-13,2026-04-15,2026-04-15,CUS-026,MAT-051,CAR-001,RTE-013,517,1602.70,Delivered,
SHP-001862,2026-07-19,2026-07-21,2026-07-20,CUS-022,MAT-058,CAR-009,RTE-026,212,116.60,Delivered,
SHP-001863,2026-07-19,2026-07-20,2026-07-24,CUS-020,MAT-022,CAR-014,RTE-038,1221,85.47,Delayed,Zoll
SHP-001864,2025-08-28,2025-08-30,2025-09-03,CUS-001,MAT-018,CAR-008,RTE-010,16,6.72,Delayed,Kapazität
SHP-001865,2025-10-13,2025-10-14,2025-10-14,CUS-015,MAT-028,CAR-004,RTE-013,85,55.25,Delivered,
SHP-001866,2026-06-29,2026-07-01,2026-07-01,CUS-046,MAT-063,CAR-003,RTE-006,79,9.48,Delivered,
SHP-001867,2026-04-17,2026-04-20,2026-04-20,CUS-040,MAT-079,CAR-009,RTE-028,4,840.00,Delivered,
SHP-001868,2025-07-29,2025-08-01,2025-08-01,CUS-015,MAT-036,CAR-015,RTE-037,700,266.00,Delivered,
SHP-001869,2026-06-11,2026-06-13,2026-06-17,CUS-029,MAT-040,CAR-002,RTE-002,415,477.25,Delayed,Sonstiges
SHP-001870,2025-04-25,2025-04-28,2025-04-28,CUS-001,MAT-006,CAR-009,RTE-024,129,154.80,Delivered,
SHP-001871,2026-07-23,2026-07-25,2026-07-25,CUS-039,MAT-078,CAR-007,RTE-019,4,740.00,Delivered,
SHP-001872,2026-07-18,2026-07-20,2026-07-20,CUS-045,MAT-066,CAR-006,RTE-015,60,390.00,Delivered,
SHP-001873,2026-08-05,2026-08-06,2026-08-06,CUS-021,MAT-037,CAR-004,RTE-019,476,85.68,Delivered,
SHP-001874,2026-01-21,2026-01-22,,CUS-015,MAT-021,CAR-006,RTE-012,960,76.80,Cancelled,
SHP-001875,2025-08-30,2025-09-02,2025-09-02,CUS-020,MAT-031,CAR-014,RTE-040,1126,236.46,Delivered,
SHP-001876,2026-03-12,2026-03-14,2026-03-16,CUS-046,MAT-067,CAR-010,RTE-026,15,825.00,Delivered,Zoll
SHP-001877,2025-08-16,2025-08-18,2025-08-18,CUS-021,MAT-057,CAR-006,RTE-008,294,1411.20,Delivered,
SHP-001878,2026-02-18,2026-02-25,2026-02-26,CUS-002,MAT-009,CAR-013,RTE-035,31,58.90,Delivered,Wetter
SHP-001879,2026-06-24,2026-06-25,2026-06-25,CUS-006,MAT-063,CAR-001,RTE-010,9,1.08,Delivered,
SHP-001880,2025-04-27,2025-04-29,2025-04-29,CUS-046,MAT-061,CAR-001,RTE-013,18,756.00,Delivered,
SHP-001881,2025-11-27,2025-12-04,2025-12-10,CUS-015,MAT-021,CAR-012,RTE-031,734,58.72,Delayed,Kapazität
SHP-001882,2026-03-25,2026-03-27,2026-03-27,CUS-015,MAT-059,CAR-006,RTE-019,1,1250.00,Delivered,
SHP-001883,2026-02-05,2026-02-06,2026-02-06,CUS-001,MAT-021,CAR-004,RTE-004,902,72.16,Delivered,
SHP-001884,2025-08-10,2025-09-11,2025-09-10,CUS-015,MAT-033,CAR-012,RTE-032,1433,42.99,Delivered,
SHP-001885,2026-02-17,2026-02-21,2026-02-23,CUS-009,MAT-010,CAR-009,RTE-025,63,1165.50,Delivered,Wetter
SHP-001886,2025-12-28,2025-12-30,2025-12-30,CUS-049,MAT-066,CAR-008,RTE-018,13,84.50,Delivered,
SHP-001887,2026-04-20,2026-04-22,2026-04-22,CUS-001,MAT-010,CAR-001,RTE-011,86,1591.00,Delivered,
SHP-001888,2026-04-28,2026-04-30,,CUS-022,MAT-039,CAR-007,RTE-015,371,289.38,Cancelled,
SHP-001889,2026-06-21,2026-06-24,2026-06-24,CUS-013,MAT-029,CAR-014,RTE-038,965,173.70,Delivered,
SHP-001890,2025-01-31,2025-02-03,2025-02-03,CUS-048,MAT-063,CAR-014,RTE-038,65,7.80,Delivered,
SHP-001891,2026-06-10,2026-06-11,2026-06-11,CUS-015,MAT-055,CAR-008,RTE-016,487,4529.10,Delivered,
SHP-001892,2025-04-03,2025-04-05,2025-04-05,CUS-009,MAT-006,CAR-005,RTE-014,114,136.80,Delivered,
SHP-001893,2026-01-09,2026-01-30,2026-01-30,CUS-029,MAT-043,CAR-012,RTE-034,360,306.00,Delivered,
SHP-001894,2026-06-16,2026-06-18,2026-06-18,CUS-041,MAT-066,CAR-006,RTE-018,77,500.50,Delivered,
SHP-001895,2025-12-02,2025-12-03,2025-12-03,CUS-009,MAT-014,CAR-002,RTE-004,141,1748.40,Delivered,
SHP-001896,2026-01-15,2026-01-17,2026-01-20,CUS-042,MAT-020,CAR-010,RTE-026,40,356.00,Delayed,Sonstiges
SHP-001897,2026-03-28,2026-03-30,2026-03-30,CUS-015,MAT-035,CAR-015,RTE-038,664,365.20,Delivered,
SHP-001898,2025-05-21,2025-05-23,2025-05-23,CUS-044,MAT-077,CAR-001,RTE-010,69,33.12,Delivered,
SHP-001899,2025-09-09,2025-09-10,2025-09-16,CUS-024,MAT-076,CAR-007,RTE-011,23,874.00,Delayed,Kapazität
SHP-001900,2026-07-24,2026-07-25,2026-07-25,CUS-033,MAT-008,CAR-001,RTE-008,117,421.20,Delivered,
SHP-001901,2026-05-25,2026-05-27,2026-05-27,CUS-014,MAT-033,CAR-008,RTE-019,109,3.27,Delivered,
SHP-001902,2025-10-18,2025-10-20,2025-10-20,CUS-007,MAT-058,CAR-008,RTE-021,233,128.15,Delivered,
SHP-001903,2025-07-14,2025-08-20,2025-08-20,CUS-050,MAT-079,CAR-013,RTE-036,1,210.00,Delivered,
SHP-001904,2025-11-07,2025-11-10,2025-11-14,CUS-014,MAT-031,CAR-005,RTE-003,686,144.06,Delayed,Wetter
SHP-001905,2025-09-30,2025-10-01,2025-10-01,CUS-025,MAT-039,CAR-001,RTE-012,414,322.92,Delivered,
SHP-001906,2025-10-24,2025-10-27,2025-10-27,CUS-016,MAT-023,CAR-009,RTE-030,650,97.50,Delivered,
SHP-001907,2025-11-13,2025-11-14,2025-11-14,CUS-016,MAT-030,CAR-007,RTE-001,949,85.41,Delivered,
SHP-001908,2025-10-31,2025-11-05,2025-11-05,CUS-040,MAT-061,CAR-013,RTE-031,3,126.00,Delivered,
SHP-001909,2026-03-11,2026-03-13,2026-03-13,CUS-032,MAT-054,CAR-009,RTE-028,466,46.60,Delivered,
SHP-001910,2025-08-22,2025-08-23,2025-08-23,CUS-021,MAT-038,CAR-005,RTE-003,200,124.00,Delivered,
SHP-001911,2025-08-29,2025-08-30,2025-09-04,CUS-041,MAT-073,CAR-003,RTE-020,4,380.00,Delayed,Zoll
SHP-001912,2025-08-01,2025-08-02,2025-08-02,CUS-001,MAT-019,CAR-006,RTE-001,38,10.64,Delivered,
SHP-001913,2025-05-24,2025-05-26,2025-05-26,CUS-013,MAT-025,CAR-001,RTE-018,846,888.30,Delivered,
SHP-001914,2026-01-31,2026-02-02,,CUS-001,MAT-018,CAR-008,RTE-022,198,83.16,Cancelled,
SHP-001915,2025-08-12,2025-08-14,2025-08-14,CUS-022,MAT-041,CAR-005,RTE-006,168,159.60,Delivered,
SHP-001916,2026-01-18,2026-01-20,2026-01-21,CUS-011,MAT-014,CAR-008,RTE-002,84,1041.60,Delivered,Sonstiges
SHP-001917,2026-08-26,2026-08-27,2026-08-27,CUS-039,MAT-074,CAR-005,RTE-020,82,69.70,Delivered,
SHP-001918,2025-02-28,2025-03-03,2025-03-04,CUS-030,MAT-054,CAR-010,RTE-027,372,37.20,Delivered,Wetter
SHP-001919,2026-05-10,2026-05-11,2026-05-11,CUS-005,MAT-018,CAR-003,RTE-002,55,23.10,Delivered,
SHP-001920,2026-07-08,2026-07-10,2026-07-10,CUS-001,MAT-006,CAR-002,RTE-011,9,10.80,Delivered,
SHP-001921,2026-07-03,2026-07-04,2026-07-04,CUS-015,MAT-022,CAR-015,RTE-038,948,66.36,Delivered,
SHP-001922,2025-11-09,2025-11-12,2025-11-12,CUS-042,MAT-066,CAR-010,RTE-029,58,377.00,Delivered,
SHP-001923,2025-09-09,2025-09-10,2025-09-10,CUS-036,MAT-059,CAR-001,RTE-001,5,6250.00,Delivered,
SHP-001924,2025-08-08,2025-08-11,2025-08-11,CUS-028,MAT-043,CAR-012,RTE-035,225,191.25,Delivered,
SHP-001925,2026-02-03,2026-03-03,2026-03-02,CUS-043,MAT-063,CAR-011,RTE-036,7,0.84,Delivered,
SHP-001926,2025-04-12,2025-04-14,2025-04-14,CUS-011,MAT-026,CAR-005,RTE-008,87,3.48,Delivered,
SHP-001927,2025-03-23,2025-03-25,2025-03-25,CUS-039,MAT-070,CAR-009,RTE-028,56,940.80,Delivered,
SHP-001928,2026-02-20,2026-02-21,2026-02-21,CUS-002,MAT-015,CAR-008,RTE-016,215,2537.00,Delivered,
SHP-001929,2026-07-20,2026-07-21,2026-07-21,CUS-002,MAT-018,CAR-015,RTE-039,139,58.38,Delivered,
SHP-001930,2025-07-10,2025-07-11,2025-07-11,CUS-006,MAT-013,CAR-004,RTE-012,203,1035.30,Delivered,
SHP-001931,2025-02-10,2025-02-11,2025-02-11,CUS-008,MAT-012,CAR-005,RTE-016,112,761.60,Delivered,
SHP-001932,2025-01-10,2025-01-13,2025-01-13,CUS-005,MAT-005,CAR-001,RTE-014,229,1236.60,Delivered,
SHP-001933,2025-08-29,2025-09-01,2025-08-31,CUS-021,MAT-048,CAR-009,RTE-024,215,387.00,Delivered,
SHP-001934,2025-02-11,2025-02-13,2025-02-13,CUS-012,MAT-003,CAR-003,RTE-004,120,576.00,Delivered,
SHP-001935,2026-03-19,2026-03-21,2026-03-21,CUS-015,MAT-031,CAR-002,RTE-019,1538,322.98,Delivered,
SHP-001936,2025-03-30,2025-04-01,2025-04-01,CUS-016,MAT-035,CAR-010,RTE-028,1593,876.15,Delivered,
SHP-001937,2025-10-07,2025-10-10,2025-10-10,CUS-021,MAT-046,CAR-010,RTE-029,477,3052.80,Delivered,
SHP-001938,2026-08-05,2026-08-08,2026-08-08,CUS-036,MAT-079,CAR-009,RTE-030,6,1260.00,Delivered,
SHP-001939,2025-06-16,2025-06-19,2025-06-25,CUS-050,MAT-074,CAR-012,RTE-031,88,74.80,Delayed,Wetter
SHP-001940,2026-01-17,2026-01-21,2026-01-26,CUS-022,MAT-043,CAR-010,RTE-025,132,112.20,Delayed,Zoll
SHP-001941,2026-07-25,2026-07-27,2026-07-27,CUS-015,MAT-063,CAR-007,RTE-006,54,6.48,Delivered,
SHP-001942,2025-12-08,2025-12-12,2025-12-13,CUS-008,MAT-008,CAR-009,RTE-025,174,626.40,Delivered,Kapazität
SHP-001943,2026-04-18,2026-04-20,2026-04-20,CUS-029,MAT-037,CAR-002,RTE-020,288,51.84,Delivered,
SHP-001944,2026-02-26,2026-02-27,2026-02-27,CUS-025,MAT-075,CAR-001,RTE-020,47,15.04,Delivered,
SHP-001945,2025-12-27,2025-12-30,2025-12-30,CUS-017,MAT-022,CAR-014,RTE-040,1314,91.98,Delivered,
SHP-001946,2025-04-20,2025-04-23,2025-04-27,CUS-001,MAT-013,CAR-009,RTE-026,168,856.80,Delayed,Wetter
SHP-001947,2025-01-27,2025-01-28,2025-01-27,CUS-023,MAT-039,CAR-006,RTE-017,229,178.62,Delivered,
SHP-001948,2025-08-10,2025-08-12,2025-08-12,CUS-041,MAT-048,CAR-007,RTE-013,110,198.00,Delivered,
SHP-001949,2025-02-11,2025-03-21,2025-03-21,CUS-015,MAT-022,CAR-011,RTE-036,1055,73.85,Delivered,
SHP-001950,2025-09-01,2025-09-02,2025-09-01,CUS-024,MAT-053,CAR-003,RTE-015,455,236.60,Delivered,
SHP-001951,2026-05-06,2026-05-09,2026-05-09,CUS-001,MAT-007,CAR-010,RTE-028,234,655.20,Delivered,
SHP-001952,2025-05-24,2025-05-26,2025-05-26,CUS-003,MAT-009,CAR-005,RTE-016,63,119.70,Delivered,
SHP-001953,2025-06-24,2025-06-25,2025-06-25,CUS-025,MAT-054,CAR-007,RTE-020,283,28.30,Delivered,
SHP-001954,2025-09-29,2025-10-02,2025-10-08,CUS-016,MAT-030,CAR-009,RTE-026,647,58.23,Delayed,Zoll
SHP-001955,2026-07-25,2026-07-27,2026-07-26,CUS-014,MAT-025,CAR-005,RTE-018,1373,1441.65,Delivered,
SHP-001956,2025-02-24,2025-02-25,2025-02-25,CUS-031,MAT-047,CAR-001,RTE-001,254,342.90,Delivered,
SHP-001957,2025-07-20,2025-07-23,2025-07-23,CUS-008,MAT-019,CAR-015,RTE-039,49,13.72,Delivered,
SHP-001958,2025-12-03,2025-12-08,2025-12-08,CUS-036,MAT-053,CAR-009,RTE-025,53,27.56,Delivered,
SHP-001959,2025-06-22,2025-06-25,2025-06-25,CUS-003,MAT-013,CAR-010,RTE-026,110,561.00,Delivered,
SHP-001960,2025-10-06,2025-10-07,2025-10-07,CUS-027,MAT-045,CAR-003,RTE-022,343,41.16,Delivered,
SHP-001961,2025-09-16,2025-09-29,2025-10-03,CUS-045,MAT-059,CAR-011,RTE-034,1,1250.00,Delayed,Sonstiges
SHP-001962,2025-07-31,2025-08-02,2025-08-02,CUS-004,MAT-001,CAR-003,RTE-011,183,1555.50,Delivered,
SHP-001963,2025-08-21,2025-08-22,2025-08-21,CUS-034,MAT-071,CAR-007,RTE-012,38,950.00,Delivered,
SHP-001964,2026-06-11,2026-06-15,2026-06-19,CUS-021,MAT-053,CAR-010,RTE-029,373,193.96,Delayed,Zoll
SHP-001965,2025-11-25,2025-11-28,2025-12-05,CUS-016,MAT-029,CAR-014,RTE-039,1007,181.26,Delayed,Kapazität
SHP-001966,2025-06-09,2025-06-11,2025-06-12,CUS-011,MAT-018,CAR-014,RTE-037,218,91.56,Delivered,Wetter
SHP-001967,2025-06-30,2025-08-07,2025-08-07,CUS-050,MAT-060,CAR-013,RTE-033,33,607.20,Delivered,
SHP-001968,2026-01-20,2026-01-23,2026-01-22,CUS-041,MAT-060,CAR-009,RTE-026,14,257.60,Delivered,
SHP-001969,2026-07-16,2026-07-17,2026-07-17,CUS-040,MAT-078,CAR-007,RTE-016,16,2960.00,Delivered,
SHP-001970,2025-07-19,2025-07-21,2025-07-21,CUS-028,MAT-048,CAR-004,RTE-009,261,469.80,Delivered,
SHP-001971,2025-11-16,2025-11-19,2025-11-19,CUS-036,MAT-075,CAR-015,RTE-037,34,10.88,Delivered,
SHP-001972,2025-01-02,2025-01-03,2025-01-10,CUS-029,MAT-054,CAR-008,RTE-022,339,33.90,Delayed,Kapazität
SHP-001973,2026-04-19,2026-04-20,2026-04-19,CUS-002,MAT-003,CAR-005,RTE-017,141,676.80,Delivered,
SHP-001974,2026-02-22,2026-02-24,2026-02-24,CUS-010,MAT-002,CAR-006,RTE-019,81,502.20,Delivered,
SHP-001975,2026-08-27,2026-08-29,2026-08-29,CUS-049,MAT-068,CAR-006,RTE-014,72,1094.40,Delivered,
SHP-001976,2025-09-17,2025-09-18,2025-09-18,CUS-039,MAT-078,CAR-004,RTE-021,9,1665.00,Delivered,
SHP-001977,2025-12-16,2025-12-17,2025-12-17,CUS-039,MAT-072,CAR-003,RTE-021,85,38.25,Delivered,
SHP-001978,2025-01-03,2025-01-06,2025-01-06,CUS-024,MAT-043,CAR-002,RTE-015,117,99.45,Delivered,
SHP-001979,2025-11-18,2025-11-24,2025-11-24,CUS-046,MAT-017,CAR-012,RTE-031,207,72.45,Delivered,
SHP-001980,2025-10-25,2025-10-27,2025-10-27,CUS-017,MAT-021,CAR-014,RTE-038,490,39.20,Delivered,
SHP-001981,2025-02-13,2025-02-14,2025-02-14,CUS-049,MAT-006,CAR-007,RTE-022,216,259.20,Delivered,
SHP-001982,2025-10-28,2025-10-30,2025-10-30,CUS-015,MAT-035,CAR-002,RTE-018,1229,675.95,Delivered,
SHP-001983,2026-05-20,2026-05-21,2026-05-24,CUS-022,MAT-047,CAR-001,RTE-017,300,405.00,Delayed,Zoll
SHP-001984,2026-01-04,2026-01-05,2026-01-05,CUS-023,MAT-061,CAR-001,RTE-020,17,714.00,Delivered,
SHP-001985,2025-09-25,2025-09-27,2025-09-27,CUS-008,MAT-007,CAR-004,RTE-018,13,36.40,Delivered,
SHP-001986,2026-07-25,2026-07-27,,CUS-021,MAT-055,CAR-002,RTE-004,332,3087.60,Cancelled,
SHP-001987,2026-07-21,2026-07-28,2026-07-28,CUS-043,MAT-076,CAR-011,RTE-035,72,2736.00,Delivered,
SHP-001988,2025-09-20,2025-09-22,2025-09-22,CUS-005,MAT-001,CAR-009,RTE-030,231,1963.50,Delivered,
SHP-001989,2025-06-07,2025-06-09,2025-06-09,CUS-024,MAT-054,CAR-005,RTE-018,487,48.70,Delivered,
SHP-001990,2025-02-04,2025-03-07,2025-03-07,CUS-034,MAT-073,CAR-013,RTE-032,11,1045.00,Delivered,
SHP-001991,2025-11-10,2025-11-11,2025-11-11,CUS-040,MAT-065,CAR-001,RTE-015,18,504.00,Delivered,
SHP-001992,2026-04-21,2026-04-23,2026-04-23,CUS-044,MAT-069,CAR-006,RTE-002,10,220.00,Delivered,
SHP-001993,2025-07-27,2025-07-29,2025-07-29,CUS-031,MAT-044,CAR-002,RTE-009,299,23.92,Delivered,
SHP-001994,2025-04-18,2025-05-15,2025-05-15,CUS-016,MAT-022,CAR-011,RTE-036,1367,95.69,Delivered,
SHP-001995,2026-04-26,2026-04-28,2026-04-28,CUS-027,MAT-047,CAR-007,RTE-013,62,83.70,Delivered,
SHP-001996,2026-08-16,2026-08-18,2026-08-18,CUS-044,MAT-076,CAR-002,RTE-005,40,1520.00,Delivered,
SHP-001997,2025-10-03,2025-10-04,2025-10-06,CUS-050,MAT-068,CAR-007,RTE-008,44,668.80,Delivered,Wetter
SHP-001998,2025-08-23,2025-08-26,2025-08-26,CUS-031,MAT-052,CAR-007,RTE-007,211,337.60,Delivered,
SHP-001999,2025-12-22,2025-12-23,2025-12-26,CUS-036,MAT-073,CAR-003,RTE-017,7,665.00,Delayed,Kapazität
SHP-002000,2025-06-04,2025-06-05,2025-06-05,CUS-029,MAT-058,CAR-008,RTE-006,177,97.35,Delivered,
SHP-002001,2025-09-12,2025-09-15,2025-09-15,CUS-003,MAT-009,CAR-004,RTE-019,61,115.90,Delivered,
SHP-002002,2025-12-14,2025-12-15,2025-12-15,CUS-036,MAT-062,CAR-005,RTE-021,3,255.00,Delivered,
SHP-002003,2026-08-02,2026-08-03,2026-08-04,CUS-047,MAT-072,CAR-003,RTE-001,15,6.75,Delivered,Kapazität
SHP-002004,2026-02-23,2026-02-25,2026-03-02,CUS-033,MAT-062,CAR-007,RTE-010,2,170.00,Delayed,Zoll
SHP-002005,2025-07-13,2025-07-16,2025-07-19,CUS-041,MAT-063,CAR-010,RTE-025,31,3.72,Delayed,Wetter
SHP-002006,2026-05-21,2026-05-25,2026-05-25,CUS-050,MAT-077,CAR-012,RTE-035,77,36.96,Delivered,
SHP-002007,2026-08-29,2026-08-31,2026-08-31,CUS-006,MAT-014,CAR-001,RTE-003,108,1339.20,Delivered,
SHP-002008,2026-01-08,2026-01-09,2026-01-09,CUS-047,MAT-063,CAR-002,RTE-008,15,1.80,Delivered,
SHP-002009,2025-03-10,2025-03-11,2025-03-15,CUS-022,MAT-050,CAR-006,RTE-020,338,94.64,Delayed,Wetter
SHP-002010,2025-08-20,2025-08-21,2025-08-21,CUS-006,MAT-020,CAR-006,RTE-008,85,756.50,Delivered,
SHP-002011,2025-06-17,2025-06-18,2025-06-18,CUS-015,MAT-033,CAR-015,RTE-037,817,24.51,Delivered,
SHP-002012,2026-04-16,2026-04-20,2026-04-20,CUS-018,MAT-033,CAR-014,RTE-039,414,12.42,Delivered,
SHP-002013,2026-08-15,2026-08-17,2026-08-17,CUS-014,MAT-060,CAR-003,RTE-018,48,883.20,Delivered,
SHP-002014,2025-12-16,2026-01-16,2026-01-16,CUS-043,MAT-067,CAR-011,RTE-036,5,275.00,Delivered,
SHP-002015,2025-08-26,2025-08-28,2025-08-28,CUS-001,MAT-008,CAR-014,RTE-037,195,702.00,Delivered,
SHP-002016,2026-04-29,2026-05-01,2026-05-01,CUS-015,MAT-025,CAR-002,RTE-004,1117,1172.85,Delivered,
SHP-002017,2025-06-15,2025-06-17,2025-06-22,CUS-003,MAT-001,CAR-003,RTE-019,174,1479.00,Delayed,Wetter
SHP-002018,2025-06-15,2025-06-17,2025-06-17,CUS-041,MAT-060,CAR-004,RTE-018,32,588.80,Delivered,
SHP-002019,2025-01-13,2025-01-15,2025-01-20,CUS-014,MAT-034,CAR-008,RTE-004,198,3.96,Delayed,Zoll
SHP-002020,2025-09-23,2025-09-25,2025-10-01,CUS-032,MAT-046,CAR-007,RTE-015,357,2284.80,Delayed,Zoll
SHP-002021,2026-04-07,2026-04-08,2026-04-07,CUS-034,MAT-061,CAR-002,RTE-009,13,546.00,Delivered,
SHP-002022,2025-01-16,2025-01-18,2025-01-17,CUS-050,MAT-069,CAR-015,RTE-039,23,506.00,Delivered,
SHP-002023,2025-08-01,2025-08-04,2025-08-04,CUS-041,MAT-036,CAR-001,RTE-011,1199,455.62,Delivered,
SHP-002024,2025-07-06,2025-07-07,2025-07-07,CUS-022,MAT-053,CAR-007,RTE-005,187,97.24,Delivered,
SHP-002025,2026-04-05,2026-04-08,2026-04-08,CUS-034,MAT-025,CAR-010,RTE-024,194,203.70,Delivered,
SHP-002026,2025-11-27,2025-11-28,2025-11-28,CUS-011,MAT-007,CAR-003,RTE-006,211,590.80,Delivered,
SHP-002027,2025-11-18,2025-11-21,2025-11-20,CUS-017,MAT-030,CAR-003,RTE-007,650,58.50,Delivered,
SHP-002028,2026-03-31,2026-04-02,2026-04-02,CUS-014,MAT-034,CAR-006,RTE-006,770,15.40,Delivered,
SHP-002029,2026-01-29,2026-01-30,2026-01-30,CUS-024,MAT-044,CAR-004,RTE-019,342,27.36,Delivered,
SHP-002030,2025-08-09,2025-08-11,2025-08-11,CUS-040,MAT-064,CAR-014,RTE-040,40,152.00,Delivered,
SHP-002031,2025-03-18,2025-03-21,2025-03-21,CUS-019,MAT-022,CAR-009,RTE-029,796,55.72,Delivered,
SHP-002032,2025-09-15,2025-09-18,2025-09-18,CUS-019,MAT-035,CAR-015,RTE-039,690,379.50,Delivered,
SHP-002033,2026-01-01,2026-01-02,2026-01-06,CUS-036,MAT-072,CAR-007,RTE-021,37,16.65,Delayed,Sonstiges
SHP-002034,2026-02-08,2026-02-09,2026-02-09,CUS-025,MAT-046,CAR-001,RTE-016,381,2438.40,Delivered,
SHP-002035,2025-12-16,2025-12-17,2025-12-16,CUS-028,MAT-045,CAR-002,RTE-022,407,48.84,Delivered,
SHP-002036,2026-02-06,2026-02-09,2026-02-09,CUS-041,MAT-076,CAR-004,RTE-019,83,3154.00,Delivered,
SHP-002037,2026-03-11,2026-03-12,2026-03-12,CUS-004,MAT-023,CAR-005,RTE-017,99,14.85,Delivered,
SHP-002038,2025-07-04,2025-07-08,2025-07-07,CUS-007,MAT-064,CAR-010,RTE-023,67,254.60,Delivered,
SHP-002039,2025-03-29,2025-04-02,2025-04-02,CUS-046,MAT-067,CAR-009,RTE-024,13,715.00,Delivered,
SHP-002040,2026-08-26,2026-08-29,2026-08-29,CUS-040,MAT-069,CAR-010,RTE-025,55,1210.00,Delivered,
SHP-002041,2026-01-06,2026-01-08,2026-01-13,CUS-011,MAT-020,CAR-006,RTE-005,169,1504.10,Delayed,Wetter
SHP-002042,2025-09-27,2025-09-29,2025-09-29,CUS-014,MAT-023,CAR-014,RTE-037,1511,226.65,Delivered,
SHP-002043,2025-08-07,2025-08-09,2025-08-08,CUS-022,MAT-050,CAR-002,RTE-018,80,22.40,Delivered,
SHP-002044,2025-07-03,2025-07-04,2025-07-07,CUS-018,MAT-021,CAR-005,RTE-008,109,8.72,Delayed,Wetter
SHP-002045,2025-05-22,2025-05-23,2025-05-28,CUS-050,MAT-080,CAR-005,RTE-016,41,516.60,Delayed,Wetter
SHP-002046,2025-11-14,2025-11-15,2025-11-15,CUS-028,MAT-039,CAR-007,RTE-003,43,33.54,Delivered,
SHP-002047,2025-02-06,2025-02-10,2025-02-12,CUS-006,MAT-055,CAR-010,RTE-024,359,3338.70,Delivered,Sonstiges
SHP-002048,2025-12-13,2025-12-16,2025-12-16,CUS-027,MAT-050,CAR-009,RTE-024,406,113.68,Delivered,
SHP-002049,2025-06-26,2025-06-27,2025-06-27,CUS-013,MAT-027,CAR-003,RTE-011,162,35.64,Delivered,
SHP-002050,2026-07-17,2026-07-20,2026-07-19,CUS-036,MAT-080,CAR-001,RTE-019,13,163.80,Delivered,
SHP-002051,2025-03-13,2025-03-15,2025-03-15,CUS-036,MAT-024,CAR-007,RTE-005,673,80.76,Delivered,
SHP-002052,2026-02-16,2026-02-17,2026-02-17,CUS-015,MAT-021,CAR-005,RTE-017,228,18.24,Delivered,
SHP-002053,2026-01-19,2026-01-26,2026-01-26,CUS-032,MAT-052,CAR-013,RTE-031,267,427.20,Delivered,
SHP-002054,2026-02-05,2026-02-07,2026-02-07,CUS-043,MAT-061,CAR-001,RTE-003,4,168.00,Delivered,
SHP-002055,2025-02-07,2025-02-08,2025-02-08,CUS-050,MAT-079,CAR-002,RTE-012,2,420.00,Delivered,
SHP-002056,2025-06-21,2025-06-23,2025-06-23,CUS-022,MAT-058,CAR-003,RTE-003,196,107.80,Delivered,
SHP-002057,2025-11-09,2025-11-10,2025-11-10,CUS-025,MAT-039,CAR-003,RTE-021,502,391.56,Delivered,
SHP-002058,2025-12-29,2025-12-30,2026-01-02,CUS-031,MAT-048,CAR-002,RTE-020,137,246.60,Delayed,Wetter
SHP-002059,2026-04-27,2026-05-25,2026-05-25,CUS-022,MAT-058,CAR-012,RTE-032,477,262.35,Delivered,
SHP-002060,2025-08-30,2025-09-01,2025-09-01,CUS-037,MAT-071,CAR-003,RTE-021,54,1350.00,Delivered,
SHP-002061,2026-05-20,2026-05-21,2026-05-21,CUS-004,MAT-009,CAR-001,RTE-008,173,328.70,Delivered,
SHP-002062,2025-01-04,2025-01-08,2025-01-09,CUS-001,MAT-015,CAR-010,RTE-024,112,1321.60,Delivered,Wetter
SHP-002063,2026-03-25,2026-03-26,2026-03-26,CUS-025,MAT-037,CAR-002,RTE-006,203,36.54,Delivered,
SHP-002064,2025-07-06,2025-07-08,2025-07-08,CUS-008,MAT-006,CAR-001,RTE-010,229,274.80,Delivered,
SHP-002065,2025-12-19,2025-12-22,2025-12-22,CUS-030,MAT-037,CAR-006,RTE-002,333,59.94,Delivered,
SHP-002066,2026-07-31,2026-08-01,2026-08-01,CUS-005,MAT-008,CAR-007,RTE-001,57,205.20,Delivered,
SHP-002067,2025-10-11,2025-10-13,2025-10-13,CUS-008,MAT-017,CAR-007,RTE-001,171,59.85,Delivered,
SHP-002068,2025-02-24,2025-02-26,2025-02-26,CUS-029,MAT-028,CAR-001,RTE-018,249,161.85,Delivered,
SHP-002069,2025-11-24,2025-11-25,2025-11-25,CUS-016,MAT-031,CAR-015,RTE-038,1383,290.43,Delivered,
SHP-002070,2026-02-08,2026-02-10,2026-02-10,CUS-023,MAT-057,CAR-002,RTE-002,308,1478.40,Delivered,
SHP-002071,2025-06-05,2025-06-09,2025-06-09,CUS-039,MAT-076,CAR-010,RTE-023,24,912.00,Delivered,
SHP-002072,2025-01-12,2025-01-29,2025-01-29,CUS-046,MAT-066,CAR-012,RTE-034,76,494.00,Delivered,
SHP-002073,2026-07-02,2026-07-03,2026-07-03,CUS-020,MAT-021,CAR-002,RTE-009,898,71.84,Delivered,
SHP-002074,2025-02-20,2025-02-22,2025-02-22,CUS-036,MAT-063,CAR-009,RTE-029,55,6.60,Delivered,
SHP-002075,2025-09-27,2025-09-29,2025-10-04,CUS-039,MAT-060,CAR-001,RTE-011,59,1085.60,Delayed,Kapazität
SHP-002076,2025-09-18,2025-09-22,2025-09-22,CUS-003,MAT-001,CAR-004,RTE-007,49,416.50,Delivered,
SHP-002077,2026-06-22,2026-06-23,2026-06-23,CUS-015,MAT-036,CAR-014,RTE-038,1128,428.64,Delivered,
SHP-002078,2025-10-21,2025-10-24,2025-10-24,CUS-046,MAT-068,CAR-009,RTE-023,45,684.00,Delivered,
SHP-002079,2026-06-05,2026-06-08,2026-06-08,CUS-044,MAT-069,CAR-009,RTE-028,55,1210.00,Delivered,
SHP-002080,2025-05-27,2025-05-28,2025-05-28,CUS-001,MAT-012,CAR-008,RTE-008,44,299.20,Delivered,
SHP-002081,2025-04-09,2025-04-11,2025-04-16,CUS-019,MAT-023,CAR-008,RTE-018,503,75.45,Delayed,Kapazität
SHP-002082,2025-11-09,2025-11-10,2025-11-14,CUS-022,MAT-056,CAR-002,RTE-015,331,4799.50,Delayed,Wetter
SHP-002083,2026-01-09,2026-02-16,2026-02-23,CUS-023,MAT-042,CAR-013,RTE-033,231,970.20,Delayed,Kapazität
SHP-002084,2025-03-29,2025-04-01,2025-04-05,CUS-001,MAT-005,CAR-010,RTE-023,158,853.20,Delayed,Zoll
SHP-002085,2026-01-01,2026-01-03,2026-01-03,CUS-001,MAT-014,CAR-001,RTE-019,70,868.00,Delivered,
SHP-002086,2026-01-04,2026-01-05,2026-01-05,CUS-025,MAT-037,CAR-002,RTE-001,244,43.92,Delivered,
SHP-002087,2025-08-31,2025-09-03,,CUS-020,MAT-029,CAR-014,RTE-037,673,121.14,Cancelled,
SHP-002088,2025-08-16,2025-08-18,2025-08-23,CUS-022,MAT-041,CAR-007,RTE-010,93,88.35,Delayed,Zoll
SHP-002089,2026-04-02,2026-04-03,,CUS-023,MAT-039,CAR-002,RTE-013,251,195.78,Cancelled,
SHP-002090,2025-03-17,2025-03-18,2025-03-18,CUS-038,MAT-070,CAR-006,RTE-020,63,1058.40,Delivered,
SHP-002091,2025-01-22,2025-01-24,2025-01-24,CUS-022,MAT-016,CAR-001,RTE-014,48,456.00,Delivered,
SHP-002092,2025-06-16,2025-06-19,2025-06-19,CUS-024,MAT-061,CAR-009,RTE-023,13,546.00,Delivered,
SHP-002093,2025-04-07,2025-04-09,2025-04-09,CUS-001,MAT-016,CAR-009,RTE-026,183,1738.50,Delivered,
SHP-002094,2026-07-12,2026-07-14,2026-07-16,CUS-003,MAT-017,CAR-009,RTE-028,29,10.15,Delivered,Zoll
SHP-002095,2025-06-16,2025-06-18,2025-06-19,CUS-001,MAT-008,CAR-006,RTE-011,152,547.20,Delivered,Wetter
SHP-002096,2025-09-07,2025-09-08,2025-09-08,CUS-011,MAT-012,CAR-004,RTE-021,61,414.80,Delivered,
SHP-002097,2025-12-28,2025-12-31,2026-01-03,CUS-036,MAT-080,CAR-009,RTE-030,32,403.20,Delayed,Wetter
SHP-002098,2025-05-08,2025-05-10,2025-05-10,CUS-035,MAT-032,CAR-003,RTE-014,491,24.55,Delivered,
SHP-002099,2026-07-11,2026-08-11,2026-08-11,CUS-025,MAT-047,CAR-013,RTE-032,510,688.50,Delivered,
SHP-002100,2026-01-08,2026-01-09,2026-01-09,CUS-038,MAT-072,CAR-004,RTE-015,27,12.15,Delivered,
SHP-002101,2026-08-07,2026-08-10,2026-08-10,CUS-019,MAT-030,CAR-003,RTE-005,305,27.45,Delivered,
SHP-002102,2026-04-20,2026-04-27,2026-04-30,CUS-048,MAT-063,CAR-013,RTE-031,59,7.08,Delayed,Sonstiges
SHP-002103,2025-07-01,2025-07-28,2025-08-04,CUS-036,MAT-077,CAR-013,RTE-033,15,7.20,Delayed,Zoll
SHP-002104,2026-08-22,2026-08-24,2026-08-24,CUS-046,MAT-065,CAR-004,RTE-016,6,168.00,Delivered,
SHP-002105,2026-02-16,2026-02-17,2026-02-17,CUS-029,MAT-041,CAR-002,RTE-017,36,34.20,Delivered,
SHP-002106,2026-04-01,2026-04-03,2026-04-03,CUS-005,MAT-005,CAR-009,RTE-026,185,999.00,Delivered,
SHP-002107,2025-05-17,2025-05-19,2025-05-19,CUS-016,MAT-033,CAR-001,RTE-015,489,14.67,Delivered,
SHP-002108,2026-05-24,2026-05-25,2026-05-25,CUS-041,MAT-059,CAR-007,RTE-005,1,1250.00,Delivered,
SHP-002109,2026-04-13,2026-04-16,2026-04-15,CUS-026,MAT-049,CAR-009,RTE-026,458,206.10,Delivered,
SHP-002110,2026-02-06,2026-02-09,,CUS-041,MAT-076,CAR-010,RTE-030,54,2052.00,Cancelled,
SHP-002111,2026-08-22,2026-08-24,2026-08-23,CUS-017,MAT-030,CAR-014,RTE-038,613,55.17,Delivered,
SHP-002112,2026-07-23,2026-07-27,2026-07-27,CUS-009,MAT-012,CAR-010,RTE-024,20,136.00,Delivered,
SHP-002113,2026-07-05,2026-07-06,2026-07-06,CUS-004,MAT-010,CAR-003,RTE-016,184,3404.00,Delivered,
SHP-002114,2026-02-06,2026-02-07,2026-02-07,CUS-002,MAT-017,CAR-002,RTE-002,80,28.00,Delivered,
SHP-002115,2026-02-04,2026-02-05,2026-02-05,CUS-021,MAT-039,CAR-002,RTE-011,164,127.92,Delivered,
SHP-002116,2026-07-18,2026-07-20,2026-07-20,CUS-016,MAT-027,CAR-001,RTE-021,690,151.80,Delivered,
SHP-002117,2026-06-29,2026-06-30,2026-06-30,CUS-042,MAT-060,CAR-001,RTE-020,19,349.60,Delivered,
SHP-002118,2026-07-21,2026-07-23,2026-07-23,CUS-033,MAT-062,CAR-003,RTE-004,17,1445.00,Delivered,
SHP-002119,2025-05-18,2025-05-19,2025-05-21,CUS-024,MAT-051,CAR-002,RTE-017,57,176.70,Delivered,Zoll
SHP-002120,2025-12-10,2025-12-12,2025-12-12,CUS-016,MAT-027,CAR-003,RTE-009,752,165.44,Delivered,
SHP-002121,2025-09-11,2025-09-15,2025-09-15,CUS-019,MAT-028,CAR-014,RTE-038,330,214.50,Delivered,
SHP-002122,2025-10-05,2025-10-07,2025-10-09,CUS-017,MAT-069,CAR-008,RTE-009,83,1826.00,Delivered,Sonstiges
SHP-002123,2026-04-14,2026-04-16,2026-04-16,CUS-001,MAT-011,CAR-002,RTE-015,159,1144.80,Delivered,
SHP-002124,2025-09-01,2025-09-03,2025-09-03,CUS-003,MAT-002,CAR-007,RTE-005,117,725.40,Delivered,
SHP-002125,2025-03-31,2025-04-02,,CUS-023,MAT-037,CAR-008,RTE-019,455,81.90,Cancelled,
SHP-002126,2026-05-06,2026-05-11,2026-05-10,CUS-023,MAT-054,CAR-010,RTE-025,257,25.70,Delivered,
SHP-002127,2026-07-18,2026-07-20,2026-07-22,CUS-044,MAT-063,CAR-005,RTE-016,6,0.72,Delivered,Zoll
SHP-002128,2025-11-11,2025-11-13,2025-11-13,CUS-008,MAT-029,CAR-006,RTE-010,146,26.28,Delivered,
SHP-002129,2026-05-01,2026-05-02,2026-05-02,CUS-036,MAT-074,CAR-007,RTE-020,21,17.85,Delivered,
SHP-002130,2025-10-22,2025-10-24,2025-10-24,CUS-020,MAT-034,CAR-003,RTE-013,123,2.46,Delivered,
SHP-002131,2025-04-18,2025-04-19,2025-04-19,CUS-043,MAT-067,CAR-006,RTE-020,5,275.00,Delivered,
SHP-002132,2025-03-07,2025-03-08,2025-03-08,CUS-010,MAT-007,CAR-014,RTE-038,202,565.60,Delivered,
SHP-002133,2026-04-18,2026-04-20,2026-04-19,CUS-023,MAT-046,CAR-003,RTE-008,276,1766.40,Delivered,
SHP-002134,2026-07-11,2026-07-13,2026-07-19,CUS-049,MAT-040,CAR-006,RTE-013,28,32.20,Delayed,Zoll
SHP-002135,2026-06-15,2026-06-17,2026-06-17,CUS-029,MAT-045,CAR-010,RTE-028,136,16.32,Delivered,
SHP-002136,2025-12-28,2025-12-30,2025-12-30,CUS-018,MAT-026,CAR-003,RTE-019,827,33.08,Delivered,
SHP-002137,2025-01-19,2025-01-20,2025-01-20,CUS-022,MAT-046,CAR-007,RTE-008,70,448.00,Delivered,
SHP-002138,2025-09-14,2025-09-15,2025-09-15,CUS-042,MAT-070,CAR-001,RTE-017,39,655.20,Delivered,
SHP-002139,2026-04-03,2026-04-06,,CUS-036,MAT-068,CAR-006,RTE-002,24,364.80,Cancelled,
SHP-002140,2025-01-20,2025-01-23,2025-01-27,CUS-021,MAT-033,CAR-009,RTE-028,613,18.39,Delayed,Kapazität
SHP-002141,2026-08-24,2026-09-22,,CUS-049,MAT-060,CAR-013,RTE-036,59,1085.60,In Transit,
SHP-002142,2025-02-13,2025-02-17,2025-02-17,CUS-036,MAT-065,CAR-013,RTE-031,81,2268.00,Delivered,
SHP-002143,2025-12-06,2025-12-08,2025-12-08,CUS-003,MAT-004,CAR-010,RTE-027,52,161.20,Delivered,
SHP-002144,2025-02-08,2025-02-11,2025-02-11,CUS-036,MAT-069,CAR-010,RTE-025,12,264.00,Delivered,
SHP-002145,2026-05-04,2026-05-05,2026-05-05,CUS-022,MAT-033,CAR-001,RTE-021,327,9.81,Delivered,
SHP-002146,2026-08-20,2026-08-22,,CUS-003,MAT-019,CAR-008,RTE-015,224,62.72,Cancelled,
SHP-002147,2025-08-19,2025-08-22,2025-08-21,CUS-018,MAT-023,CAR-014,RTE-037,474,71.10,Delivered,
SHP-002148,2026-08-19,2026-08-20,2026-08-25,CUS-031,MAT-043,CAR-004,RTE-020,309,262.65,Delayed,Zoll
SHP-002149,2026-04-16,2026-04-17,2026-04-17,CUS-031,MAT-050,CAR-005,RTE-012,231,64.68,Delivered,
SHP-002150,2025-12-12,2026-01-08,2026-01-08,CUS-005,MAT-013,CAR-012,RTE-032,112,571.20,Delivered,
SHP-002151,2026-04-30,2026-05-14,2026-05-21,CUS-034,MAT-061,CAR-013,RTE-034,15,630.00,Delayed,Wetter
SHP-002152,2025-09-17,2025-09-20,2025-09-20,CUS-022,MAT-053,CAR-004,RTE-007,442,229.84,Delivered,
SHP-002153,2026-01-04,2026-01-05,2026-01-05,CUS-031,MAT-054,CAR-014,RTE-037,437,43.70,Delivered,
SHP-002154,2026-05-30,2026-06-01,,CUS-017,MAT-035,CAR-008,RTE-011,646,355.30,Cancelled,
SHP-002155,2025-01-24,2025-01-27,2025-01-27,CUS-043,MAT-070,CAR-011,RTE-035,43,722.40,Delivered,
SHP-002156,2025-04-09,2025-04-14,2025-04-16,CUS-040,MAT-076,CAR-010,RTE-024,56,2128.00,Delivered,Zoll
SHP-002157,2026-02-14,2026-02-17,2026-02-17,CUS-033,MAT-068,CAR-009,RTE-023,6,91.20,Delivered,
SHP-002158,2025-10-26,2025-10-28,2025-10-28,CUS-036,MAT-073,CAR-009,RTE-030,8,760.00,Delivered,
SHP-002159,2025-11-22,2025-11-24,2025-11-24,CUS-001,MAT-005,CAR-001,RTE-001,17,91.80,Delivered,
SHP-002160,2026-06-08,2026-06-10,2026-06-10,CUS-001,MAT-020,CAR-002,RTE-006,162,1441.80,Delivered,
SHP-002161,2025-01-17,2025-01-20,2025-01-24,CUS-021,MAT-037,CAR-010,RTE-030,439,79.02,Delayed,Wetter
SHP-002162,2026-05-06,2026-05-07,2026-05-07,CUS-007,MAT-019,CAR-004,RTE-008,81,22.68,Delivered,
SHP-002163,2026-02-21,2026-03-26,2026-03-26,CUS-045,MAT-079,CAR-012,RTE-033,3,630.00,Delivered,
SHP-002164,2025-06-21,2025-06-23,2025-06-23,CUS-014,MAT-036,CAR-015,RTE-039,488,185.44,Delivered,
SHP-002165,2026-06-21,2026-06-23,2026-06-23,CUS-034,MAT-076,CAR-009,RTE-029,40,1520.00,Delivered,
SHP-002166,2026-06-10,2026-06-13,2026-06-13,CUS-043,MAT-070,CAR-010,RTE-029,33,554.40,Delivered,
SHP-002167,2026-07-19,2026-07-20,2026-07-20,CUS-016,MAT-035,CAR-004,RTE-017,635,349.25,Delivered,
SHP-002168,2026-06-19,2026-06-22,2026-06-21,CUS-040,MAT-065,CAR-009,RTE-027,82,2296.00,Delivered,
SHP-002169,2026-03-26,2026-03-28,2026-03-28,CUS-001,MAT-010,CAR-003,RTE-002,52,962.00,Delivered,
SHP-002170,2025-12-27,2025-12-29,2025-12-29,CUS-042,MAT-009,CAR-006,RTE-020,127,241.30,Delivered,
SHP-002171,2026-08-13,2026-08-14,2026-08-18,CUS-007,MAT-011,CAR-006,RTE-012,69,496.80,Delayed,Zoll
SHP-002172,2026-02-05,2026-02-07,,CUS-029,MAT-048,CAR-006,RTE-005,199,358.20,Cancelled,
SHP-002173,2025-04-09,2025-04-10,2025-04-10,CUS-009,MAT-010,CAR-007,RTE-008,160,2960.00,Delivered,
SHP-002174,2026-05-08,2026-05-11,2026-05-11,CUS-012,MAT-016,CAR-009,RTE-028,36,342.00,Delivered,
SHP-002175,2025-04-16,2025-04-18,2025-04-19,CUS-015,MAT-033,CAR-007,RTE-015,1423,42.69,Delivered,Kapazität
SHP-002176,2026-02-28,2026-03-03,2026-03-08,CUS-036,MAT-074,CAR-004,RTE-007,43,36.55,Delayed,Zoll
SHP-002177,2025-02-28,2025-03-01,2025-03-01,CUS-050,MAT-079,CAR-003,RTE-008,3,630.00,Delivered,
SHP-002178,2025-05-10,2025-05-23,2025-05-23,CUS-011,MAT-002,CAR-011,RTE-034,114,706.80,Delivered,
SHP-002179,2025-10-03,2025-10-06,2025-10-06,CUS-005,MAT-003,CAR-009,RTE-030,202,969.60,Delivered,
SHP-002180,2025-04-23,2025-04-24,2025-04-24,CUS-022,MAT-053,CAR-004,RTE-021,342,177.84,Delivered,
SHP-002181,2026-01-14,2026-01-16,2026-01-16,CUS-031,MAT-037,CAR-010,RTE-026,247,44.46,Delivered,
SHP-002182,2025-03-31,2025-04-04,2025-04-04,CUS-001,MAT-020,CAR-010,RTE-025,120,1068.00,Delivered,
SHP-002183,2025-12-05,2025-12-08,2025-12-07,CUS-049,MAT-066,CAR-013,RTE-035,45,292.50,Delivered,
SHP-002184,2025-08-29,2025-08-30,2025-08-30,CUS-015,MAT-025,CAR-003,RTE-008,336,352.80,Delivered,
SHP-002185,2025-05-09,2025-05-12,2025-05-12,CUS-013,MAT-032,CAR-014,RTE-040,170,8.50,Delivered,
SHP-002186,2025-05-21,2025-05-26,2025-05-26,CUS-038,MAT-065,CAR-013,RTE-035,37,1036.00,Delivered,
SHP-002187,2026-01-06,2026-01-10,2026-01-12,CUS-041,MAT-080,CAR-010,RTE-025,21,264.60,Delivered,Wetter
SHP-002188,2026-07-07,2026-07-13,2026-07-15,CUS-036,MAT-080,CAR-011,RTE-035,14,176.40,Delivered,Wetter
SHP-002189,2025-11-11,2025-11-13,2025-11-13,CUS-043,MAT-078,CAR-006,RTE-002,5,925.00,Delivered,
SHP-002190,2025-11-08,2025-11-10,2025-11-10,CUS-029,MAT-035,CAR-004,RTE-015,775,426.25,Delivered,
SHP-002191,2026-03-30,2026-04-28,2026-04-28,CUS-001,MAT-012,CAR-012,RTE-036,229,1557.20,Delivered,
SHP-002192,2026-05-14,2026-05-15,2026-05-15,CUS-001,MAT-001,CAR-003,RTE-021,151,1283.50,Delivered,
SHP-002193,2025-11-19,2025-12-20,2025-12-19,CUS-038,MAT-070,CAR-012,RTE-032,56,940.80,Delivered,
SHP-002194,2026-03-02,2026-03-03,2026-03-03,CUS-001,MAT-007,CAR-006,RTE-022,168,470.40,Delivered,
SHP-002195,2026-02-22,2026-02-23,2026-02-23,CUS-041,MAT-062,CAR-007,RTE-008,6,510.00,Delivered,
SHP-002196,2025-01-03,2025-01-04,2025-01-04,CUS-013,MAT-022,CAR-002,RTE-010,1136,79.52,Delivered,
SHP-002197,2026-02-26,2026-03-02,2026-03-02,CUS-008,MAT-007,CAR-010,RTE-024,193,540.40,Delivered,
SHP-002198,2026-04-05,2026-04-07,2026-04-07,CUS-001,MAT-003,CAR-010,RTE-030,127,609.60,Delivered,
SHP-002199,2025-06-23,2025-06-24,2025-06-24,CUS-025,MAT-038,CAR-001,RTE-012,75,46.50,Delivered,
SHP-002200,2026-02-25,2026-02-26,2026-03-01,CUS-023,MAT-045,CAR-007,RTE-001,188,22.56,Delayed,Wetter
SHP-002201,2025-07-22,2025-07-25,2025-07-25,CUS-004,MAT-019,CAR-010,RTE-027,101,28.28,Delivered,
SHP-002202,2025-02-28,2025-03-03,2025-03-03,CUS-017,MAT-024,CAR-009,RTE-030,953,114.36,Delivered,
SHP-002203,2025-09-19,2025-10-15,2025-10-15,CUS-035,MAT-063,CAR-012,RTE-032,57,6.84,Delivered,
SHP-002204,2025-05-16,2025-05-19,2025-05-18,CUS-028,MAT-048,CAR-004,RTE-007,268,482.40,Delivered,
SHP-002205,2026-08-09,2026-09-07,2026-09-07,CUS-037,MAT-079,CAR-013,RTE-033,3,630.00,Delivered,
SHP-002206,2026-05-13,2026-05-14,2026-05-14,CUS-022,MAT-037,CAR-001,RTE-022,422,75.96,Delivered,
SHP-002207,2025-12-06,2025-12-08,2025-12-08,CUS-005,MAT-017,CAR-003,RTE-020,61,21.35,Delivered,
SHP-002208,2026-07-07,2026-07-09,2026-07-09,CUS-043,MAT-071,CAR-010,RTE-029,33,825.00,Delivered,
SHP-002209,2025-06-05,2025-06-06,2025-06-09,CUS-001,MAT-008,CAR-008,RTE-020,66,237.60,Delayed,Zoll
SHP-002210,2026-07-25,2026-07-27,2026-07-26,CUS-038,MAT-078,CAR-002,RTE-021,11,2035.00,Delivered,
SHP-002211,2025-04-30,2025-05-03,2025-05-02,CUS-014,MAT-025,CAR-010,RTE-024,615,645.75,Delivered,
SHP-002212,2026-06-06,2026-06-08,2026-06-08,CUS-027,MAT-055,CAR-005,RTE-013,195,1813.50,Delivered,
SHP-002213,2026-01-04,2026-01-23,2026-01-23,CUS-043,MAT-067,CAR-013,RTE-034,2,110.00,Delivered,
SHP-002214,2025-08-23,2025-08-25,2025-08-25,CUS-025,MAT-054,CAR-010,RTE-028,307,30.70,Delivered,
SHP-002215,2026-06-16,2026-06-17,2026-06-19,CUS-045,MAT-016,CAR-007,RTE-022,112,1064.00,Delivered,Zoll
SHP-002216,2026-04-08,2026-04-11,2026-04-11,CUS-008,MAT-012,CAR-010,RTE-030,34,231.20,Delivered,
SHP-002217,2026-03-08,2026-03-11,2026-03-11,CUS-025,MAT-039,CAR-004,RTE-007,355,276.90,Delivered,
SHP-002218,2025-01-12,2025-01-14,2025-01-14,CUS-050,MAT-060,CAR-005,RTE-007,60,1104.00,Delivered,
SHP-002219,2026-07-17,2026-08-22,2026-08-22,CUS-036,MAT-066,CAR-011,RTE-036,36,234.00,Delivered,
SHP-002220,2026-02-26,2026-03-05,2026-03-05,CUS-015,MAT-010,CAR-011,RTE-031,99,1831.50,Delivered,
SHP-002221,2026-07-15,2026-08-17,2026-08-23,CUS-026,MAT-050,CAR-013,RTE-032,412,115.36,Delayed,Kapazität
SHP-002222,2026-05-15,2026-06-09,2026-06-09,CUS-011,MAT-005,CAR-011,RTE-033,221,1193.40,Delivered,
SHP-002223,2026-07-08,2026-07-21,2026-07-22,CUS-044,MAT-045,CAR-013,RTE-034,443,53.16,Delivered,Wetter
SHP-002224,2025-03-13,2025-03-14,2025-03-14,CUS-006,MAT-008,CAR-003,RTE-009,193,694.80,Delivered,
SHP-002225,2026-05-10,2026-05-14,2026-05-14,CUS-016,MAT-022,CAR-010,RTE-023,1107,77.49,Delivered,
SHP-002226,2025-04-07,2025-04-09,2025-04-09,CUS-002,MAT-010,CAR-004,RTE-019,194,3589.00,Delivered,
SHP-002227,2026-07-31,2026-08-03,2026-08-05,CUS-043,MAT-073,CAR-003,RTE-007,14,1330.00,Delivered,Sonstiges
SHP-002228,2025-03-28,2025-03-29,2025-03-29,CUS-050,MAT-072,CAR-006,RTE-016,34,15.30,Delivered,
SHP-002229,2026-01-25,2026-01-27,2026-01-27,CUS-009,MAT-006,CAR-009,RTE-027,215,258.00,Delivered,
SHP-002230,2025-12-13,2025-12-15,2025-12-15,CUS-009,MAT-011,CAR-001,RTE-001,210,1512.00,Delivered,
SHP-002231,2026-03-10,2026-03-11,,CUS-050,MAT-067,CAR-001,RTE-022,12,660.00,Cancelled,
SHP-002232,2026-04-03,2026-04-06,2026-04-06,CUS-030,MAT-048,CAR-001,RTE-003,360,648.00,Delivered,
SHP-002233,2026-01-27,2026-01-28,2026-01-27,CUS-001,MAT-010,CAR-003,RTE-016,188,3478.00,Delivered,
SHP-002234,2026-01-29,2026-02-02,2026-02-09,CUS-016,MAT-030,CAR-015,RTE-037,406,36.54,Delayed,Kapazität
SHP-002235,2026-04-11,2026-04-13,2026-04-13,CUS-003,MAT-011,CAR-002,RTE-020,52,374.40,Delivered,
SHP-002236,2025-06-09,2025-06-13,2025-06-18,CUS-020,MAT-034,CAR-010,RTE-025,231,4.62,Delayed,Wetter
SHP-002237,2026-04-30,2026-05-01,2026-05-01,CUS-040,MAT-080,CAR-007,RTE-020,22,277.20,Delivered,
SHP-002238,2025-05-13,2025-05-16,2025-05-16,CUS-001,MAT-006,CAR-002,RTE-007,180,216.00,Delivered,
SHP-002239,2026-01-22,2026-01-26,2026-01-26,CUS-014,MAT-024,CAR-014,RTE-040,116,13.92,Delivered,
SHP-002240,2025-12-19,2025-12-20,2025-12-21,CUS-015,MAT-026,CAR-008,RTE-020,82,3.28,Delivered,Kapazität
SHP-002241,2026-08-24,2026-08-25,2026-08-25,CUS-029,MAT-054,CAR-007,RTE-017,163,16.30,Delivered,
SHP-002242,2025-10-02,2025-10-07,2025-10-11,CUS-043,MAT-072,CAR-013,RTE-035,32,14.40,Delayed,Sonstiges
SHP-002243,2026-04-18,2026-04-21,2026-04-21,CUS-016,MAT-024,CAR-014,RTE-038,736,88.32,Delivered,
SHP-002244,2025-11-27,2025-12-01,2025-12-01,CUS-011,MAT-010,CAR-010,RTE-029,118,2183.00,Delivered,
SHP-002245,2026-06-15,2026-06-16,2026-06-16,CUS-023,MAT-040,CAR-001,RTE-021,323,371.45,Delivered,
SHP-002246,2025-09-14,2025-09-16,2025-09-16,CUS-046,MAT-017,CAR-001,RTE-015,115,40.25,Delivered,
SHP-002247,2026-02-20,2026-02-23,2026-02-23,CUS-004,MAT-014,CAR-014,RTE-037,152,1884.80,Delivered,
SHP-002248,2025-08-06,2025-08-09,2025-08-14,CUS-036,MAT-070,CAR-010,RTE-029,47,789.60,Delayed,Zoll
SHP-002249,2026-05-24,2026-05-26,2026-05-26,CUS-021,MAT-044,CAR-001,RTE-010,485,38.80,Delivered,
SHP-002250,2025-03-31,2025-04-01,2025-04-08,CUS-003,MAT-018,CAR-007,RTE-011,224,94.08,Delayed,Kapazität
SHP-002251,2026-06-21,2026-06-23,2026-06-26,CUS-013,MAT-036,CAR-006,RTE-006,1093,415.34,Delayed,Zoll
SHP-002252,2026-06-17,2026-06-19,2026-06-19,CUS-026,MAT-044,CAR-007,RTE-014,221,17.68,Delivered,
SHP-002253,2025-08-10,2025-08-12,2025-08-12,CUS-036,MAT-005,CAR-003,RTE-019,174,939.60,Delivered,
SHP-002254,2025-11-02,2025-11-03,2025-11-07,CUS-026,MAT-052,CAR-003,RTE-017,222,355.20,Delayed,Sonstiges
SHP-002255,2025-11-22,2025-11-24,2025-11-24,CUS-011,MAT-010,CAR-002,RTE-020,104,1924.00,Delivered,
SHP-002256,2025-10-02,2025-10-03,2025-10-03,CUS-027,MAT-041,CAR-004,RTE-012,389,369.55,Delivered,
SHP-002257,2026-06-28,2026-06-29,2026-06-29,CUS-011,MAT-015,CAR-004,RTE-012,180,2124.00,Delivered,
SHP-002258,2026-01-18,2026-01-20,2026-01-20,CUS-021,MAT-038,CAR-008,RTE-018,159,98.58,Delivered,
SHP-002259,2026-03-21,2026-03-23,2026-03-30,CUS-031,MAT-057,CAR-007,RTE-010,324,1555.20,Delayed,Kapazität
SHP-002260,2025-10-28,2025-10-31,2025-10-31,CUS-014,MAT-021,CAR-014,RTE-038,1013,81.04,Delivered,
SHP-002261,2025-08-20,2025-08-22,2025-08-22,CUS-050,MAT-073,CAR-005,RTE-010,3,285.00,Delivered,
SHP-002262,2025-02-06,2025-02-10,2025-02-10,CUS-034,MAT-078,CAR-010,RTE-023,2,370.00,Delivered,
SHP-002263,2026-08-21,2026-08-24,2026-08-24,CUS-026,MAT-046,CAR-002,RTE-011,359,2297.60,Delivered,
SHP-002264,2026-02-02,2026-02-05,,CUS-009,MAT-005,CAR-015,RTE-040,203,1096.20,Cancelled,
SHP-002265,2025-02-22,2025-02-26,2025-02-26,CUS-050,MAT-059,CAR-013,RTE-035,3,3750.00,Delivered,
SHP-002266,2026-05-29,2026-05-30,2026-05-30,CUS-022,MAT-078,CAR-006,RTE-019,3,555.00,Delivered,
SHP-002267,2025-07-24,2025-07-26,2025-07-26,CUS-011,MAT-009,CAR-003,RTE-003,116,220.40,Delivered,
SHP-002268,2025-09-26,2025-09-29,2025-09-29,CUS-021,MAT-037,CAR-006,RTE-015,357,64.26,Delivered,
SHP-002269,2026-08-18,2026-08-21,2026-08-21,CUS-008,MAT-012,CAR-009,RTE-028,12,81.60,Delivered,
SHP-002270,2025-05-10,2025-05-12,2025-05-16,CUS-008,MAT-008,CAR-005,RTE-006,240,864.00,Delayed,Wetter
SHP-002271,2025-02-11,2025-02-12,2025-02-12,CUS-035,MAT-072,CAR-001,RTE-005,33,14.85,Delivered,
SHP-002272,2025-06-21,2025-06-23,2025-06-27,CUS-016,MAT-028,CAR-007,RTE-019,1556,1011.40,Delayed,Zoll
SHP-002273,2026-04-09,2026-04-10,2026-04-16,CUS-043,MAT-029,CAR-008,RTE-001,380,68.40,Delayed,Kapazität
SHP-002274,2026-06-13,2026-06-15,2026-06-15,CUS-012,MAT-003,CAR-006,RTE-022,87,417.60,Delivered,
SHP-002275,2025-04-11,2025-04-12,2025-04-12,CUS-005,MAT-032,CAR-002,RTE-022,805,40.25,Delivered,
SHP-002276,2026-04-26,2026-04-27,2026-04-27,CUS-040,MAT-061,CAR-008,RTE-020,6,252.00,Delivered,
SHP-002277,2026-03-01,2026-03-02,2026-03-02,CUS-017,MAT-022,CAR-015,RTE-039,389,27.23,Delivered,
SHP-002278,2025-05-04,2025-05-05,2025-05-10,CUS-019,MAT-024,CAR-006,RTE-012,460,55.20,Delayed,Wetter
SHP-002279,2026-08-26,2026-09-02,2026-09-02,CUS-039,MAT-076,CAR-013,RTE-031,14,532.00,Delivered,
SHP-002280,2026-01-20,2026-01-22,2026-01-22,CUS-006,MAT-006,CAR-001,RTE-006,155,186.00,Delivered,
SHP-002281,2025-11-01,2025-11-03,2025-11-04,CUS-043,MAT-062,CAR-003,RTE-017,10,850.00,Delivered,Kapazität
SHP-002282,2025-08-02,2025-08-04,2025-08-03,CUS-010,MAT-070,CAR-008,RTE-002,30,504.00,Delivered,
SHP-002283,2026-04-06,2026-04-11,2026-04-11,CUS-022,MAT-062,CAR-013,RTE-035,18,1530.00,Delivered,
SHP-002284,2026-06-28,2026-06-29,2026-06-29,CUS-021,MAT-050,CAR-003,RTE-010,424,118.72,Delivered,
SHP-002285,2025-04-18,2025-04-24,2025-04-24,CUS-005,MAT-020,CAR-011,RTE-035,86,765.40,Delivered,
SHP-002286,2025-03-10,2025-03-11,2025-03-11,CUS-041,MAT-013,CAR-015,RTE-040,237,1208.70,Delivered,
SHP-002287,2025-04-11,2025-04-14,2025-04-14,CUS-027,MAT-058,CAR-003,RTE-004,497,273.35,Delivered,
SHP-002288,2025-12-28,2025-12-30,2025-12-30,CUS-026,MAT-049,CAR-007,RTE-013,512,230.40,Delivered,
SHP-002289,2025-06-07,2025-06-09,2025-06-09,CUS-025,MAT-039,CAR-003,RTE-001,433,337.74,Delivered,
SHP-002290,2025-05-19,2025-05-21,2025-05-21,CUS-018,MAT-025,CAR-009,RTE-030,102,107.10,Delivered,
SHP-002291,2025-05-13,2025-05-15,2025-05-15,CUS-043,MAT-078,CAR-002,RTE-005,4,740.00,Delivered,
SHP-002292,2026-05-11,2026-05-12,2026-05-12,CUS-009,MAT-002,CAR-007,RTE-017,188,1165.60,Delivered,
SHP-002293,2026-07-25,2026-07-27,,CUS-021,MAT-038,CAR-002,RTE-001,158,97.96,Cancelled,
SHP-002294,2026-01-19,2026-01-21,2026-01-27,CUS-040,MAT-074,CAR-006,RTE-013,11,9.35,Delayed,Kapazität
SHP-002295,2025-06-25,2025-06-26,2025-06-26,CUS-026,MAT-053,CAR-008,RTE-013,72,37.44,Delivered,
SHP-002296,2025-11-23,2025-11-24,2025-11-24,CUS-022,MAT-053,CAR-004,RTE-017,474,246.48,Delivered,
SHP-002297,2025-02-10,2025-02-12,2025-02-14,CUS-050,MAT-066,CAR-005,RTE-013,22,143.00,Delivered,Zoll
SHP-002298,2025-11-07,2025-11-11,2025-11-12,CUS-050,MAT-065,CAR-010,RTE-023,63,1764.00,Delivered,Kapazität
SHP-002299,2025-11-30,2025-12-03,2025-12-06,CUS-011,MAT-040,CAR-010,RTE-027,397,456.55,Delayed,Kapazität
SHP-002300,2026-08-06,2026-08-07,2026-08-07,CUS-016,MAT-024,CAR-006,RTE-019,670,80.40,Delivered,
SHP-002301,2025-12-25,2025-12-26,2025-12-26,CUS-045,MAT-072,CAR-001,RTE-021,34,15.30,Delivered,
SHP-002302,2025-12-04,2025-12-22,2025-12-22,CUS-041,MAT-075,CAR-013,RTE-034,48,15.36,Delivered,
SHP-002303,2025-04-26,2025-04-29,2025-04-29,CUS-008,MAT-018,CAR-010,RTE-025,202,84.84,Delivered,
SHP-002304,2026-03-03,2026-03-05,2026-03-05,CUS-020,MAT-075,CAR-006,RTE-018,68,21.76,Delivered,
SHP-002305,2025-07-01,2025-07-04,2025-07-04,CUS-031,MAT-047,CAR-009,RTE-026,318,429.30,Delivered,
SHP-002306,2025-08-16,2025-08-18,2025-08-18,CUS-004,MAT-007,CAR-003,RTE-016,92,257.60,Delivered,
SHP-002307,2025-02-18,2025-02-21,2025-02-21,CUS-031,MAT-051,CAR-015,RTE-037,173,536.30,Delivered,
SHP-002308,2026-05-04,2026-06-06,2026-06-06,CUS-048,MAT-069,CAR-012,RTE-036,69,1518.00,Delivered,
SHP-002309,2026-06-28,2026-06-29,2026-06-29,CUS-021,MAT-039,CAR-004,RTE-021,230,179.40,Delivered,
SHP-002310,2025-11-20,2025-11-22,2025-11-22,CUS-036,MAT-060,CAR-009,RTE-026,13,239.20,Delivered,
SHP-002311,2025-05-01,2025-05-02,2025-05-02,CUS-001,MAT-011,CAR-005,RTE-021,45,324.00,Delivered,
SHP-002312,2025-12-19,2025-12-22,2025-12-27,CUS-038,MAT-080,CAR-009,RTE-030,61,768.60,Delayed,Wetter
SHP-002313,2025-02-23,2025-02-25,2025-02-25,CUS-050,MAT-065,CAR-004,RTE-010,34,952.00,Delivered,
SHP-002314,2025-07-03,2025-07-04,2025-07-04,CUS-027,MAT-052,CAR-003,RTE-012,200,320.00,Delivered,
SHP-002315,2025-04-09,2025-04-23,2025-04-23,CUS-031,MAT-045,CAR-012,RTE-034,48,5.76,Delivered,
SHP-002316,2025-04-19,2025-04-23,2025-04-23,CUS-036,MAT-078,CAR-010,RTE-024,14,2590.00,Delivered,
SHP-002317,2026-08-02,2026-08-04,2026-08-04,CUS-041,MAT-060,CAR-007,RTE-003,89,1637.60,Delivered,
SHP-002318,2026-07-13,2026-07-20,2026-07-24,CUS-001,MAT-011,CAR-011,RTE-035,54,388.80,Delayed,Kapazität
SHP-002319,2026-01-20,2026-01-21,2026-01-21,CUS-024,MAT-046,CAR-004,RTE-001,449,2873.60,Delivered,
SHP-002320,2025-09-03,2025-09-06,2025-09-06,CUS-046,MAT-062,CAR-009,RTE-024,5,425.00,Delivered,
SHP-002321,2026-07-15,2026-07-16,2026-07-16,CUS-041,MAT-064,CAR-001,RTE-022,75,285.00,Delivered,
SHP-002322,2025-10-09,2025-10-11,2025-10-11,CUS-026,MAT-058,CAR-004,RTE-009,423,232.65,Delivered,
SHP-002323,2026-05-30,2026-06-26,2026-06-25,CUS-019,MAT-029,CAR-011,RTE-036,924,166.32,Delivered,
SHP-002324,2026-01-05,2026-02-10,2026-02-14,CUS-043,MAT-064,CAR-011,RTE-036,84,319.20,Delayed,Wetter
SHP-002325,2026-08-27,2026-08-29,2026-08-29,CUS-015,MAT-027,CAR-004,RTE-015,137,30.14,Delivered,
SHP-002326,2025-02-23,2025-02-25,2025-02-25,CUS-023,MAT-046,CAR-002,RTE-009,158,1011.20,Delivered,
SHP-002327,2025-08-15,2025-08-18,2025-08-18,CUS-049,MAT-075,CAR-001,RTE-009,87,27.84,Delivered,
SHP-002328,2026-06-13,2026-06-16,2026-06-22,CUS-044,MAT-065,CAR-009,RTE-028,53,1484.00,Delayed,Kapazität
SHP-002329,2025-11-10,2025-11-11,2025-11-11,CUS-029,MAT-048,CAR-003,RTE-020,74,133.20,Delivered,
SHP-002330,2025-09-25,2025-09-29,2025-09-29,CUS-046,MAT-067,CAR-010,RTE-024,7,385.00,Delivered,
SHP-002331,2026-08-29,2026-08-31,2026-08-31,CUS-015,MAT-015,CAR-007,RTE-013,170,2006.00,Delivered,
SHP-002332,2026-03-22,2026-03-25,2026-03-25,CUS-035,MAT-066,CAR-015,RTE-037,49,318.50,Delivered,
SHP-002333,2026-01-20,2026-01-22,,CUS-048,MAT-071,CAR-001,RTE-015,18,450.00,Cancelled,
SHP-002334,2025-10-12,2025-10-13,2025-10-13,CUS-023,MAT-037,CAR-006,RTE-002,505,90.90,Delivered,
SHP-002335,2025-07-28,2025-07-30,2025-07-29,CUS-029,MAT-050,CAR-008,RTE-006,74,20.72,Delivered,
SHP-002336,2026-02-28,2026-03-03,2026-03-03,CUS-041,MAT-066,CAR-009,RTE-029,31,201.50,Delivered,
SHP-002337,2025-10-21,2025-10-24,2025-10-23,CUS-044,MAT-075,CAR-009,RTE-023,74,23.68,Delivered,
SHP-002338,2025-05-12,2025-05-16,2025-05-16,CUS-011,MAT-004,CAR-009,RTE-023,227,703.70,Delivered,
SHP-002339,2026-04-24,2026-05-27,2026-05-26,CUS-031,MAT-058,CAR-012,RTE-033,235,129.25,Delivered,
SHP-002340,2025-02-09,2025-02-10,2025-02-10,CUS-036,MAT-059,CAR-001,RTE-022,6,7500.00,Delivered,
SHP-002341,2026-08-16,2026-08-17,2026-08-17,CUS-022,MAT-041,CAR-004,RTE-001,116,110.20,Delivered,
SHP-002342,2025-11-21,2025-11-28,2025-11-27,CUS-037,MAT-067,CAR-011,RTE-031,13,715.00,Delivered,
SHP-002343,2026-01-30,2026-02-02,2026-02-01,CUS-006,MAT-007,CAR-009,RTE-025,90,252.00,Delivered,
SHP-002344,2026-05-16,2026-05-18,2026-05-18,CUS-006,MAT-018,CAR-007,RTE-005,108,45.36,Delivered,
SHP-002345,2026-03-06,2026-03-09,2026-03-09,CUS-014,MAT-033,CAR-014,RTE-038,613,18.39,Delivered,
SHP-002346,2025-05-27,2025-07-04,2025-07-04,CUS-041,MAT-080,CAR-012,RTE-036,63,793.80,Delivered,
SHP-002347,2026-05-31,2026-06-02,2026-06-02,CUS-008,MAT-018,CAR-002,RTE-019,117,49.14,Delivered,
SHP-002348,2025-01-23,2025-01-24,2025-01-24,CUS-046,MAT-061,CAR-001,RTE-022,9,378.00,Delivered,
SHP-002349,2026-07-12,2026-07-13,,CUS-015,MAT-004,CAR-004,RTE-006,58,179.80,Cancelled,
SHP-002350,2025-12-30,2025-12-31,2025-12-31,CUS-024,MAT-046,CAR-001,RTE-016,362,2316.80,Delivered,
SHP-002351,2025-10-01,2025-10-03,2025-10-03,CUS-013,MAT-025,CAR-014,RTE-039,1451,1523.55,Delivered,
SHP-002352,2025-02-08,2025-02-10,2025-02-10,CUS-005,MAT-010,CAR-003,RTE-017,34,629.00,Delivered,
SHP-002353,2026-05-07,2026-05-09,2026-05-09,CUS-012,MAT-006,CAR-005,RTE-010,165,198.00,Delivered,
SHP-002354,2026-07-12,2026-07-15,2026-07-15,CUS-004,MAT-080,CAR-009,RTE-023,78,982.80,Delivered,
SHP-002355,2025-03-30,2025-04-01,2025-03-31,CUS-012,MAT-004,CAR-010,RTE-030,196,607.60,Delivered,
SHP-002356,2025-05-03,2025-05-05,2025-05-05,CUS-021,MAT-055,CAR-004,RTE-001,496,4612.80,Delivered,
SHP-002357,2025-04-10,2025-04-23,2025-04-22,CUS-021,MAT-047,CAR-013,RTE-034,240,324.00,Delivered,
SHP-002358,2026-07-21,2026-07-24,2026-07-24,CUS-036,MAT-067,CAR-010,RTE-025,7,385.00,Delivered,
SHP-002359,2025-08-27,2025-08-30,2025-08-30,CUS-026,MAT-058,CAR-009,RTE-024,477,262.35,Delivered,
SHP-002360,2026-06-22,2026-06-25,2026-06-25,CUS-017,MAT-027,CAR-014,RTE-039,206,45.32,Delivered,
SHP-002361,2026-08-03,2026-08-05,2026-08-05,CUS-008,MAT-007,CAR-003,RTE-011,188,526.40,Delivered,
SHP-002362,2025-11-09,2025-11-10,2025-11-10,CUS-017,MAT-035,CAR-001,RTE-016,433,238.15,Delivered,
SHP-002363,2025-03-10,2025-03-12,2025-03-12,CUS-002,MAT-003,CAR-001,RTE-013,72,345.60,Delivered,
SHP-002364,2026-04-15,2026-04-17,2026-04-17,CUS-028,MAT-044,CAR-002,RTE-018,415,33.20,Delivered,
SHP-002365,2026-02-16,2026-02-18,2026-02-18,CUS-022,MAT-029,CAR-008,RTE-011,1242,223.56,Delivered,
SHP-002366,2025-06-04,2025-07-02,2025-07-02,CUS-043,MAT-079,CAR-011,RTE-032,5,1050.00,Delivered,
SHP-002367,2025-08-14,2025-09-19,2025-09-21,CUS-022,MAT-052,CAR-013,RTE-033,24,38.40,Delivered,Zoll
SHP-002368,2025-12-12,2025-12-15,,CUS-029,MAT-051,CAR-007,RTE-007,222,688.20,Cancelled,
SHP-002369,2026-01-05,2026-01-06,2026-01-06,CUS-017,MAT-036,CAR-007,RTE-020,1227,466.26,Delivered,
SHP-002370,2025-07-24,2025-07-26,2025-07-26,CUS-043,MAT-060,CAR-004,RTE-019,52,956.80,Delivered,
SHP-002371,2025-05-25,2025-05-27,2025-05-26,CUS-023,MAT-051,CAR-006,RTE-013,196,607.60,Delivered,
SHP-002372,2025-08-19,2025-08-21,2025-08-21,CUS-011,MAT-067,CAR-015,RTE-040,1,55.00,Delivered,
SHP-002373,2025-11-29,2025-12-01,2025-12-05,CUS-030,MAT-057,CAR-001,RTE-014,424,2035.20,Delayed,Kapazität
SHP-002374,2026-02-15,2026-02-18,2026-02-18,CUS-045,MAT-073,CAR-009,RTE-030,5,475.00,Delivered,
SHP-002375,2025-10-11,2025-10-13,2025-10-13,CUS-044,MAT-073,CAR-001,RTE-003,12,1140.00,Delivered,
SHP-002376,2025-07-12,2025-07-14,2025-07-14,CUS-009,MAT-014,CAR-008,RTE-021,67,830.80,Delivered,
SHP-002377,2025-01-19,2025-02-18,2025-02-18,CUS-041,MAT-077,CAR-011,RTE-033,9,4.32,Delivered,
SHP-002378,2025-08-16,2025-08-20,2025-08-20,CUS-050,MAT-066,CAR-012,RTE-031,30,195.00,Delivered,
SHP-002379,2026-03-23,2026-03-24,2026-03-24,CUS-040,MAT-061,CAR-002,RTE-011,2,84.00,Delivered,
SHP-002380,2025-08-14,2025-08-15,2025-08-15,CUS-027,MAT-047,CAR-007,RTE-016,83,112.05,Delivered,
SHP-002381,2025-12-05,2025-12-06,2025-12-06,CUS-026,MAT-012,CAR-008,RTE-010,90,612.00,Delivered,
SHP-002382,2026-08-14,2026-08-17,2026-08-17,CUS-015,MAT-031,CAR-015,RTE-040,1167,245.07,Delivered,
SHP-002383,2025-06-18,2025-06-21,2025-06-21,CUS-001,MAT-008,CAR-009,RTE-025,131,471.60,Delivered,
SHP-002384,2026-04-26,2026-04-29,2026-04-29,CUS-036,MAT-071,CAR-015,RTE-038,22,550.00,Delivered,
SHP-002385,2025-04-21,2025-04-23,2025-04-23,CUS-025,MAT-053,CAR-002,RTE-003,314,163.28,Delivered,
SHP-002386,2025-01-08,2025-01-09,2025-01-08,CUS-006,MAT-019,CAR-001,RTE-010,202,56.56,Delivered,
SHP-002387,2026-03-05,2026-03-06,2026-03-06,CUS-001,MAT-002,CAR-003,RTE-016,13,80.60,Delivered,
SHP-002388,2025-07-05,2025-07-07,2025-07-06,CUS-038,MAT-032,CAR-001,RTE-009,1308,65.40,Delivered,
SHP-002389,2026-04-05,2026-04-06,2026-04-06,CUS-043,MAT-072,CAR-003,RTE-015,51,22.95,Delivered,
SHP-002390,2025-12-08,2025-12-10,2025-12-10,CUS-014,MAT-022,CAR-001,RTE-013,638,44.66,Delivered,
SHP-002391,2025-06-11,2025-06-12,2025-06-11,CUS-011,MAT-012,CAR-001,RTE-016,63,428.40,Delivered,
SHP-002392,2025-04-06,2025-04-07,2025-04-07,CUS-002,MAT-047,CAR-001,RTE-020,62,83.70,Delivered,
SHP-002393,2025-03-19,2025-03-20,2025-03-20,CUS-036,MAT-073,CAR-001,RTE-012,16,1520.00,Delivered,
SHP-002394,2026-06-06,2026-06-08,2026-06-08,CUS-007,MAT-012,CAR-001,RTE-005,148,1006.40,Delivered,
SHP-002395,2026-06-08,2026-07-14,2026-07-14,CUS-036,MAT-073,CAR-012,RTE-033,16,1520.00,Delivered,
SHP-002396,2026-06-03,2026-06-10,2026-06-10,CUS-006,MAT-012,CAR-011,RTE-031,173,1176.40,Delivered,
SHP-002397,2026-06-12,2026-06-15,2026-06-15,CUS-001,MAT-011,CAR-009,RTE-030,54,388.80,Delivered,
SHP-002398,2025-12-14,2025-12-16,2025-12-16,CUS-029,MAT-041,CAR-004,RTE-003,59,56.05,Delivered,
SHP-002399,2026-05-04,2026-05-05,2026-05-05,CUS-050,MAT-073,CAR-004,RTE-021,6,570.00,Delivered,
SHP-002400,2025-04-26,2025-04-28,2025-04-28,CUS-015,MAT-031,CAR-014,RTE-040,781,164.01,Delivered,
SHP-002401,2025-04-21,2025-05-29,2025-05-29,CUS-036,MAT-075,CAR-011,RTE-036,79,25.28,Delivered,
SHP-002402,2026-08-09,2026-08-11,2026-08-10,CUS-027,MAT-025,CAR-007,RTE-019,102,107.10,Delivered,
SHP-002403,2026-06-24,2026-06-26,2026-06-26,CUS-003,MAT-016,CAR-001,RTE-014,105,997.50,Delivered,
SHP-002404,2026-01-15,2026-02-09,2026-02-09,CUS-006,MAT-005,CAR-012,RTE-032,160,864.00,Delivered,
SHP-002405,2025-03-20,2025-03-24,2025-03-24,CUS-043,MAT-062,CAR-009,RTE-025,15,1275.00,Delivered,
SHP-002406,2026-02-04,2026-02-05,2026-02-05,CUS-003,MAT-011,CAR-007,RTE-001,76,547.20,Delivered,
SHP-002407,2025-12-31,2026-01-02,2026-01-02,CUS-050,MAT-067,CAR-002,RTE-010,8,440.00,Delivered,
SHP-002408,2026-05-08,2026-05-09,2026-05-09,CUS-016,MAT-034,CAR-015,RTE-040,762,15.24,Delivered,
SHP-002409,2025-06-10,2025-06-13,2025-06-13,CUS-008,MAT-006,CAR-010,RTE-030,10,12.00,Delivered,
SHP-002410,2026-06-15,2026-06-17,2026-06-17,CUS-001,MAT-060,CAR-003,RTE-015,45,828.00,Delivered,
SHP-002411,2025-07-10,2025-07-12,2025-07-12,CUS-043,MAT-069,CAR-006,RTE-002,37,814.00,Delivered,
SHP-002412,2025-06-30,2025-07-01,2025-07-01,CUS-037,MAT-072,CAR-007,RTE-012,34,15.30,Delivered,
SHP-002413,2026-02-26,2026-02-28,2026-02-28,CUS-029,MAT-045,CAR-006,RTE-007,429,51.48,Delivered,
SHP-002414,2025-06-01,2025-06-02,2025-06-02,CUS-029,MAT-051,CAR-001,RTE-017,502,1556.20,Delivered,
SHP-002415,2025-03-15,2025-03-17,2025-03-17,CUS-046,MAT-060,CAR-003,RTE-008,25,460.00,Delivered,
SHP-002416,2025-06-14,2025-06-16,2025-06-18,CUS-032,MAT-043,CAR-002,RTE-015,46,39.10,Delivered,Wetter
SHP-002417,2025-08-24,2025-08-26,2025-08-26,CUS-042,MAT-059,CAR-003,RTE-003,4,5000.00,Delivered,
SHP-002418,2026-02-27,2026-02-28,2026-03-04,CUS-032,MAT-045,CAR-007,RTE-021,225,27.00,Delayed,Zoll
SHP-002419,2025-01-29,2025-01-30,2025-02-02,CUS-042,MAT-063,CAR-007,RTE-017,72,8.64,Delayed,Wetter
SHP-002420,2025-06-21,2025-07-28,2025-07-27,CUS-046,MAT-066,CAR-012,RTE-033,14,91.00,Delivered,
SHP-002421,2025-09-14,2025-09-15,2025-09-15,CUS-036,MAT-069,CAR-008,RTE-004,28,616.00,Delivered,
SHP-002422,2026-06-08,2026-06-10,2026-06-10,CUS-015,MAT-034,CAR-001,RTE-014,1411,28.22,Delivered,
SHP-002423,2026-07-28,2026-07-29,2026-08-04,CUS-036,MAT-063,CAR-004,RTE-001,11,1.32,Delayed,Kapazität
SHP-002424,2026-06-23,2026-06-24,2026-06-24,CUS-021,MAT-058,CAR-004,RTE-020,121,66.55,Delivered,
SHP-002425,2025-07-10,2025-07-12,2025-07-12,CUS-046,MAT-077,CAR-001,RTE-002,18,8.64,Delivered,
SHP-002426,2025-01-31,2025-02-03,2025-02-03,CUS-025,MAT-053,CAR-005,RTE-018,360,187.20,Delivered,
SHP-002427,2026-05-20,2026-05-23,2026-05-25,CUS-006,MAT-016,CAR-009,RTE-028,115,1092.50,Delivered,Zoll
SHP-002428,2025-09-07,2025-09-11,2025-09-11,CUS-034,MAT-071,CAR-013,RTE-035,73,1825.00,Delivered,
SHP-002429,2026-07-30,2026-08-01,2026-08-01,CUS-025,MAT-057,CAR-015,RTE-037,253,1214.40,Delivered,
SHP-002430,2025-06-01,2025-06-02,2025-06-02,CUS-022,MAT-066,CAR-008,RTE-001,83,539.50,Delivered,
SHP-002431,2025-07-10,2025-07-12,2025-07-12,CUS-029,MAT-048,CAR-003,RTE-009,128,230.40,Delivered,
SHP-002432,2025-10-18,2025-10-20,2025-10-20,CUS-024,MAT-050,CAR-006,RTE-017,468,131.04,Delivered,
SHP-002433,2025-08-29,2025-08-30,2025-08-30,CUS-004,MAT-014,CAR-005,RTE-022,61,756.40,Delivered,
SHP-002434,2025-01-14,2025-01-15,2025-01-15,CUS-026,MAT-057,CAR-008,RTE-019,92,441.60,Delivered,
SHP-002435,2025-06-14,2025-06-17,2025-06-17,CUS-016,MAT-028,CAR-014,RTE-040,449,291.85,Delivered,
SHP-002436,2026-02-26,2026-02-27,2026-02-26,CUS-006,MAT-014,CAR-004,RTE-010,226,2802.40,Delivered,
SHP-002437,2026-08-29,2026-08-31,2026-08-31,CUS-049,MAT-068,CAR-005,RTE-001,81,1231.20,Delivered,
SHP-002438,2025-09-20,2025-09-26,2025-09-26,CUS-001,MAT-018,CAR-013,RTE-035,68,28.56,Delivered,
SHP-002439,2025-05-31,2025-06-02,2025-06-04,CUS-005,MAT-007,CAR-009,RTE-027,15,42.00,Delivered,Wetter
SHP-002440,2026-03-22,2026-03-23,2026-03-23,CUS-031,MAT-044,CAR-015,RTE-040,248,19.84,Delivered,
SHP-002441,2025-05-15,2025-05-16,2025-05-16,CUS-016,MAT-033,CAR-004,RTE-020,1108,33.24,Delivered,
SHP-002442,2025-01-30,2025-01-31,2025-02-04,CUS-008,MAT-013,CAR-001,RTE-006,237,1208.70,Delayed,Wetter
SHP-002443,2025-11-28,2025-12-01,2025-12-04,CUS-022,MAT-040,CAR-005,RTE-003,46,52.90,Delayed,Zoll
SHP-002444,2025-02-03,2025-02-05,2025-02-05,CUS-040,MAT-059,CAR-003,RTE-014,1,1250.00,Delivered,
SHP-002445,2025-12-21,2025-12-22,2025-12-22,CUS-027,MAT-045,CAR-001,RTE-020,237,28.44,Delivered,
SHP-002446,2025-04-23,2025-04-25,2025-04-25,CUS-016,MAT-030,CAR-001,RTE-005,1461,131.49,Delivered,
SHP-002447,2025-07-20,2025-07-22,2025-07-22,CUS-021,MAT-044,CAR-009,RTE-026,139,11.12,Delivered,
SHP-002448,2026-05-03,2026-05-06,2026-05-09,CUS-046,MAT-013,CAR-010,RTE-024,179,912.90,Delayed,Wetter
SHP-002449,2026-05-18,2026-05-21,2026-05-21,CUS-023,MAT-039,CAR-010,RTE-024,399,311.22,Delivered,
SHP-002450,2026-02-24,2026-03-11,2026-03-16,CUS-035,MAT-068,CAR-012,RTE-034,43,653.60,Delayed,Wetter
SHP-002451,2025-07-27,2025-07-29,2025-07-29,CUS-005,MAT-017,CAR-005,RTE-018,29,10.15,Delivered,
SHP-002452,2025-08-26,2025-08-27,2025-08-27,CUS-006,MAT-001,CAR-001,RTE-015,154,1309.00,Delivered,
SHP-002453,2025-02-22,2025-02-24,2025-02-24,CUS-046,MAT-068,CAR-010,RTE-030,19,288.80,Delivered,
SHP-002454,2026-02-19,2026-03-23,2026-03-24,CUS-021,MAT-041,CAR-012,RTE-032,331,314.45,Delivered,Kapazität
SHP-002455,2026-01-23,2026-01-24,,CUS-012,MAT-015,CAR-005,RTE-020,123,1451.40,Cancelled,
SHP-002456,2026-08-30,2026-09-15,,CUS-049,MAT-062,CAR-013,RTE-034,3,255.00,In Transit,
SHP-002457,2025-10-19,2025-10-20,2025-10-20,CUS-003,MAT-001,CAR-006,RTE-014,24,204.00,Delivered,
SHP-002458,2026-08-29,2026-09-05,2026-09-05,CUS-047,MAT-061,CAR-011,RTE-031,13,546.00,Delivered,
SHP-002459,2025-07-08,2025-07-10,2025-07-10,CUS-008,MAT-002,CAR-001,RTE-010,141,874.20,Delivered,
SHP-002460,2025-01-11,2025-01-13,2025-01-17,CUS-020,MAT-029,CAR-001,RTE-017,544,97.92,Delayed,Sonstiges
SHP-002461,2025-07-28,2025-07-29,2025-07-29,CUS-041,MAT-015,CAR-005,RTE-008,160,1888.00,Delivered,
SHP-002462,2025-12-31,2026-01-06,2026-01-08,CUS-001,MAT-004,CAR-012,RTE-031,221,685.10,Delivered,Kapazität
SHP-002463,2026-01-10,2026-01-12,2026-01-12,CUS-047,MAT-068,CAR-003,RTE-012,41,623.20,Delivered,
SHP-002464,2025-04-24,2025-04-28,2025-04-28,CUS-015,MAT-034,CAR-014,RTE-039,263,5.26,Delivered,
SHP-002465,2026-03-11,2026-03-18,2026-03-18,CUS-037,MAT-059,CAR-011,RTE-031,5,6250.00,Delivered,
SHP-002466,2025-10-22,2025-10-23,2025-10-23,CUS-011,MAT-004,CAR-015,RTE-040,124,384.40,Delivered,
SHP-002467,2025-05-16,2025-05-19,2025-05-19,CUS-022,MAT-045,CAR-008,RTE-005,439,52.68,Delivered,
SHP-002468,2026-02-18,2026-03-20,2026-03-22,CUS-043,MAT-066,CAR-013,RTE-032,76,494.00,Delivered,Kapazität
SHP-002469,2025-09-13,2025-09-15,,CUS-015,MAT-024,CAR-015,RTE-040,921,110.52,Cancelled,
SHP-002470,2025-03-31,2025-04-03,2025-04-03,CUS-019,MAT-036,CAR-014,RTE-039,288,109.44,Delivered,
SHP-002471,2025-09-15,2025-10-15,2025-10-15,CUS-041,MAT-065,CAR-013,RTE-033,32,896.00,Delivered,
SHP-002472,2025-06-07,2025-06-09,2025-06-10,CUS-001,MAT-011,CAR-007,RTE-001,68,489.60,Delivered,Kapazität
SHP-002473,2025-08-27,2025-09-01,2025-09-01,CUS-037,MAT-071,CAR-013,RTE-035,83,2075.00,Delivered,
SHP-002474,2026-08-07,2026-08-08,2026-08-12,CUS-031,MAT-038,CAR-001,RTE-022,365,226.30,Delayed,Kapazität
SHP-002475,2026-08-13,2026-08-15,2026-08-15,CUS-004,MAT-073,CAR-007,RTE-009,17,1615.00,Delivered,
SHP-002476,2025-12-05,2025-12-06,2025-12-06,CUS-001,MAT-018,CAR-006,RTE-021,178,74.76,Delivered,
SHP-002477,2026-02-27,2026-03-14,2026-03-14,CUS-039,MAT-076,CAR-011,RTE-034,15,570.00,Delivered,
SHP-002478,2025-09-26,2025-11-03,2025-11-03,CUS-025,MAT-051,CAR-012,RTE-032,504,1562.40,Delivered,
SHP-002479,2026-06-23,2026-06-24,2026-06-28,CUS-031,MAT-039,CAR-004,RTE-017,234,182.52,Delayed,Kapazität
SHP-002480,2026-03-24,2026-03-25,2026-03-24,CUS-042,MAT-071,CAR-005,RTE-021,25,625.00,Delivered,
SHP-002481,2026-01-20,2026-01-21,2026-01-20,CUS-032,MAT-050,CAR-008,RTE-011,235,65.80,Delivered,
SHP-002482,2026-08-18,2026-08-19,2026-08-19,CUS-013,MAT-023,CAR-015,RTE-038,1132,169.80,Delivered,
SHP-002483,2026-01-05,2026-01-06,2026-01-06,CUS-041,MAT-064,CAR-002,RTE-020,85,323.00,Delivered,
SHP-002484,2026-03-04,2026-03-06,2026-03-06,CUS-009,MAT-020,CAR-002,RTE-009,202,1797.80,Delivered,
SHP-002485,2026-06-26,2026-06-27,2026-06-26,CUS-022,MAT-054,CAR-007,RTE-004,182,18.20,Delivered,
SHP-002486,2026-06-02,2026-06-03,2026-06-03,CUS-014,MAT-021,CAR-004,RTE-016,1478,118.24,Delivered,
SHP-002487,2025-12-05,2025-12-08,2025-12-08,CUS-002,MAT-013,CAR-010,RTE-025,51,260.10,Delivered,
SHP-002488,2025-09-26,2025-09-29,2025-10-02,CUS-001,MAT-013,CAR-014,RTE-040,109,555.90,Delayed,Wetter
SHP-002489,2026-01-09,2026-01-10,2026-01-10,CUS-026,MAT-006,CAR-005,RTE-012,127,152.40,Delivered,
SHP-002490,2025-02-20,2025-02-24,2025-02-24,CUS-041,MAT-070,CAR-015,RTE-039,24,403.20,Delivered,
SHP-002491,2026-03-20,2026-03-23,2026-03-23,CUS-004,MAT-007,CAR-014,RTE-040,45,126.00,Delivered,
SHP-002492,2026-06-07,2026-06-08,2026-06-12,CUS-043,MAT-064,CAR-002,RTE-018,32,121.60,Delayed,Wetter
SHP-002493,2026-08-27,2026-08-31,2026-08-31,CUS-049,MAT-041,CAR-010,RTE-025,285,270.75,Delivered,
SHP-002494,2026-02-05,2026-02-07,2026-02-07,CUS-008,MAT-016,CAR-009,RTE-026,191,1814.50,Delivered,
SHP-002495,2025-10-18,2025-10-20,2025-10-20,CUS-028,MAT-037,CAR-001,RTE-001,305,54.90,Delivered,
SHP-002496,2025-05-25,2025-05-27,2025-05-27,CUS-035,MAT-064,CAR-006,RTE-014,47,178.60,Delivered,
SHP-002497,2025-01-26,2025-01-27,2025-01-27,CUS-018,MAT-059,CAR-007,RTE-012,5,6250.00,Delivered,
SHP-002498,2025-09-30,2025-10-02,2025-10-02,CUS-006,MAT-006,CAR-001,RTE-002,42,50.40,Delivered,
SHP-002499,2026-02-07,2026-02-10,2026-02-14,CUS-034,MAT-065,CAR-010,RTE-025,64,1792.00,Delayed,Wetter
SHP-002500,2025-09-28,2025-09-29,2025-09-29,CUS-039,MAT-076,CAR-001,RTE-020,34,1292.00,Delivered,
SHP-002501,2025-05-23,2025-05-24,2025-05-23,CUS-031,MAT-052,CAR-001,RTE-010,154,246.40,Delivered,
SHP-002502,2025-12-15,2025-12-16,2025-12-15,CUS-001,MAT-045,CAR-001,RTE-001,427,51.24,Delivered,
SHP-002503,2025-04-29,2025-04-30,2025-05-04,CUS-037,MAT-030,CAR-007,RTE-014,1240,111.60,Delayed,Zoll
SHP-002504,2026-03-25,2026-03-27,2026-03-29,CUS-042,MAT-072,CAR-009,RTE-029,21,9.45,Delivered,Wetter
SHP-002505,2026-05-31,2026-06-03,2026-06-03,CUS-036,MAT-063,CAR-009,RTE-023,64,7.68,Delivered,
SHP-002506,2025-08-13,2025-08-15,2025-08-16,CUS-047,MAT-068,CAR-002,RTE-013,31,471.20,Delivered,Wetter
SHP-002507,2025-05-07,2025-05-08,2025-05-07,CUS-046,MAT-069,CAR-004,RTE-022,75,1650.00,Delivered,
SHP-002508,2026-07-10,2026-07-11,2026-07-11,CUS-004,MAT-018,CAR-001,RTE-008,213,89.46,Delivered,
SHP-002509,2026-06-29,2026-07-15,2026-07-15,CUS-036,MAT-062,CAR-011,RTE-034,5,425.00,Delivered,
SHP-002510,2025-05-06,2025-05-09,2025-05-09,CUS-049,MAT-068,CAR-010,RTE-028,51,775.20,Delivered,
SHP-002511,2026-08-25,2026-08-28,,CUS-030,MAT-039,CAR-007,RTE-007,138,107.64,Cancelled,
SHP-002512,2025-08-04,2025-08-07,2025-08-07,CUS-015,MAT-034,CAR-015,RTE-040,253,5.06,Delivered,
SHP-002513,2025-03-21,2025-03-25,2025-03-27,CUS-050,MAT-075,CAR-010,RTE-023,90,28.80,Delivered,Wetter
SHP-002514,2025-11-26,2025-12-01,2025-12-01,CUS-011,MAT-020,CAR-009,RTE-023,125,1112.50,Delivered,
SHP-002515,2026-08-24,2026-08-25,2026-08-24,CUS-026,MAT-053,CAR-001,RTE-008,167,86.84,Delivered,
SHP-002516,2026-02-03,2026-02-07,2026-02-14,CUS-013,MAT-036,CAR-009,RTE-025,1465,556.70,Delayed,Kapazität
SHP-002517,2025-04-14,2025-04-17,2025-04-17,CUS-011,MAT-016,CAR-010,RTE-028,195,1852.50,Delivered,
SHP-002518,2026-08-13,2026-08-15,2026-08-16,CUS-026,MAT-040,CAR-006,RTE-009,226,259.90,Delivered,Sonstiges
SHP-002519,2025-07-28,2025-07-31,2025-07-30,CUS-033,MAT-074,CAR-010,RTE-027,45,38.25,Delivered,
SHP-002520,2026-04-23,2026-04-25,2026-04-25,CUS-021,MAT-042,CAR-003,RTE-005,169,709.80,Delivered,
SHP-002521,2026-01-03,2026-01-05,2026-01-05,CUS-018,MAT-033,CAR-002,RTE-009,468,14.04,Delivered,
SHP-002522,2025-12-30,2025-12-31,2025-12-31,CUS-033,MAT-060,CAR-006,RTE-020,52,956.80,Delivered,
SHP-002523,2025-11-04,2025-11-06,2025-11-05,CUS-012,MAT-011,CAR-001,RTE-018,218,1569.60,Delivered,
SHP-002524,2026-06-02,2026-06-04,2026-06-04,CUS-043,MAT-060,CAR-015,RTE-037,55,1012.00,Delivered,
SHP-002525,2026-01-05,2026-01-06,2026-01-06,CUS-010,MAT-001,CAR-002,RTE-018,56,476.00,Delivered,
SHP-002526,2026-08-05,2026-08-06,2026-08-06,CUS-001,MAT-014,CAR-003,RTE-020,182,2256.80,Delivered,
SHP-002527,2025-10-24,2025-11-22,2025-11-22,CUS-039,MAT-080,CAR-011,RTE-033,48,604.80,Delivered,
SHP-002528,2025-11-07,2025-11-08,2025-11-08,CUS-014,MAT-027,CAR-002,RTE-005,638,140.36,Delivered,
SHP-002529,2025-02-02,2025-02-03,2025-02-05,CUS-029,MAT-047,CAR-008,RTE-015,42,56.70,Delivered,Wetter
SHP-002530,2025-03-22,2025-03-24,2025-03-24,CUS-022,MAT-048,CAR-007,RTE-016,79,142.20,Delivered,
SHP-002531,2025-08-04,2025-08-08,2025-08-08,CUS-005,MAT-016,CAR-010,RTE-023,196,1862.00,Delivered,
SHP-002532,2025-07-18,2025-07-22,2025-07-21,CUS-008,MAT-008,CAR-009,RTE-023,150,540.00,Delivered,
SHP-002533,2025-09-24,2025-09-29,,CUS-014,MAT-031,CAR-009,RTE-023,917,192.57,Cancelled,
SHP-002534,2025-05-29,2025-05-31,2025-05-31,CUS-026,MAT-056,CAR-010,RTE-027,273,3958.50,Delivered,
SHP-002535,2026-04-07,2026-04-08,2026-04-08,CUS-030,MAT-050,CAR-002,RTE-017,228,63.84,Delivered,
SHP-002536,2026-08-01,2026-08-05,2026-08-05,CUS-043,MAT-072,CAR-011,RTE-035,25,11.25,Delivered,
SHP-002537,2026-07-27,2026-08-03,2026-08-06,CUS-035,MAT-073,CAR-012,RTE-031,1,95.00,Delayed,Zoll
SHP-002538,2025-10-11,2025-10-13,2025-10-13,CUS-008,MAT-065,CAR-001,RTE-020,26,728.00,Delivered,
SHP-002539,2026-02-04,2026-02-05,2026-02-05,CUS-028,MAT-044,CAR-005,RTE-008,403,32.24,Delivered,
SHP-002540,2025-03-04,2025-03-31,2025-04-04,CUS-033,MAT-059,CAR-011,RTE-032,4,5000.00,Delayed,Zoll
SHP-002541,2025-02-11,2025-02-13,2025-02-13,CUS-026,MAT-051,CAR-004,RTE-006,341,1057.10,Delivered,
SHP-002542,2025-04-17,2025-04-24,2025-04-24,CUS-045,MAT-076,CAR-012,RTE-031,9,342.00,Delivered,
SHP-002543,2026-01-03,2026-01-05,2026-01-07,CUS-050,MAT-068,CAR-003,RTE-014,40,608.00,Delivered,Zoll
SHP-002544,2026-05-19,2026-05-20,2026-05-20,CUS-033,MAT-067,CAR-002,RTE-021,6,330.00,Delivered,
SHP-002545,2025-01-04,2025-02-08,2025-02-08,CUS-036,MAT-076,CAR-011,RTE-033,83,3154.00,Delivered,
SHP-002546,2026-01-19,2026-01-20,2026-01-19,CUS-040,MAT-023,CAR-004,RTE-020,1157,173.55,Delivered,
SHP-002547,2026-03-18,2026-04-23,2026-04-22,CUS-030,MAT-041,CAR-013,RTE-036,217,206.15,Delivered,
SHP-002548,2026-03-30,2026-04-01,2026-03-31,CUS-010,MAT-017,CAR-014,RTE-037,146,51.10,Delivered,
SHP-002549,2026-01-02,2026-01-03,2026-01-03,CUS-043,MAT-071,CAR-008,RTE-016,87,2175.00,Delivered,
SHP-002550,2026-08-21,2026-08-22,2026-08-21,CUS-046,MAT-067,CAR-003,RTE-022,9,495.00,Delivered,
SHP-002551,2025-10-13,2025-10-15,2025-10-15,CUS-029,MAT-076,CAR-001,RTE-018,21,798.00,Delivered,
SHP-002552,2026-02-12,2026-02-14,2026-02-14,CUS-036,MAT-062,CAR-004,RTE-002,2,170.00,Delivered,
SHP-002553,2025-10-20,2025-10-21,2025-10-21,CUS-012,MAT-019,CAR-005,RTE-015,173,48.44,Delivered,
SHP-002554,2025-02-09,2025-02-10,2025-02-10,CUS-016,MAT-019,CAR-015,RTE-037,135,37.80,Delivered,
SHP-002555,2026-04-19,2026-04-20,2026-04-19,CUS-001,MAT-058,CAR-002,RTE-016,141,77.55,Delivered,
SHP-002556,2026-01-29,2026-02-19,2026-02-19,CUS-001,MAT-020,CAR-012,RTE-034,129,1148.10,Delivered,
SHP-002557,2026-01-12,2026-01-13,2026-01-13,CUS-034,MAT-079,CAR-003,RTE-020,4,840.00,Delivered,
SHP-002558,2025-03-03,2025-03-31,2025-03-31,CUS-017,MAT-029,CAR-011,RTE-032,271,48.78,Delivered,
SHP-002559,2026-07-26,2026-07-29,2026-07-29,CUS-001,MAT-012,CAR-002,RTE-007,204,1387.20,Delivered,
SHP-002560,2026-04-08,2026-04-11,2026-04-11,CUS-038,MAT-080,CAR-010,RTE-029,6,75.60,Delivered,
SHP-002561,2025-11-30,2025-12-02,2025-12-02,CUS-005,MAT-010,CAR-007,RTE-002,193,3570.50,Delivered,
SHP-002562,2025-04-30,2025-06-04,2025-06-04,CUS-029,MAT-007,CAR-012,RTE-033,19,53.20,Delivered,
SHP-002563,2026-04-20,2026-04-22,2026-04-21,CUS-001,MAT-018,CAR-002,RTE-006,45,18.90,Delivered,
SHP-002564,2025-06-19,2025-06-21,2025-06-21,CUS-046,MAT-017,CAR-008,RTE-003,116,40.60,Delivered,
SHP-002565,2025-09-26,2025-09-27,2025-09-27,CUS-037,MAT-064,CAR-007,RTE-012,32,121.60,Delivered,
SHP-002566,2025-04-15,2025-04-17,2025-04-17,CUS-010,MAT-018,CAR-007,RTE-002,75,31.50,Delivered,
SHP-002567,2025-04-26,2025-05-29,2025-05-29,CUS-034,MAT-069,CAR-012,RTE-033,72,1584.00,Delivered,
SHP-002568,2026-05-12,2026-05-14,2026-05-14,CUS-028,MAT-056,CAR-007,RTE-003,373,5408.50,Delivered,
SHP-002569,2025-11-07,2025-11-10,2025-11-10,CUS-015,MAT-019,CAR-008,RTE-015,72,20.16,Delivered,
SHP-002570,2026-05-15,2026-05-18,2026-05-18,CUS-004,MAT-015,CAR-004,RTE-011,212,2501.60,Delivered,
SHP-002571,2026-01-26,2026-01-27,2026-01-27,CUS-022,MAT-050,CAR-004,RTE-017,301,84.28,Delivered,
SHP-002572,2025-01-05,2025-01-08,2025-01-08,CUS-015,MAT-035,CAR-014,RTE-037,318,174.90,Delivered,
SHP-002573,2025-10-21,2025-10-23,2025-10-23,CUS-011,MAT-001,CAR-009,RTE-029,186,1581.00,Delivered,
SHP-002574,2025-11-05,2025-11-07,2025-11-07,CUS-026,MAT-009,CAR-010,RTE-027,116,220.40,Delivered,
SHP-002575,2025-04-05,2025-04-07,2025-04-06,CUS-047,MAT-034,CAR-009,RTE-029,167,3.34,Delivered,
SHP-002576,2025-03-16,2025-03-17,2025-03-17,CUS-022,MAT-053,CAR-008,RTE-011,91,47.32,Delivered,
SHP-002577,2026-07-10,2026-07-11,2026-07-11,CUS-013,MAT-058,CAR-006,RTE-021,298,163.90,Delivered,
SHP-002578,2025-03-18,2025-03-20,2025-03-20,CUS-023,MAT-050,CAR-007,RTE-003,63,17.64,Delivered,
SHP-002579,2025-09-28,2025-10-02,2025-10-02,CUS-043,MAT-074,CAR-010,RTE-023,44,37.40,Delivered,
SHP-002580,2026-07-22,2026-07-23,2026-07-23,CUS-021,MAT-050,CAR-001,RTE-010,345,96.60,Delivered,
SHP-002581,2025-02-02,2025-02-05,2025-02-05,CUS-007,MAT-017,CAR-009,RTE-029,221,77.35,Delivered,
SHP-002582,2026-08-27,2026-08-28,2026-08-30,CUS-036,MAT-068,CAR-008,RTE-017,42,638.40,Delivered,Wetter
SHP-002583,2026-04-02,2026-04-04,2026-04-04,CUS-004,MAT-006,CAR-009,RTE-030,61,73.20,Delivered,
SHP-002584,2026-07-22,2026-07-25,2026-07-25,CUS-022,MAT-050,CAR-015,RTE-038,270,75.60,Delivered,
SHP-002585,2025-09-06,2025-09-08,2025-09-08,CUS-036,MAT-064,CAR-004,RTE-017,37,140.60,Delivered,
SHP-002586,2025-01-07,2025-01-08,2025-01-08,CUS-022,MAT-045,CAR-008,RTE-003,364,43.68,Delivered,
SHP-002587,2026-06-30,2026-07-01,2026-07-01,CUS-032,MAT-057,CAR-002,RTE-016,122,585.60,Delivered,
SHP-002588,2025-12-05,2025-12-08,2025-12-12,CUS-043,MAT-060,CAR-002,RTE-011,80,1472.00,Delayed,Wetter
SHP-002589,2026-05-16,2026-05-18,2026-05-17,CUS-011,MAT-005,CAR-007,RTE-012,87,469.80,Delivered,
SHP-002590,2026-03-29,2026-03-31,2026-03-31,CUS-037,MAT-069,CAR-004,RTE-014,34,748.00,Delivered,
SHP-002591,2025-12-21,2025-12-22,2025-12-22,CUS-050,MAT-068,CAR-004,RTE-014,52,790.40,Delivered,
SHP-002592,2026-08-23,2026-08-25,2026-08-25,CUS-015,MAT-035,CAR-007,RTE-013,818,449.90,Delivered,
SHP-002593,2025-06-05,2025-06-06,2025-06-06,CUS-026,MAT-045,CAR-004,RTE-014,388,46.56,Delivered,
SHP-002594,2025-10-11,2025-10-13,2025-10-13,CUS-008,MAT-011,CAR-008,RTE-015,176,1267.20,Delivered,
SHP-002595,2025-10-02,2025-10-04,2025-10-04,CUS-031,MAT-055,CAR-010,RTE-027,273,2538.90,Delivered,
SHP-002596,2025-01-24,2025-01-25,2025-01-24,CUS-011,MAT-060,CAR-005,RTE-008,36,662.40,Delivered,
SHP-002597,2025-02-10,2025-02-12,2025-02-12,CUS-039,MAT-066,CAR-004,RTE-014,15,97.50,Delivered,
SHP-002598,2025-10-24,2025-10-27,2025-10-27,CUS-019,MAT-035,CAR-003,RTE-007,1342,738.10,Delivered,
SHP-002599,2025-08-31,2025-09-02,2025-09-02,CUS-023,MAT-049,CAR-005,RTE-014,493,221.85,Delivered,
SHP-002600,2025-08-15,2025-08-16,2025-08-16,CUS-025,MAT-056,CAR-001,RTE-012,146,2117.00,Delivered,
SHP-002601,2025-12-22,2025-12-24,2025-12-24,CUS-032,MAT-046,CAR-008,RTE-010,200,1280.00,Delivered,
SHP-002602,2026-07-02,2026-07-09,2026-07-13,CUS-043,MAT-063,CAR-013,RTE-031,88,10.56,Delayed,Kapazität
SHP-002603,2026-05-28,2026-06-01,2026-06-01,CUS-033,MAT-020,CAR-009,RTE-025,133,1183.70,Delivered,
SHP-002604,2026-06-25,2026-06-27,,CUS-041,MAT-041,CAR-006,RTE-013,127,120.65,Cancelled,
SHP-002605,2025-08-27,2025-10-03,2025-10-03,CUS-037,MAT-068,CAR-013,RTE-032,36,547.20,Delivered,
SHP-002606,2026-08-30,2026-09-01,2026-09-01,CUS-037,MAT-068,CAR-005,RTE-006,35,532.00,Delivered,
SHP-002607,2026-05-27,2026-05-30,2026-05-30,CUS-029,MAT-061,CAR-009,RTE-023,12,504.00,Delivered,
SHP-002608,2026-05-10,2026-05-12,2026-05-11,CUS-036,MAT-074,CAR-009,RTE-027,25,21.25,Delivered,
SHP-002609,2026-08-18,2026-09-15,,CUS-046,MAT-007,CAR-013,RTE-036,213,596.40,In Transit,
SHP-002610,2025-10-05,2025-10-07,2025-10-08,CUS-011,MAT-020,CAR-008,RTE-006,30,267.00,Delivered,Sonstiges
SHP-002611,2026-08-27,2026-08-29,2026-08-29,CUS-039,MAT-064,CAR-009,RTE-026,17,64.60,Delivered,
SHP-002612,2026-03-20,2026-03-23,2026-03-23,CUS-008,MAT-020,CAR-005,RTE-018,105,934.50,Delivered,
SHP-002613,2025-02-22,2025-02-25,2025-02-25,CUS-009,MAT-004,CAR-009,RTE-023,57,176.70,Delivered,
SHP-002614,2025-02-11,2025-03-11,2025-03-11,CUS-036,MAT-008,CAR-012,RTE-036,190,684.00,Delivered,
SHP-002615,2026-06-29,2026-07-03,2026-07-02,CUS-004,MAT-007,CAR-010,RTE-024,82,229.60,Delivered,
SHP-002616,2026-05-09,2026-05-11,2026-05-10,CUS-013,MAT-026,CAR-002,RTE-008,793,31.72,Delivered,
SHP-002617,2026-04-12,2026-04-13,2026-04-13,CUS-046,MAT-071,CAR-004,RTE-016,51,1275.00,Delivered,
SHP-002618,2026-02-20,2026-02-21,2026-02-22,CUS-004,MAT-007,CAR-007,RTE-001,136,380.80,Delivered,Sonstiges
SHP-002619,2026-04-17,2026-04-20,2026-04-19,CUS-016,MAT-035,CAR-015,RTE-037,1293,711.15,Delivered,
SHP-002620,2026-07-13,2026-07-14,2026-07-14,CUS-021,MAT-037,CAR-002,RTE-020,227,40.86,Delivered,
SHP-002621,2026-03-03,2026-03-04,2026-03-04,CUS-050,MAT-073,CAR-001,RTE-016,1,95.00,Delivered,
SHP-002622,2025-07-19,2025-07-21,2025-07-21,CUS-003,MAT-018,CAR-002,RTE-008,212,89.04,Delivered,
SHP-002623,2026-06-21,2026-06-22,2026-06-21,CUS-025,MAT-054,CAR-002,RTE-018,148,14.80,Delivered,
SHP-002624,2026-06-01,2026-06-03,2026-06-03,CUS-029,MAT-053,CAR-010,RTE-028,375,195.00,Delivered,
SHP-002625,2026-08-05,2026-08-06,2026-08-06,CUS-018,MAT-024,CAR-008,RTE-004,479,57.48,Delivered,
SHP-002626,2025-11-11,2025-11-14,2025-11-15,CUS-038,MAT-076,CAR-010,RTE-026,78,2964.00,Delivered,Sonstiges
SHP-002627,2025-09-27,2025-09-29,2025-09-29,CUS-001,MAT-014,CAR-004,RTE-012,140,1736.00,Delivered,
SHP-002628,2025-10-23,2025-10-25,2025-10-25,CUS-005,MAT-003,CAR-002,RTE-013,235,1128.00,Delivered,
SHP-002629,2026-04-26,2026-04-28,2026-04-28,CUS-006,MAT-010,CAR-001,RTE-004,212,3922.00,Delivered,
SHP-002630,2025-09-07,2025-09-10,2025-09-17,CUS-036,MAT-071,CAR-012,RTE-031,45,1125.00,Delayed,Wetter
SHP-002631,2025-08-15,2025-08-16,2025-08-16,CUS-004,MAT-006,CAR-007,RTE-001,169,202.80,Delivered,
SHP-002632,2026-07-30,2026-07-31,2026-07-31,CUS-008,MAT-008,CAR-008,RTE-009,135,486.00,Delivered,
SHP-002633,2025-08-12,2025-08-15,2025-08-14,CUS-010,MAT-009,CAR-009,RTE-028,180,342.00,Delivered,
SHP-002634,2025-04-08,2025-04-11,2025-04-11,CUS-050,MAT-061,CAR-010,RTE-029,5,210.00,Delivered,
SHP-002635,2026-03-29,2026-03-31,2026-03-31,CUS-029,MAT-058,CAR-005,RTE-004,404,222.20,Delivered,
SHP-002636,2026-02-02,2026-02-03,2026-02-03,CUS-012,MAT-002,CAR-015,RTE-039,210,1302.00,Delivered,
SHP-002637,2025-09-26,2025-09-29,2025-09-29,CUS-031,MAT-070,CAR-001,RTE-004,39,655.20,Delivered,
SHP-002638,2026-08-09,2026-08-12,,CUS-013,MAT-029,CAR-010,RTE-026,109,19.62,Cancelled,
SHP-002639,2026-06-22,2026-06-23,2026-06-23,CUS-022,MAT-055,CAR-005,RTE-022,180,1674.00,Delivered,
SHP-002640,2025-03-04,2025-03-07,2025-03-07,CUS-015,MAT-034,CAR-009,RTE-027,1464,29.28,Delivered,
SHP-002641,2026-07-22,2026-07-25,2026-07-25,CUS-024,MAT-037,CAR-014,RTE-037,466,83.88,Delivered,
SHP-002642,2025-06-09,2025-07-14,2025-07-14,CUS-015,MAT-030,CAR-012,RTE-033,280,25.20,Delivered,
SHP-002643,2026-03-04,2026-03-07,2026-03-09,CUS-042,MAT-075,CAR-010,RTE-024,12,3.84,Delivered,Zoll
SHP-002644,2026-08-04,2026-08-06,2026-08-06,CUS-006,MAT-010,CAR-009,RTE-028,18,333.00,Delivered,
SHP-002645,2026-03-17,2026-03-19,2026-03-19,CUS-048,MAT-068,CAR-002,RTE-010,37,562.40,Delivered,
SHP-002646,2026-02-27,2026-03-02,2026-03-02,CUS-050,MAT-076,CAR-004,RTE-007,51,1938.00,Delivered,
SHP-002647,2025-09-06,2025-09-29,2025-09-29,CUS-028,MAT-038,CAR-013,RTE-034,257,159.34,Delivered,
SHP-002648,2026-02-27,2026-03-02,2026-03-02,CUS-017,MAT-023,CAR-015,RTE-040,1257,188.55,Delivered,
SHP-002649,2026-07-24,2026-07-27,2026-07-27,CUS-025,MAT-040,CAR-014,RTE-037,154,177.10,Delivered,
SHP-002650,2026-05-10,2026-05-11,2026-05-11,CUS-050,MAT-066,CAR-004,RTE-019,44,286.00,Delivered,
SHP-002651,2025-05-09,2025-06-09,2025-06-09,CUS-042,MAT-076,CAR-013,RTE-033,67,2546.00,Delivered,
SHP-002652,2026-02-03,2026-02-05,2026-02-05,CUS-037,MAT-060,CAR-007,RTE-018,37,680.80,Delivered,
SHP-002653,2026-04-14,2026-04-20,2026-04-20,CUS-038,MAT-076,CAR-013,RTE-035,67,2546.00,Delivered,
SHP-002654,2026-03-25,2026-03-26,2026-03-26,CUS-034,MAT-059,CAR-003,RTE-014,5,6250.00,Delivered,
SHP-002655,2026-04-22,2026-04-23,,CUS-019,MAT-049,CAR-015,RTE-038,448,201.60,Cancelled,
SHP-002656,2026-08-21,2026-09-21,,CUS-036,MAT-059,CAR-012,RTE-036,1,1250.00,In Transit,
SHP-002657,2026-04-12,2026-05-15,2026-05-15,CUS-027,MAT-050,CAR-013,RTE-036,139,38.92,Delivered,
SHP-002658,2026-02-26,2026-02-28,2026-02-28,CUS-038,MAT-044,CAR-005,RTE-009,246,19.68,Delivered,
SHP-002659,2026-05-09,2026-05-11,2026-05-11,CUS-021,MAT-056,CAR-007,RTE-002,466,6757.00,Delivered,
SHP-002660,2025-11-23,2025-11-26,2025-11-26,CUS-007,MAT-012,CAR-010,RTE-024,122,829.60,Delivered,
SHP-002661,2026-04-14,2026-04-15,2026-04-17,CUS-018,MAT-022,CAR-006,RTE-011,420,29.40,Delivered,Kapazität
SHP-002662,2026-08-04,2026-08-07,2026-08-08,CUS-003,MAT-013,CAR-009,RTE-027,121,617.10,Delivered,Sonstiges
SHP-002663,2025-06-05,2025-06-09,2025-06-17,CUS-050,MAT-067,CAR-013,RTE-031,14,770.00,Delayed,Wetter
SHP-002664,2026-04-17,2026-04-20,2026-04-27,CUS-021,MAT-040,CAR-002,RTE-018,327,376.05,Delayed,Kapazität
SHP-002665,2025-11-13,2025-11-15,2025-11-19,CUS-043,MAT-072,CAR-009,RTE-026,33,14.85,Delayed,Zoll
SHP-002666,2026-05-29,2026-05-30,2026-06-01,CUS-036,MAT-075,CAR-008,RTE-005,69,22.08,Delivered,Kapazität
SHP-002667,2026-03-10,2026-03-14,2026-03-14,CUS-005,MAT-008,CAR-009,RTE-023,44,158.40,Delivered,
SHP-002668,2025-05-16,2025-05-17,2025-05-17,CUS-011,MAT-009,CAR-007,RTE-008,169,321.10,Delivered,
SHP-002669,2026-02-10,2026-02-12,2026-02-12,CUS-027,MAT-057,CAR-001,RTE-003,344,1651.20,Delivered,
SHP-002670,2025-10-01,2025-10-06,,CUS-005,MAT-012,CAR-009,RTE-024,146,992.80,Cancelled,
SHP-002671,2026-03-30,2026-03-31,2026-03-31,CUS-050,MAT-068,CAR-003,RTE-012,24,364.80,Delivered,
SHP-002672,2025-05-23,2025-05-24,2025-05-24,CUS-041,MAT-080,CAR-001,RTE-010,86,1083.60,Delivered,
SHP-002673,2026-08-09,2026-08-12,2026-08-11,CUS-050,MAT-075,CAR-002,RTE-007,77,24.64,Delivered,
SHP-002674,2026-06-14,2026-06-15,2026-06-15,CUS-031,MAT-056,CAR-006,RTE-022,132,1914.00,Delivered,
SHP-002675,2026-05-09,2026-05-11,2026-05-16,CUS-005,MAT-019,CAR-010,RTE-029,182,50.96,Delayed,Zoll
SHP-002676,2025-01-30,2025-01-31,2025-01-31,CUS-022,MAT-057,CAR-006,RTE-021,258,1238.40,Delivered,
SHP-002677,2025-04-11,2025-04-14,2025-04-16,CUS-005,MAT-019,CAR-003,RTE-018,99,27.72,Delivered,Kapazität
SHP-002678,2025-03-17,2025-03-20,2025-03-20,CUS-027,MAT-041,CAR-009,RTE-029,313,297.35,Delivered,
SHP-002679,2025-08-12,2025-08-13,,CUS-015,MAT-034,CAR-002,RTE-020,631,12.62,Cancelled,
SHP-002680,2026-02-15,2026-02-16,2026-02-16,CUS-029,MAT-046,CAR-007,RTE-014,62,396.80,Delivered,
SHP-002681,2026-07-31,2026-08-01,2026-08-01,CUS-002,MAT-003,CAR-006,RTE-005,105,504.00,Delivered,
SHP-002682,2026-03-31,2026-04-02,2026-04-02,CUS-008,MAT-015,CAR-002,RTE-006,137,1616.60,Delivered,
SHP-002683,2025-01-10,2025-01-14,2025-01-14,CUS-003,MAT-001,CAR-009,RTE-024,109,926.50,Delivered,
SHP-002684,2025-10-17,2025-10-20,2025-10-20,CUS-011,MAT-005,CAR-008,RTE-010,234,1263.60,Delivered,
SHP-002685,2025-10-07,2025-10-10,2025-10-10,CUS-026,MAT-057,CAR-012,RTE-031,426,2044.80,Delivered,
SHP-002686,2025-08-29,2025-09-30,,CUS-025,MAT-046,CAR-012,RTE-036,79,505.60,Cancelled,
SHP-002687,2025-12-31,2026-01-02,2026-01-02,CUS-018,MAT-028,CAR-014,RTE-040,562,365.30,Delivered,
SHP-002688,2026-07-01,2026-08-05,2026-08-04,CUS-050,MAT-076,CAR-013,RTE-036,47,1786.00,Delivered,
SHP-002689,2026-07-02,2026-07-06,2026-07-06,CUS-016,MAT-023,CAR-010,RTE-030,946,141.90,Delivered,
SHP-002690,2026-01-19,2026-01-21,2026-01-20,CUS-026,MAT-045,CAR-003,RTE-009,284,34.08,Delivered,
SHP-002691,2026-02-10,2026-02-11,2026-02-11,CUS-008,MAT-005,CAR-007,RTE-017,107,577.80,Delivered,
SHP-002692,2025-12-04,2025-12-08,2025-12-11,CUS-008,MAT-010,CAR-009,RTE-026,53,980.50,Delayed,Wetter
SHP-002693,2025-02-05,2025-02-06,2025-02-06,CUS-021,MAT-053,CAR-004,RTE-001,468,243.36,Delivered,
SHP-002694,2025-07-05,2025-07-07,2025-07-07,CUS-001,MAT-002,CAR-002,RTE-013,196,1215.20,Delivered,
SHP-002695,2025-06-11,2025-06-16,2025-06-16,CUS-004,MAT-024,CAR-010,RTE-023,1471,176.52,Delivered,
SHP-002696,2026-05-26,2026-05-29,2026-05-29,CUS-036,MAT-061,CAR-009,RTE-023,11,462.00,Delivered,
SHP-002697,2025-07-30,2025-07-31,2025-07-31,CUS-007,MAT-013,CAR-004,RTE-008,204,1040.40,Delivered,
SHP-002698,2026-06-10,2026-06-11,2026-06-11,CUS-043,MAT-075,CAR-001,RTE-001,65,20.80,Delivered,
SHP-002699,2026-04-23,2026-04-25,2026-04-25,CUS-029,MAT-057,CAR-010,RTE-027,121,580.80,Delivered,
SHP-002700,2026-05-16,2026-05-18,2026-05-18,CUS-001,MAT-004,CAR-007,RTE-022,221,685.10,Delivered,
SHP-002701,2026-02-08,2026-02-09,2026-02-09,CUS-026,MAT-052,CAR-004,RTE-001,509,814.40,Delivered,
SHP-002702,2026-07-16,2026-08-20,2026-08-22,CUS-038,MAT-076,CAR-011,RTE-033,18,684.00,Delivered,Sonstiges
SHP-002703,2025-04-07,2025-04-08,2025-04-08,CUS-011,MAT-007,CAR-002,RTE-012,231,646.80,Delivered,
SHP-002704,2026-07-22,2026-07-23,2026-07-23,CUS-034,MAT-065,CAR-001,RTE-022,52,1456.00,Delivered,
SHP-002705,2026-07-03,2026-07-04,2026-07-04,CUS-022,MAT-049,CAR-006,RTE-003,487,219.15,Delivered,
SHP-002706,2025-10-06,2025-10-08,2025-10-08,CUS-001,MAT-002,CAR-015,RTE-039,180,1116.00,Delivered,
SHP-002707,2025-04-05,2025-04-07,2025-04-07,CUS-002,MAT-018,CAR-006,RTE-004,189,79.38,Delivered,
SHP-002708,2026-06-21,2026-06-23,2026-06-22,CUS-043,MAT-065,CAR-003,RTE-011,69,1932.00,Delivered,
SHP-002709,2025-12-20,2026-01-24,2026-01-24,CUS-041,MAT-068,CAR-012,RTE-033,70,1064.00,Delivered,
SHP-002710,2025-02-07,2025-02-10,2025-02-11,CUS-043,MAT-071,CAR-010,RTE-029,51,1275.00,Delivered,Wetter
SHP-002711,2026-04-26,2026-04-28,2026-04-28,CUS-043,MAT-059,CAR-010,RTE-029,3,3750.00,Delivered,
SHP-002712,2025-06-23,2025-06-25,2025-06-25,CUS-002,MAT-003,CAR-010,RTE-030,77,369.60,Delivered,
SHP-002713,2026-07-12,2026-07-14,2026-07-14,CUS-044,MAT-021,CAR-010,RTE-028,887,70.96,Delivered,
SHP-002714,2026-05-29,2026-07-01,2026-07-01,CUS-017,MAT-028,CAR-012,RTE-036,1379,896.35,Delivered,
SHP-002715,2026-06-13,2026-06-15,2026-06-15,CUS-015,MAT-021,CAR-004,RTE-012,947,75.76,Delivered,
SHP-002716,2026-06-23,2026-06-25,2026-06-25,CUS-035,MAT-068,CAR-005,RTE-013,30,456.00,Delivered,
SHP-002717,2025-09-04,2025-09-06,2025-09-10,CUS-015,MAT-033,CAR-006,RTE-010,695,20.85,Delayed,Sonstiges
SHP-002718,2026-04-22,2026-04-24,2026-04-24,CUS-006,MAT-013,CAR-003,RTE-013,110,561.00,Delivered,
SHP-002719,2025-02-05,2025-02-08,2025-02-08,CUS-026,MAT-049,CAR-009,RTE-029,213,95.85,Delivered,
SHP-002720,2025-11-16,2025-11-17,2025-11-17,CUS-042,MAT-064,CAR-007,RTE-012,32,121.60,Delivered,
SHP-002721,2025-01-01,2025-01-03,2025-01-03,CUS-015,MAT-031,CAR-007,RTE-013,1566,328.86,Delivered,
SHP-002722,2025-04-17,2025-04-19,2025-04-19,CUS-021,MAT-004,CAR-003,RTE-002,100,310.00,Delivered,
SHP-002723,2025-01-15,2025-01-17,2025-01-17,CUS-039,MAT-062,CAR-010,RTE-028,10,850.00,Delivered,
SHP-002724,2026-01-02,2026-01-05,2026-01-05,CUS-036,MAT-078,CAR-008,RTE-005,8,1480.00,Delivered,
SHP-002725,2025-11-09,2025-11-13,2025-11-13,CUS-036,MAT-067,CAR-013,RTE-035,9,495.00,Delivered,
SHP-002726,2025-07-22,2025-07-25,2025-07-25,CUS-043,MAT-074,CAR-010,RTE-025,18,15.30,Delivered,
SHP-002727,2026-02-15,2026-02-16,2026-02-16,CUS-012,MAT-020,CAR-014,RTE-037,213,1895.70,Delivered,
SHP-002728,2025-10-10,2025-10-11,2025-10-11,CUS-008,MAT-015,CAR-006,RTE-020,181,2135.80,Delivered,
SHP-002729,2026-03-15,2026-03-18,2026-03-18,CUS-015,MAT-032,CAR-014,RTE-040,1110,55.50,Delivered,
SHP-002730,2025-04-02,2025-04-04,2025-04-10,CUS-050,MAT-063,CAR-006,RTE-010,31,3.72,Delayed,Zoll
SHP-002731,2025-06-20,2025-06-23,2025-06-23,CUS-035,MAT-076,CAR-008,RTE-002,35,1330.00,Delivered,
SHP-002732,2025-09-06,2025-09-08,2025-09-08,CUS-024,MAT-035,CAR-003,RTE-014,1130,621.50,Delivered,
SHP-002733,2026-01-30,2026-01-31,2026-01-31,CUS-016,MAT-035,CAR-001,RTE-022,465,255.75,Delivered,
SHP-002734,2026-03-19,2026-03-20,2026-03-20,CUS-046,MAT-078,CAR-006,RTE-012,5,925.00,Delivered,
SHP-002735,2026-02-05,2026-02-06,2026-02-09,CUS-015,MAT-023,CAR-002,RTE-009,71,10.65,Delayed,Sonstiges
SHP-002736,2025-10-25,2025-10-27,2025-10-27,CUS-007,MAT-020,CAR-003,RTE-010,60,534.00,Delivered,
SHP-002737,2025-06-15,2025-06-18,2025-06-18,CUS-024,MAT-058,CAR-009,RTE-026,426,234.30,Delivered,
SHP-002738,2026-05-05,2026-05-07,2026-05-07,CUS-043,MAT-061,CAR-006,RTE-002,8,336.00,Delivered,
SHP-002739,2025-02-21,2025-03-25,2025-03-25,CUS-038,MAT-070,CAR-012,RTE-036,73,1226.40,Delivered,
SHP-002740,2025-11-17,2025-11-19,2025-11-19,CUS-021,MAT-041,CAR-005,RTE-019,135,128.25,Delivered,
SHP-002741,2025-04-23,2025-05-19,2025-05-19,CUS-006,MAT-019,CAR-011,RTE-032,66,18.48,Delivered,
SHP-002742,2025-07-27,2025-07-28,2025-07-28,CUS-048,MAT-068,CAR-001,RTE-022,73,1109.60,Delivered,
SHP-002743,2025-09-20,2025-09-22,2025-09-22,CUS-023,MAT-052,CAR-001,RTE-015,464,742.40,Delivered,
SHP-002744,2026-08-26,2026-08-27,2026-08-27,CUS-001,MAT-013,CAR-014,RTE-038,38,193.80,Delivered,
SHP-002745,2025-12-09,2025-12-12,2025-12-12,CUS-027,MAT-043,CAR-010,RTE-029,308,261.80,Delivered,
SHP-002746,2026-03-26,2026-03-27,2026-03-27,CUS-014,MAT-027,CAR-008,RTE-001,1358,298.76,Delivered,
SHP-002747,2025-07-03,2025-07-07,2025-07-07,CUS-034,MAT-033,CAR-009,RTE-029,514,15.42,Delivered,
SHP-002748,2025-11-30,2025-12-04,2025-12-05,CUS-014,MAT-029,CAR-009,RTE-024,926,166.68,Delivered,Wetter
SHP-002749,2026-04-15,2026-04-16,2026-04-16,CUS-001,MAT-008,CAR-001,RTE-022,86,309.60,Delivered,
SHP-002750,2026-01-03,2026-01-05,2026-01-05,CUS-020,MAT-024,CAR-006,RTE-014,1551,186.12,Delivered,
SHP-002751,2026-04-14,2026-04-15,2026-04-15,CUS-020,MAT-026,CAR-004,RTE-008,467,18.68,Delivered,
SHP-002752,2025-11-13,2025-11-15,2025-11-15,CUS-021,MAT-042,CAR-003,RTE-015,211,886.20,Delivered,
SHP-002753,2025-02-24,2025-02-26,2025-02-25,CUS-003,MAT-010,CAR-008,RTE-009,64,1184.00,Delivered,
SHP-002754,2025-05-13,2025-05-14,,CUS-028,MAT-046,CAR-007,RTE-016,334,2137.60,Cancelled,
SHP-002755,2025-02-26,2025-02-27,2025-02-26,CUS-041,MAT-062,CAR-001,RTE-001,4,340.00,Delivered,
SHP-002756,2026-04-16,2026-04-18,2026-04-18,CUS-015,MAT-034,CAR-015,RTE-040,1238,24.76,Delivered,
SHP-002757,2026-03-16,2026-03-17,2026-03-17,CUS-026,MAT-049,CAR-007,RTE-009,183,82.35,Delivered,
SHP-002758,2026-01-23,2026-01-24,2026-01-24,CUS-029,MAT-028,CAR-003,RTE-001,820,533.00,Delivered,
SHP-002759,2025-10-23,2025-10-25,2025-10-30,CUS-050,MAT-071,CAR-006,RTE-006,45,1125.00,Delayed,Zoll
SHP-002760,2025-10-30,2025-12-03,2025-12-03,CUS-029,MAT-042,CAR-012,RTE-033,456,1915.20,Delivered,
SHP-002761,2025-08-11,2025-08-13,2025-08-13,CUS-022,MAT-052,CAR-001,RTE-004,340,544.00,Delivered,
SHP-002762,2025-08-14,2025-08-16,2025-08-16,CUS-011,MAT-014,CAR-003,RTE-019,149,1847.60,Delivered,
SHP-002763,2025-08-18,2025-08-19,2025-08-19,CUS-022,MAT-069,CAR-002,RTE-016,67,1474.00,Delivered,
SHP-002764,2026-06-26,2026-06-27,2026-06-27,CUS-015,MAT-027,CAR-014,RTE-040,384,84.48,Delivered,
SHP-002765,2025-11-28,2025-12-01,2025-12-01,CUS-025,MAT-048,CAR-006,RTE-009,403,725.40,Delivered,
SHP-002766,2025-06-12,2025-06-13,2025-06-12,CUS-032,MAT-039,CAR-007,RTE-021,488,380.64,Delivered,
SHP-002767,2026-02-11,2026-02-12,2026-02-12,CUS-033,MAT-070,CAR-002,RTE-016,40,672.00,Delivered,
SHP-002768,2026-05-13,2026-05-14,2026-05-14,CUS-016,MAT-029,CAR-002,RTE-001,612,110.16,Delivered,
SHP-002769,2025-09-21,2025-09-22,2025-09-22,CUS-024,MAT-018,CAR-003,RTE-018,55,23.10,Delivered,
SHP-002770,2025-01-24,2025-02-20,2025-02-20,CUS-020,MAT-022,CAR-013,RTE-033,979,68.53,Delivered,
SHP-002771,2025-07-29,2025-07-30,2025-08-02,CUS-004,MAT-043,CAR-007,RTE-009,434,368.90,Delayed,Zoll
SHP-002772,2026-07-19,2026-07-22,2026-07-26,CUS-044,MAT-077,CAR-008,RTE-007,41,19.68,Delayed,Sonstiges
SHP-002773,2025-05-16,2025-05-19,2025-05-26,CUS-043,MAT-066,CAR-008,RTE-005,85,552.50,Delayed,Kapazität
SHP-002774,2025-03-07,2025-03-08,2025-03-09,CUS-002,MAT-019,CAR-001,RTE-003,168,47.04,Delivered,Kapazität
SHP-002775,2026-06-25,2026-06-26,2026-06-26,CUS-036,MAT-062,CAR-002,RTE-017,16,1360.00,Delivered,
SHP-002776,2026-02-16,2026-02-18,2026-02-18,CUS-043,MAT-067,CAR-004,RTE-011,16,880.00,Delivered,
SHP-002777,2025-09-25,2025-10-21,2025-10-21,CUS-049,MAT-080,CAR-013,RTE-036,65,819.00,Delivered,
SHP-002778,2026-03-13,2026-03-14,2026-03-14,CUS-016,MAT-022,CAR-007,RTE-021,285,19.95,Delivered,
SHP-002779,2025-10-26,2025-10-30,2025-10-30,CUS-036,MAT-065,CAR-009,RTE-025,82,2296.00,Delivered,
SHP-002780,2026-07-25,2026-08-25,2026-08-25,CUS-035,MAT-065,CAR-012,RTE-032,7,196.00,Delivered,
SHP-002781,2025-08-28,2025-08-30,2025-09-03,CUS-001,MAT-002,CAR-010,RTE-029,217,1345.40,Delayed,Wetter
SHP-002782,2025-07-01,2025-07-02,,CUS-027,MAT-058,CAR-004,RTE-015,436,239.80,Cancelled,
SHP-002783,2025-08-07,2025-08-09,2025-08-09,CUS-014,MAT-032,CAR-008,RTE-014,1453,72.65,Delivered,
SHP-002784,2026-06-17,2026-06-18,2026-06-18,CUS-031,MAT-053,CAR-002,RTE-001,468,243.36,Delivered,
SHP-002785,2026-04-08,2026-04-10,2026-04-10,CUS-021,MAT-044,CAR-003,RTE-003,406,32.48,Delivered,
SHP-002786,2026-01-08,2026-01-10,2026-01-09,CUS-050,MAT-076,CAR-010,RTE-028,31,1178.00,Delivered,
SHP-002787,2026-01-26,2026-01-28,2026-02-03,CUS-032,MAT-037,CAR-009,RTE-028,87,15.66,Delayed,Kapazität
SHP-002788,2025-05-31,2025-06-02,2025-06-02,CUS-001,MAT-020,CAR-009,RTE-029,70,623.00,Delivered,
SHP-002789,2026-05-12,2026-05-13,2026-05-13,CUS-050,MAT-059,CAR-005,RTE-021,1,1250.00,Delivered,
SHP-002790,2026-07-17,2026-07-18,2026-07-18,CUS-008,MAT-020,CAR-005,RTE-003,13,115.70,Delivered,
SHP-002791,2025-02-12,2025-03-17,2025-03-17,CUS-027,MAT-049,CAR-013,RTE-032,471,211.95,Delivered,
SHP-002792,2025-11-27,2025-12-01,2025-12-01,CUS-046,MAT-030,CAR-009,RTE-030,1589,143.01,Delivered,
SHP-002793,2025-08-06,2025-08-08,2025-08-08,CUS-029,MAT-041,CAR-005,RTE-011,448,425.60,Delivered,
SHP-002794,2025-07-04,2025-07-05,2025-07-05,CUS-025,MAT-043,CAR-004,RTE-005,324,275.40,Delivered,
SHP-002795,2025-08-13,2025-08-16,2025-08-16,CUS-009,MAT-015,CAR-009,RTE-024,70,826.00,Delivered,
SHP-002796,2025-11-18,2025-11-20,2025-11-20,CUS-037,MAT-078,CAR-002,RTE-010,4,740.00,Delivered,
SHP-002797,2026-06-05,2026-06-08,2026-06-08,CUS-039,MAT-068,CAR-010,RTE-024,71,1079.20,Delivered,
SHP-002798,2025-08-26,2025-08-28,2025-08-28,CUS-036,MAT-021,CAR-005,RTE-014,1271,101.68,Delivered,
SHP-002799,2025-04-06,2025-04-10,2025-04-10,CUS-043,MAT-061,CAR-013,RTE-035,15,630.00,Delivered,
SHP-002800,2025-09-01,2025-09-03,2025-09-03,CUS-043,MAT-074,CAR-007,RTE-019,21,17.85,Delivered,
SHP-002801,2025-01-15,2025-01-16,2025-01-16,CUS-015,MAT-028,CAR-005,RTE-016,1495,971.75,Delivered,
SHP-002802,2025-06-28,2025-06-30,2025-06-30,CUS-050,MAT-068,CAR-009,RTE-029,61,927.20,Delivered,
SHP-002803,2025-06-01,2025-06-02,2025-06-02,CUS-041,MAT-074,CAR-003,RTE-011,27,22.95,Delivered,
SHP-002804,2026-03-02,2026-04-01,2026-04-07,CUS-037,MAT-024,CAR-012,RTE-032,778,93.36,Delayed,Wetter
SHP-002805,2026-02-05,2026-02-06,2026-02-06,CUS-049,MAT-065,CAR-008,RTE-016,13,364.00,Delivered,
SHP-002806,2025-08-28,2025-09-01,2025-09-01,CUS-013,MAT-032,CAR-010,RTE-028,423,21.15,Delivered,
SHP-002807,2026-08-14,2026-09-19,,CUS-050,MAT-070,CAR-012,RTE-036,59,991.20,Delayed,Kapazität
SHP-002808,2026-03-24,2026-03-25,2026-03-29,CUS-018,MAT-077,CAR-003,RTE-017,31,14.88,Delayed,Sonstiges
SHP-002809,2025-06-07,2025-06-09,2025-06-11,CUS-029,MAT-039,CAR-004,RTE-019,308,240.24,Delivered,Sonstiges
SHP-002810,2026-06-26,2026-06-29,2026-06-29,CUS-044,MAT-072,CAR-008,RTE-019,75,33.75,Delivered,
SHP-002811,2025-08-31,2025-09-01,2025-08-31,CUS-001,MAT-018,CAR-001,RTE-003,52,21.84,Delivered,
SHP-002812,2025-10-09,2025-10-13,2025-10-13,CUS-031,MAT-058,CAR-008,RTE-007,324,178.20,Delivered,
SHP-002813,2026-08-27,2026-08-28,2026-09-01,CUS-045,MAT-079,CAR-008,RTE-006,5,1050.00,Delayed,Wetter
SHP-002814,2026-04-10,2026-04-13,2026-04-12,CUS-026,MAT-050,CAR-003,RTE-014,474,132.72,Delivered,
SHP-002815,2025-09-22,2025-09-24,2025-09-24,CUS-012,MAT-003,CAR-006,RTE-006,131,628.80,Delivered,
SHP-002816,2026-01-14,2026-01-19,2026-01-19,CUS-015,MAT-057,CAR-010,RTE-025,232,1113.60,Delivered,
SHP-002817,2025-12-26,2025-12-29,2025-12-29,CUS-026,MAT-054,CAR-002,RTE-010,222,22.20,Delivered,
SHP-002818,2025-08-10,2025-08-11,2025-08-11,CUS-049,MAT-078,CAR-005,RTE-019,11,2035.00,Delivered,
SHP-002819,2026-01-05,2026-01-06,2026-01-06,CUS-008,MAT-001,CAR-015,RTE-040,224,1904.00,Delivered,
SHP-002820,2026-07-04,2026-07-06,2026-07-06,CUS-039,MAT-071,CAR-001,RTE-017,74,1850.00,Delivered,
SHP-002821,2025-05-09,2025-05-10,2025-05-10,CUS-008,MAT-005,CAR-004,RTE-018,65,351.00,Delivered,
SHP-002822,2025-07-21,2025-07-23,2025-07-23,CUS-040,MAT-023,CAR-004,RTE-014,709,106.35,Delivered,
SHP-002823,2025-10-18,2025-11-17,2025-11-17,CUS-041,MAT-071,CAR-013,RTE-033,89,2225.00,Delivered,
SHP-002824,2025-08-21,2025-08-25,2025-08-25,CUS-042,MAT-071,CAR-009,RTE-023,22,550.00,Delivered,
SHP-002825,2025-04-27,2025-04-28,2025-05-01,CUS-022,MAT-056,CAR-008,RTE-014,212,3074.00,Delayed,Zoll
SHP-002826,2026-08-20,2026-08-22,2026-08-21,CUS-045,MAT-064,CAR-001,RTE-010,61,231.80,Delivered,
SHP-002827,2025-12-04,2025-12-08,2025-12-07,CUS-019,MAT-039,CAR-012,RTE-031,435,339.30,Delivered,
SHP-002828,2025-06-27,2025-06-28,2025-06-28,CUS-012,MAT-018,CAR-001,RTE-018,55,23.10,Delivered,
SHP-002829,2025-11-11,2025-12-15,2025-12-17,CUS-048,MAT-072,CAR-011,RTE-032,12,5.40,Delivered,Wetter
SHP-002830,2025-11-12,2025-11-13,2025-11-13,CUS-001,MAT-075,CAR-006,RTE-003,52,16.64,Delivered,
SHP-002831,2026-01-14,2026-01-17,2026-01-17,CUS-018,MAT-030,CAR-009,RTE-029,311,27.99,Delivered,
SHP-002832,2025-02-04,2025-02-05,2025-02-05,CUS-031,MAT-010,CAR-007,RTE-017,168,3108.00,Delivered,
SHP-002833,2026-07-04,2026-07-06,2026-07-06,CUS-019,MAT-034,CAR-006,RTE-020,262,5.24,Delivered,
SHP-002834,2026-05-29,2026-05-30,2026-05-30,CUS-041,MAT-073,CAR-002,RTE-015,10,950.00,Delivered,
SHP-002835,2025-05-03,2025-05-05,2025-05-05,CUS-013,MAT-050,CAR-007,RTE-013,229,64.12,Delivered,
SHP-002836,2025-04-16,2025-04-18,2025-04-22,CUS-026,MAT-041,CAR-003,RTE-011,505,479.75,Delayed,Wetter
SHP-002837,2025-08-23,2025-08-25,2025-08-28,CUS-038,MAT-069,CAR-008,RTE-001,61,1342.00,Delayed,Kapazität
SHP-002838,2025-09-09,2025-09-10,2025-09-10,CUS-023,MAT-006,CAR-001,RTE-017,161,193.20,Delivered,
SHP-002839,2026-06-16,2026-07-14,2026-07-14,CUS-041,MAT-066,CAR-011,RTE-032,73,474.50,Delivered,
SHP-002840,2026-01-04,2026-01-05,2026-01-05,CUS-004,MAT-011,CAR-008,RTE-002,45,324.00,Delivered,
SHP-002841,2026-01-31,2026-02-02,2026-02-02,CUS-008,MAT-009,CAR-007,RTE-017,92,174.80,Delivered,
SHP-002842,2025-01-27,2025-01-29,2025-01-29,CUS-001,MAT-061,CAR-004,RTE-010,4,168.00,Delivered,
SHP-002843,2025-01-06,2025-01-08,2025-01-08,CUS-040,MAT-066,CAR-015,RTE-038,53,344.50,Delivered,
SHP-002844,2026-08-25,2026-08-29,2026-08-30,CUS-002,MAT-018,CAR-012,RTE-031,123,51.66,Delivered,Kapazität
SHP-002845,2025-08-14,2025-08-16,2025-08-16,CUS-041,MAT-045,CAR-007,RTE-004,471,56.52,Delivered,
SHP-002846,2025-10-18,2025-11-24,2025-11-24,CUS-041,MAT-079,CAR-012,RTE-036,5,1050.00,Delivered,
SHP-002847,2025-06-11,2025-06-12,2025-06-13,CUS-031,MAT-048,CAR-008,RTE-016,420,756.00,Delivered,Kapazität
SHP-002848,2025-12-16,2025-12-17,2025-12-17,CUS-036,MAT-077,CAR-005,RTE-013,89,42.72,Delivered,
SHP-002849,2025-02-03,2025-02-05,2025-02-05,CUS-020,MAT-021,CAR-006,RTE-009,1482,118.56,Delivered,
SHP-002850,2026-02-21,2026-02-24,,CUS-044,MAT-069,CAR-009,RTE-028,53,1166.00,Cancelled,
SHP-002851,2025-04-15,2025-04-16,2025-04-16,CUS-014,MAT-021,CAR-003,RTE-021,413,33.04,Delivered,
SHP-002852,2025-10-10,2025-10-11,2025-10-11,CUS-022,MAT-057,CAR-001,RTE-003,402,1929.60,Delivered,
SHP-002853,2026-06-04,2026-06-08,2026-06-07,CUS-041,MAT-059,CAR-010,RTE-024,5,6250.00,Delivered,
SHP-002854,2026-06-04,2026-06-08,2026-06-08,CUS-010,MAT-013,CAR-009,RTE-023,127,647.70,Delivered,
SHP-002855,2026-06-25,2026-06-26,2026-06-26,CUS-004,MAT-015,CAR-004,RTE-013,34,401.20,Delivered,
SHP-002856,2026-02-05,2026-02-06,2026-02-06,CUS-037,MAT-068,CAR-004,RTE-016,52,790.40,Delivered,
SHP-002857,2025-08-31,2025-09-01,2025-09-01,CUS-050,MAT-063,CAR-008,RTE-004,78,9.36,Delivered,
SHP-002858,2025-08-24,2025-08-26,2025-08-26,CUS-037,MAT-078,CAR-001,RTE-002,15,2775.00,Delivered,
SHP-002859,2025-03-23,2025-03-25,2025-03-25,CUS-022,MAT-048,CAR-001,RTE-018,278,500.40,Delivered,
SHP-002860,2025-07-24,2025-07-26,2025-07-26,CUS-026,MAT-048,CAR-010,RTE-028,214,385.20,Delivered,
SHP-002861,2026-03-12,2026-03-17,2026-03-25,CUS-006,MAT-002,CAR-011,RTE-035,117,725.40,Delayed,Wetter
SHP-002862,2026-03-01,2026-03-03,2026-03-03,CUS-006,MAT-055,CAR-003,RTE-007,345,3208.50,Delivered,
SHP-002863,2026-03-27,2026-03-28,2026-03-28,CUS-011,MAT-013,CAR-007,RTE-017,103,525.30,Delivered,
SHP-002864,2026-08-06,2026-08-08,2026-08-13,CUS-022,MAT-041,CAR-006,RTE-009,269,255.55,Delayed,Zoll
SHP-002865,2025-06-07,2025-06-09,2025-06-08,CUS-030,MAT-043,CAR-001,RTE-012,433,368.05,Delivered,
SHP-002866,2025-12-27,2026-01-01,2026-01-01,CUS-033,MAT-069,CAR-013,RTE-031,62,1364.00,Delivered,
SHP-002867,2025-05-21,2025-05-22,2025-05-22,CUS-016,MAT-036,CAR-014,RTE-037,1410,535.80,Delivered,
SHP-002868,2025-01-26,2025-01-28,2025-01-27,CUS-018,MAT-023,CAR-004,RTE-011,328,49.20,Delivered,
SHP-002869,2025-08-21,2025-08-25,2025-08-25,CUS-015,MAT-013,CAR-009,RTE-028,55,280.50,Delivered,
SHP-002870,2025-09-19,2025-09-22,2025-09-22,CUS-005,MAT-015,CAR-014,RTE-039,66,778.80,Delivered,
SHP-002871,2026-04-28,2026-04-30,2026-05-05,CUS-015,MAT-023,CAR-007,RTE-005,1010,151.50,Delayed,Wetter
SHP-002872,2025-11-20,2025-11-21,2025-11-21,CUS-008,MAT-001,CAR-007,RTE-017,165,1402.50,Delivered,
SHP-002873,2025-08-02,2025-08-04,2025-08-03,CUS-006,MAT-019,CAR-008,RTE-015,86,24.08,Delivered,
SHP-002874,2025-09-16,2025-10-20,2025-10-20,CUS-005,MAT-002,CAR-012,RTE-033,31,192.20,Delivered,
SHP-002875,2025-07-10,2025-07-11,2025-07-11,CUS-048,MAT-071,CAR-008,RTE-011,6,150.00,Delivered,
SHP-002876,2025-06-19,2025-06-23,2025-06-23,CUS-017,MAT-033,CAR-009,RTE-025,48,1.44,Delivered,
SHP-002877,2026-05-11,2026-05-13,2026-05-17,CUS-013,MAT-029,CAR-008,RTE-002,570,102.60,Delayed,Kapazität
SHP-002878,2026-01-02,2026-01-05,2026-01-04,CUS-002,MAT-019,CAR-001,RTE-003,35,9.80,Delivered,
SHP-002879,2026-02-03,2026-02-05,2026-02-04,CUS-032,MAT-042,CAR-002,RTE-006,197,827.40,Delivered,
SHP-002880,2025-05-13,2025-05-15,2025-05-14,CUS-031,MAT-058,CAR-009,RTE-028,246,135.30,Delivered,
SHP-002881,2025-10-07,2025-10-11,2025-10-10,CUS-026,MAT-056,CAR-009,RTE-024,306,4437.00,Delivered,
SHP-002882,2026-05-12,2026-05-14,2026-05-13,CUS-020,MAT-026,CAR-009,RTE-028,388,15.52,Delivered,
SHP-002883,2025-07-14,2025-07-17,2025-07-17,CUS-036,MAT-064,CAR-009,RTE-027,6,22.80,Delivered,
SHP-002884,2025-09-26,2025-09-29,2025-09-29,CUS-019,MAT-027,CAR-010,RTE-027,51,11.22,Delivered,
SHP-002885,2026-02-11,2026-02-12,2026-02-12,CUS-001,MAT-002,CAR-008,RTE-020,86,533.20,Delivered,
SHP-002886,2025-04-14,2025-04-15,2025-04-19,CUS-026,MAT-056,CAR-006,RTE-003,505,7322.50,Delayed,Kapazität
SHP-002887,2025-07-03,2025-07-25,2025-07-25,CUS-045,MAT-078,CAR-011,RTE-034,4,740.00,Delivered,
SHP-002888,2025-11-28,2025-12-02,2025-12-02,CUS-008,MAT-001,CAR-011,RTE-031,63,535.50,Delivered,
SHP-002889,2026-03-22,2026-03-23,2026-03-23,CUS-039,MAT-066,CAR-002,RTE-018,22,143.00,Delivered,
SHP-002890,2026-08-30,2026-08-31,2026-08-31,CUS-014,MAT-033,CAR-005,RTE-003,60,1.80,Delivered,
SHP-002891,2025-01-31,2025-02-03,2025-02-03,CUS-050,MAT-064,CAR-004,RTE-014,66,250.80,Delivered,
SHP-002892,2025-12-08,2026-01-12,2026-01-12,CUS-047,MAT-079,CAR-012,RTE-036,6,1260.00,Delivered,
SHP-002893,2025-10-18,2025-10-20,2025-10-19,CUS-024,MAT-074,CAR-001,RTE-005,28,23.80,Delivered,
SHP-002894,2025-01-16,2025-01-20,2025-01-20,CUS-013,MAT-022,CAR-015,RTE-039,1584,110.88,Delivered,
SHP-002895,2025-07-13,2025-07-14,2025-07-14,CUS-008,MAT-005,CAR-004,RTE-006,119,642.60,Delivered,
SHP-002896,2026-08-04,2026-08-07,2026-08-07,CUS-035,MAT-074,CAR-015,RTE-040,35,29.75,Delivered,
SHP-002897,2026-07-10,2026-07-11,2026-07-11,CUS-028,MAT-054,CAR-005,RTE-017,122,12.20,Delivered,
SHP-002898,2026-02-13,2026-02-14,2026-02-14,CUS-023,MAT-053,CAR-002,RTE-002,204,106.08,Delivered,
SHP-002899,2026-03-28,2026-03-30,2026-03-30,CUS-004,MAT-012,CAR-007,RTE-003,156,1060.80,Delivered,
SHP-002900,2025-10-30,2025-11-03,2025-11-03,CUS-016,MAT-035,CAR-014,RTE-039,46,25.30,Delivered,
SHP-002901,2026-01-22,2026-01-23,2026-01-23,CUS-028,MAT-046,CAR-005,RTE-022,125,800.00,Delivered,
SHP-002902,2026-07-12,2026-07-13,2026-07-13,CUS-036,MAT-061,CAR-007,RTE-001,3,126.00,Delivered,
SHP-002903,2025-08-11,2025-08-12,2025-08-12,CUS-038,MAT-064,CAR-005,RTE-012,30,114.00,Delivered,
SHP-002904,2026-04-10,2026-05-18,2026-05-18,CUS-018,MAT-043,CAR-011,RTE-033,493,419.05,Delivered,
SHP-002905,2025-01-09,2025-01-10,2025-01-12,CUS-017,MAT-034,CAR-006,RTE-012,1543,30.86,Delivered,Wetter
SHP-002906,2026-05-02,2026-05-21,2026-05-28,CUS-007,MAT-014,CAR-013,RTE-034,230,2852.00,Delayed,Kapazität
SHP-002907,2025-02-17,2025-02-18,2025-02-18,CUS-035,MAT-076,CAR-001,RTE-017,85,3230.00,Delivered,
SHP-002908,2025-04-09,2025-05-16,2025-05-21,CUS-049,MAT-073,CAR-011,RTE-036,4,380.00,Delayed,Kapazität
SHP-002909,2025-07-24,2025-08-30,2025-08-29,CUS-022,MAT-052,CAR-011,RTE-032,512,819.20,Delivered,
SHP-002910,2025-10-08,2025-10-09,2025-10-09,CUS-001,MAT-013,CAR-001,RTE-008,208,1060.80,Delivered,
SHP-002911,2025-09-29,2025-09-30,2025-09-30,CUS-001,MAT-018,CAR-002,RTE-001,103,43.26,Delivered,
SHP-002912,2025-03-06,2025-03-07,2025-03-06,CUS-006,MAT-010,CAR-001,RTE-009,42,777.00,Delivered,
SHP-002913,2026-04-17,2026-04-18,2026-04-18,CUS-032,MAT-051,CAR-002,RTE-021,314,973.40,Delivered,
SHP-002914,2025-11-15,2025-11-17,2025-11-16,CUS-001,MAT-001,CAR-003,RTE-021,193,1640.50,Delivered,
SHP-002915,2025-01-11,2025-01-13,2025-01-13,CUS-022,MAT-001,CAR-001,RTE-013,36,306.00,Delivered,
SHP-002916,2026-08-30,2026-08-31,2026-08-31,CUS-050,MAT-068,CAR-006,RTE-016,22,334.40,Delivered,
SHP-002917,2026-05-07,2026-05-08,2026-05-08,CUS-039,MAT-073,CAR-004,RTE-003,17,1615.00,Delivered,
SHP-002918,2025-11-03,2025-11-22,2025-11-25,CUS-048,MAT-076,CAR-012,RTE-034,53,2014.00,Delayed,Zoll
SHP-002919,2025-10-23,2025-10-25,2025-10-25,CUS-006,MAT-018,CAR-002,RTE-019,212,89.04,Delivered,
SHP-002920,2025-09-25,2025-09-27,2025-09-27,CUS-001,MAT-019,CAR-006,RTE-011,214,59.92,Delivered,
SHP-002921,2026-08-16,2026-08-20,2026-08-27,CUS-043,MAT-062,CAR-009,RTE-023,10,850.00,Delayed,Kapazität
SHP-002922,2025-12-28,2025-12-29,2025-12-29,CUS-006,MAT-011,CAR-002,RTE-020,171,1231.20,Delivered,
SHP-002923,2025-10-18,2025-10-20,2025-10-26,CUS-001,MAT-010,CAR-005,RTE-008,152,2812.00,Delayed,Zoll
SHP-002924,2026-08-10,2026-08-11,2026-08-11,CUS-016,MAT-035,CAR-006,RTE-002,767,421.85,Delivered,
SHP-002925,2026-04-15,2026-04-18,2026-04-17,CUS-002,MAT-012,CAR-010,RTE-028,76,516.80,Delivered,
SHP-002926,2026-08-12,2026-08-14,2026-08-14,CUS-039,MAT-077,CAR-009,RTE-030,88,42.24,Delivered,
SHP-002927,2026-03-02,2026-03-14,,CUS-041,MAT-060,CAR-013,RTE-034,41,754.40,Cancelled,
SHP-002928,2025-03-18,2025-03-20,2025-03-19,CUS-039,MAT-061,CAR-014,RTE-038,12,504.00,Delivered,
SHP-002929,2025-11-30,2025-12-03,2025-12-03,CUS-049,MAT-010,CAR-009,RTE-029,77,1424.50,Delivered,
SHP-002930,2025-09-27,2025-09-29,2025-09-29,CUS-015,MAT-036,CAR-005,RTE-009,275,104.50,Delivered,
SHP-002931,2026-02-18,2026-02-19,2026-02-19,CUS-023,MAT-006,CAR-006,RTE-002,209,250.80,Delivered,
SHP-002932,2025-06-23,2025-06-25,2025-06-27,CUS-043,MAT-075,CAR-010,RTE-030,33,10.56,Delivered,Kapazität
SHP-002933,2025-11-17,2025-11-18,2025-11-18,CUS-026,MAT-051,CAR-007,RTE-020,317,982.70,Delivered,
SHP-002934,2025-03-10,2025-03-11,2025-03-11,CUS-015,MAT-062,CAR-002,RTE-022,10,850.00,Delivered,
SHP-002935,2025-08-30,2025-09-01,2025-09-01,CUS-047,MAT-070,CAR-002,RTE-004,66,1108.80,Delivered,
SHP-002936,2025-10-30,2025-10-31,2025-11-02,CUS-039,MAT-063,CAR-007,RTE-013,48,5.76,Delivered,Wetter
SHP-002937,2026-05-30,2026-06-01,2026-06-01,CUS-011,MAT-045,CAR-001,RTE-003,351,42.12,Delivered,
SHP-002938,2025-04-02,2025-04-03,2025-04-03,CUS-013,MAT-027,CAR-003,RTE-002,1422,312.84,Delivered,
SHP-002939,2025-12-23,2026-01-26,2026-01-26,CUS-040,MAT-066,CAR-013,RTE-033,23,149.50,Delivered,
SHP-002940,2026-01-21,2026-01-22,2026-01-21,CUS-021,MAT-047,CAR-005,RTE-020,400,540.00,Delivered,
SHP-002941,2025-04-19,2025-04-21,2025-04-20,CUS-015,MAT-031,CAR-004,RTE-011,300,63.00,Delivered,
SHP-002942,2025-05-08,2025-05-10,2025-05-10,CUS-006,MAT-019,CAR-010,RTE-027,42,11.76,Delivered,
SHP-002943,2025-08-09,2025-09-12,2025-09-20,CUS-042,MAT-065,CAR-013,RTE-036,27,756.00,Delayed,Wetter
SHP-002944,2025-08-26,2025-08-29,2025-08-29,CUS-016,MAT-023,CAR-010,RTE-030,309,46.35,Delivered,
SHP-002945,2025-06-28,2025-06-30,2025-06-30,CUS-025,MAT-046,CAR-005,RTE-009,149,953.60,Delivered,
SHP-002946,2025-12-15,2026-01-10,2026-01-10,CUS-002,MAT-076,CAR-012,RTE-032,64,2432.00,Delivered,
SHP-002947,2026-02-15,2026-02-16,2026-02-19,CUS-023,MAT-054,CAR-007,RTE-021,34,3.40,Delayed,Wetter
SHP-002948,2026-01-17,2026-01-19,2026-01-24,CUS-001,MAT-012,CAR-006,RTE-012,31,210.80,Delayed,Kapazität
SHP-002949,2025-01-25,2025-02-27,2025-03-02,CUS-043,MAT-063,CAR-011,RTE-036,24,2.88,Delayed,Zoll
SHP-002950,2025-09-02,2025-09-06,2025-09-06,CUS-036,MAT-062,CAR-011,RTE-031,10,850.00,Delivered,
SHP-002951,2026-03-05,2026-03-06,2026-03-06,CUS-027,MAT-041,CAR-003,RTE-019,242,229.90,Delivered,
SHP-002952,2026-04-10,2026-04-13,2026-04-13,CUS-014,MAT-029,CAR-005,RTE-010,1496,269.28,Delivered,
SHP-002953,2025-07-13,2025-08-04,2025-08-07,CUS-044,MAT-065,CAR-013,RTE-034,24,672.00,Delayed,Wetter
SHP-002954,2025-09-15,2025-09-16,2025-09-20,CUS-048,MAT-059,CAR-008,RTE-020,2,2500.00,Delayed,Zoll
SHP-002955,2025-09-12,2025-09-15,2025-09-15,CUS-036,MAT-067,CAR-015,RTE-039,12,660.00,Delivered,
SHP-002956,2026-05-12,2026-05-14,2026-05-17,CUS-026,MAT-037,CAR-006,RTE-005,391,70.38,Delayed,Kapazität
SHP-002957,2026-08-01,2026-08-03,2026-08-03,CUS-035,MAT-070,CAR-008,RTE-017,59,991.20,Delivered,
SHP-002958,2026-08-28,2026-08-29,2026-09-01,CUS-032,MAT-045,CAR-007,RTE-008,123,14.76,Delayed,Zoll
SHP-002959,2025-01-11,2025-01-13,2025-01-12,CUS-031,MAT-055,CAR-001,RTE-012,24,223.20,Delivered,
SHP-002960,2025-12-28,2025-12-30,2025-12-30,CUS-010,MAT-009,CAR-015,RTE-040,210,399.00,Delivered,
SHP-002961,2025-01-05,2025-01-06,2025-01-06,CUS-003,MAT-016,CAR-003,RTE-001,151,1434.50,Delivered,
SHP-002962,2025-06-08,2025-06-09,2025-06-09,CUS-034,MAT-070,CAR-002,RTE-020,35,588.00,Delivered,
SHP-002963,2026-08-19,2026-08-21,2026-08-21,CUS-010,MAT-003,CAR-009,RTE-028,183,878.40,Delivered,
SHP-002964,2025-01-16,2025-01-18,2025-01-18,CUS-031,MAT-037,CAR-004,RTE-014,54,9.72,Delivered,
SHP-002965,2025-06-16,2025-06-18,2025-06-17,CUS-032,MAT-004,CAR-003,RTE-009,187,579.70,Delivered,
SHP-002966,2025-03-24,2025-03-26,2025-03-27,CUS-013,MAT-056,CAR-015,RTE-040,252,3654.00,Delivered,Wetter
SHP-002967,2026-06-28,2026-06-30,2026-07-03,CUS-042,MAT-076,CAR-007,RTE-014,14,532.00,Delayed,Sonstiges
SHP-002968,2025-10-03,2025-10-04,2025-10-04,CUS-006,MAT-001,CAR-005,RTE-017,97,824.50,Delivered,
SHP-002969,2025-02-03,2025-02-07,2025-02-07,CUS-036,MAT-059,CAR-009,RTE-024,2,2500.00,Delivered,
SHP-002970,2026-07-12,2026-07-15,2026-07-15,CUS-035,MAT-064,CAR-009,RTE-028,23,87.40,Delivered,
SHP-002971,2026-03-07,2026-03-09,2026-03-09,CUS-034,MAT-080,CAR-006,RTE-002,24,302.40,Delivered,
SHP-002972,2026-05-01,2026-06-08,2026-06-08,CUS-010,MAT-007,CAR-011,RTE-033,191,534.80,Delivered,
SHP-002973,2026-04-03,2026-04-06,2026-04-05,CUS-001,MAT-018,CAR-010,RTE-029,144,60.48,Delivered,
SHP-002974,2025-07-14,2025-07-15,2025-07-20,CUS-038,MAT-050,CAR-008,RTE-005,282,78.96,Delayed,Kapazität
SHP-002975,2025-07-07,2025-07-08,2025-07-08,CUS-031,MAT-051,CAR-008,RTE-003,473,1466.30,Delivered,
SHP-002976,2026-08-23,2026-09-23,,CUS-035,MAT-063,CAR-013,RTE-033,75,9.00,Cancelled,
SHP-002977,2025-02-21,2025-02-24,2025-02-24,CUS-022,MAT-052,CAR-003,RTE-007,453,724.80,Delivered,
SHP-002978,2026-04-25,2026-04-27,2026-04-27,CUS-050,MAT-077,CAR-007,RTE-002,26,12.48,Delivered,
SHP-002979,2025-04-19,2025-05-16,,CUS-025,MAT-049,CAR-013,RTE-032,26,11.70,Cancelled,
SHP-002980,2025-03-25,2025-04-21,2025-04-25,CUS-040,MAT-075,CAR-013,RTE-033,24,7.68,Delayed,Kapazität
SHP-002981,2026-05-16,2026-06-12,2026-06-13,CUS-001,MAT-001,CAR-013,RTE-033,112,952.00,Delivered,Sonstiges
SHP-002982,2025-09-22,2025-09-24,2025-09-24,CUS-011,MAT-003,CAR-010,RTE-026,40,192.00,Delivered,
SHP-002983,2026-05-11,2026-05-12,2026-05-16,CUS-027,MAT-058,CAR-007,RTE-015,401,220.55,Delayed,Wetter
SHP-002984,2025-01-26,2025-01-27,2025-01-31,CUS-015,MAT-029,CAR-015,RTE-038,608,109.44,Delayed,Kapazität
SHP-002985,2026-02-19,2026-02-21,2026-02-21,CUS-050,MAT-068,CAR-004,RTE-018,54,820.80,Delivered,
SHP-002986,2026-04-05,2026-04-08,2026-04-08,CUS-009,MAT-052,CAR-010,RTE-027,215,344.00,Delivered,
SHP-002987,2025-11-21,2025-11-22,2025-11-27,CUS-008,MAT-016,CAR-002,RTE-009,168,1596.00,Delayed,Kapazität
SHP-002988,2025-03-02,2025-03-03,2025-03-03,CUS-026,MAT-043,CAR-005,RTE-022,93,79.05,Delivered,
SHP-002989,2025-01-13,2025-01-15,2025-01-15,CUS-043,MAT-064,CAR-007,RTE-019,21,79.80,Delivered,
SHP-002990,2026-07-19,2026-07-20,2026-07-20,CUS-001,MAT-017,CAR-003,RTE-012,26,9.10,Delivered,
SHP-002991,2025-12-16,2025-12-17,2025-12-23,CUS-037,MAT-071,CAR-003,RTE-010,79,1975.00,Delayed,Kapazität
SHP-002992,2026-04-12,2026-04-13,2026-04-13,CUS-016,MAT-033,CAR-008,RTE-022,802,24.06,Delivered,
SHP-002993,2025-11-17,2025-11-18,2025-11-18,CUS-043,MAT-071,CAR-001,RTE-012,49,1225.00,Delivered,
SHP-002994,2025-12-30,2025-12-31,2025-12-31,CUS-016,MAT-026,CAR-001,RTE-012,1103,44.12,Delivered,
SHP-002995,2025-01-05,2025-01-06,2025-01-05,CUS-025,MAT-048,CAR-001,RTE-009,375,675.00,Delivered,
SHP-002996,2025-12-03,2025-12-04,2025-12-04,CUS-045,MAT-076,CAR-002,RTE-022,41,1558.00,Delivered,
SHP-002997,2026-05-10,2026-05-11,2026-05-11,CUS-015,MAT-034,CAR-002,RTE-002,566,11.32,Delivered,
SHP-002998,2025-03-20,2025-03-21,2025-03-24,CUS-010,MAT-008,CAR-008,RTE-001,213,766.80,Delayed,Wetter
SHP-002999,2026-03-12,2026-03-14,2026-03-16,CUS-014,MAT-031,CAR-003,RTE-011,354,74.34,Delivered,Wetter
SHP-003000,2025-02-24,2025-02-25,2025-02-25,CUS-022,MAT-045,CAR-002,RTE-017,514,61.68,Delivered,
